case_id,court_id,case_type,filed_date,disposed_date,status,reported_days,quality_flag,quality_reason,waiting_days,duration_mismatch,is_open,days_open,filed_month,filed_quarter,disposed_month,age_band,overdue,court_name,region,court_type
001001,01,Youth,2026-06-22,,Active,,False,,,False,True,71.0,2026-06,2026Q2,,0-3 months,False,Northbridge District Court,Northern,District
001002,04,Family,2025-07-07,,Active,,False,,,False,True,421.0,2025-07,2025Q3,,12+ months,True,Riverton District Court,Central,District
001003,10,Family,2025-11-29,,Active,,False,,,False,True,276.0,2025-11,2025Q4,,3-12 months,False,Fernbay District Court,Southern,District
001004,01,Family,2024-09-01,2025-01-24,Disposed,145.0,False,,145.0,False,False,,2024-09,2024Q3,2025-01,,False,Northbridge District Court,Northern,District
001005,01,Family,2026-06-22,,Active,,False,,,False,True,71.0,2026-06,2026Q2,,0-3 months,False,Northbridge District Court,Northern,District
001006,09,Criminal,2026-03-19,2026-06-20,Disposed,93.0,False,,93.0,False,False,,2026-03,2026Q1,2026-06,,False,Southgate District Court,Southern,District
001007,06,Criminal,2025-01-27,2025-04-22,Disposed,85.0,False,,85.0,False,False,,2025-01,2025Q1,2025-04,,False,Central Plains High Court,Central,High
001008,05,Family,2025-10-31,,Active,,False,,,False,True,305.0,2025-10,2025Q4,,3-12 months,False,Mistvale District Court,Central,District
001009,04,Criminal,2025-11-30,2026-05-07,Disposed,158.0,False,,158.0,False,False,,2025-11,2025Q4,2026-05,,False,Riverton District Court,Central,District
001010,07,Youth,2026-03-26,,Active,,False,,,False,True,159.0,2026-03,2026Q1,,3-12 months,False,Eastfield District Court,Eastern,District
001011,08,Civil,2025-04-11,2025-08-22,Disposed,133.0,False,,133.0,False,False,,2025-04,2025Q2,2025-08,,False,Cape Lawson District Court,Eastern,District
001012,06,Family,2025-11-04,,Active,,False,,,False,True,301.0,2025-11,2025Q4,,3-12 months,False,Central Plains High Court,Central,High
001013,07,Criminal,2025-11-03,2026-06-21,Disposed,230.0,False,,230.0,False,False,,2025-11,2025Q4,2026-06,,False,Eastfield District Court,Eastern,District
001014,03,Criminal,2025-10-25,2026-03-02,Disposed,128.0,False,,128.0,False,False,,2025-10,2025Q4,2026-03,,False,Harbourview High Court,Northern,High
001015,02,Family,2025-10-16,2026-01-10,Disposed,86.0,False,,86.0,False,False,,2025-10,2025Q4,2026-01,,False,Kauri Point District Court,Northern,District
001016,05,Civil,2024-08-04,2024-12-22,Disposed,140.0,False,,140.0,False,False,,2024-08,2024Q3,2024-12,,False,Mistvale District Court,Central,District
001017,06,Family,2025-02-09,2025-07-11,Disposed,152.0,False,,152.0,False,False,,2025-02,2025Q1,2025-07,,False,Central Plains High Court,Central,High
001018,01,Civil,2025-05-02,2025-05-19,Disposed,17.0,False,,17.0,False,False,,2025-05,2025Q2,2025-05,,False,Northbridge District Court,Northern,District
001019,07,Criminal,2025-11-17,,Active,,False,,,False,True,288.0,2025-11,2025Q4,,3-12 months,False,Eastfield District Court,Eastern,District
001020,05,Family,2024-07-28,2025-06-26,Disposed,333.0,False,,333.0,False,False,,2024-07,2024Q3,2025-06,,False,Mistvale District Court,Central,District
001021,07,Criminal,2025-11-25,2026-08-18,Disposed,266.0,False,,266.0,False,False,,2025-11,2025Q4,2026-08,,False,Eastfield District Court,Eastern,District
001022,11,Civil,2026-03-22,2026-06-07,Disposed,77.0,False,,77.0,False,False,,2026-03,2026Q1,2026-06,,False,Southern Ranges High Court,Southern,High
001023,08,Youth,2025-05-08,2025-10-04,Disposed,149.0,False,,149.0,False,False,,2025-05,2025Q2,2025-10,,False,Cape Lawson District Court,Eastern,District
001024,11,Criminal,2026-01-21,2026-07-16,Disposed,176.0,False,,176.0,False,False,,2026-01,2026Q1,2026-07,,False,Southern Ranges High Court,Southern,High
001025,04,Family,2026-04-07,,Active,,False,,,False,True,147.0,2026-04,2026Q2,,3-12 months,False,Riverton District Court,Central,District
001026,01,Criminal,2025-08-19,2025-10-02,Disposed,44.0,False,,44.0,False,False,,2025-08,2025Q3,2025-10,,False,Northbridge District Court,Northern,District
001027,02,Civil,2026-05-11,,Active,,False,,,False,True,113.0,2026-05,2026Q2,,3-12 months,False,Kauri Point District Court,Northern,District
001028,11,Family,2026-01-22,,Active,,False,,,False,True,222.0,2026-01,2026Q1,,3-12 months,False,Southern Ranges High Court,Southern,High
001029,04,Family,2026-02-19,2026-08-28,Disposed,190.0,False,,190.0,False,False,,2026-02,2026Q1,2026-08,,False,Riverton District Court,Central,District
001030,08,Youth,2025-08-29,2025-09-29,Disposed,31.0,False,,31.0,False,False,,2025-08,2025Q3,2025-09,,False,Cape Lawson District Court,Eastern,District
001031,05,Family,2024-10-06,2025-07-08,Disposed,275.0,False,,275.0,False,False,,2024-10,2024Q4,2025-07,,False,Mistvale District Court,Central,District
001032,03,Family,2026-02-17,2026-07-16,Disposed,149.0,False,,149.0,False,False,,2026-02,2026Q1,2026-07,,False,Harbourview High Court,Northern,High
001033,10,Civil,2025-06-19,2025-08-19,Disposed,61.0,False,,61.0,False,False,,2025-06,2025Q2,2025-08,,False,Fernbay District Court,Southern,District
001034,12,Civil,2024-07-20,2025-01-11,Disposed,175.0,False,,175.0,False,False,,2024-07,2024Q3,2025-01,,False,Willow Creek District Court,Southern,District
001035,12,Criminal,2025-10-16,2026-04-04,Disposed,170.0,False,,170.0,False,False,,2025-10,2025Q4,2026-04,,False,Willow Creek District Court,Southern,District
001036,10,Youth,2025-08-16,2025-10-24,Disposed,69.0,False,,69.0,False,False,,2025-08,2025Q3,2025-10,,False,Fernbay District Court,Southern,District
001037,05,Family,2026-01-29,,Active,,False,,,False,True,215.0,2026-01,2026Q1,,3-12 months,False,Mistvale District Court,Central,District
001038,01,Civil,2026-05-10,,Active,,False,,,False,True,114.0,2026-05,2026Q2,,3-12 months,False,Northbridge District Court,Northern,District
001039,04,Youth,2027-03-13,2025-10-18,Disposed,128.0,True,disposed before filed,-511.0,True,False,,2027-03,2027Q1,2025-10,,False,Riverton District Court,Central,District
001040,09,Youth,2026-01-20,2026-02-22,Disposed,33.0,False,,33.0,False,False,,2026-01,2026Q1,2026-02,,False,Southgate District Court,Southern,District
001041,08,Youth,2025-06-09,2026-03-20,Disposed,284.0,False,,284.0,False,False,,2025-06,2025Q2,2026-03,,False,Cape Lawson District Court,Eastern,District
001042,07,Family,2025-10-11,2026-02-27,Disposed,139.0,False,,139.0,False,False,,2025-10,2025Q4,2026-02,,False,Eastfield District Court,Eastern,District
001043,09,Criminal,2025-12-01,2026-04-13,Disposed,133.0,False,,133.0,False,False,,2025-12,2025Q4,2026-04,,False,Southgate District Court,Southern,District
001044,07,Family,2025-11-20,2026-07-11,Disposed,233.0,False,,233.0,False,False,,2025-11,2025Q4,2026-07,,False,Eastfield District Court,Eastern,District
001045,11,Civil,2025-07-18,2026-01-14,Disposed,180.0,False,,180.0,False,False,,2025-07,2025Q3,2026-01,,False,Southern Ranges High Court,Southern,High
001046,04,Criminal,2024-07-18,2024-08-19,Disposed,32.0,False,,32.0,False,False,,2024-07,2024Q3,2024-08,,False,Riverton District Court,Central,District
001047,07,Youth,2026-03-24,2026-05-20,Disposed,57.0,False,,57.0,False,False,,2026-03,2026Q1,2026-05,,False,Eastfield District Court,Eastern,District
001048,08,Civil,2024-08-09,2025-05-15,Disposed,279.0,False,,279.0,False,False,,2024-08,2024Q3,2025-05,,False,Cape Lawson District Court,Eastern,District
001049,01,Civil,2026-06-14,,Active,,False,,,False,True,79.0,2026-06,2026Q2,,0-3 months,False,Northbridge District Court,Northern,District
001050,02,Family,2026-05-30,,Active,,False,,,False,True,94.0,2026-05,2026Q2,,3-12 months,False,Kauri Point District Court,Northern,District
001051,10,Criminal,2025-10-18,2026-01-21,Disposed,95.0,False,,95.0,False,False,,2025-10,2025Q4,2026-01,,False,Fernbay District Court,Southern,District
001052,06,Family,2025-08-19,2026-08-06,Disposed,352.0,False,,352.0,False,False,,2025-08,2025Q3,2026-08,,False,Central Plains High Court,Central,High
001053,03,Criminal,2024-11-07,2025-03-02,Disposed,115.0,False,,115.0,False,False,,2024-11,2024Q4,2025-03,,False,Harbourview High Court,Northern,High
001054,04,Family,2026-05-27,,Active,,False,,,False,True,97.0,2026-05,2026Q2,,3-12 months,False,Riverton District Court,Central,District
001055,08,Civil,2025-05-08,2025-11-07,Disposed,183.0,False,,183.0,False,False,,2025-05,2025Q2,2025-11,,False,Cape Lawson District Court,Eastern,District
001056,07,Civil,2025-04-08,2026-06-14,Disposed,432.0,False,,432.0,False,False,,2025-04,2025Q2,2026-06,,False,Eastfield District Court,Eastern,District
001057,10,Criminal,2025-05-25,2026-01-09,Disposed,229.0,False,,229.0,False,False,,2025-05,2025Q2,2026-01,,False,Fernbay District Court,Southern,District
001058,09,Criminal,2024-10-24,2025-01-10,Disposed,78.0,False,,78.0,False,False,,2024-10,2024Q4,2025-01,,False,Southgate District Court,Southern,District
001059,10,Family,2024-10-21,2025-03-06,Disposed,136.0,False,,136.0,False,False,,2024-10,2024Q4,2025-03,,False,Fernbay District Court,Southern,District
001060,09,Civil,2025-01-16,2025-03-28,Disposed,71.0,False,,71.0,False,False,,2025-01,2025Q1,2025-03,,False,Southgate District Court,Southern,District
001061,10,Family,2026-06-15,,Active,,False,,,False,True,78.0,2026-06,2026Q2,,0-3 months,False,Fernbay District Court,Southern,District
001062,12,Youth,2026-03-11,2026-04-06,Disposed,26.0,False,,26.0,False,False,,2026-03,2026Q1,2026-04,,False,Willow Creek District Court,Southern,District
001063,05,Youth,2025-03-13,2025-08-28,Disposed,168.0,False,,168.0,False,False,,2025-03,2025Q1,2025-08,,False,Mistvale District Court,Central,District
001064,02,Civil,2024-09-26,2025-04-24,Disposed,210.0,False,,210.0,False,False,,2024-09,2024Q3,2025-04,,False,Kauri Point District Court,Northern,District
001065,03,Family,2024-08-21,2024-12-04,Disposed,105.0,False,,105.0,False,False,,2024-08,2024Q3,2024-12,,False,Harbourview High Court,Northern,High
001066,05,Civil,2024-08-07,2025-07-16,Disposed,343.0,False,,343.0,False,False,,2024-08,2024Q3,2025-07,,False,Mistvale District Court,Central,District
001067,07,Criminal,2024-10-30,2025-04-03,Disposed,155.0,False,,155.0,False,False,,2024-10,2024Q4,2025-04,,False,Eastfield District Court,Eastern,District
001068,03,Family,2026-05-10,,Active,,False,,,False,True,114.0,2026-05,2026Q2,,3-12 months,False,Harbourview High Court,Northern,High
001069,03,Family,2026-04-28,,Active,,False,,,False,True,126.0,2026-04,2026Q2,,3-12 months,False,Harbourview High Court,Northern,High
001070,06,Criminal,2025-08-07,,Active,,False,,,False,True,390.0,2025-08,2025Q3,,12+ months,True,Central Plains High Court,Central,High
001071,06,Criminal,2024-07-08,2024-08-27,Disposed,50.0,False,,50.0,False,False,,2024-07,2024Q3,2024-08,,False,Central Plains High Court,Central,High
001072,02,Youth,2025-02-23,2025-05-28,Disposed,94.0,False,,94.0,False,False,,2025-02,2025Q1,2025-05,,False,Kauri Point District Court,Northern,District
001073,07,Civil,2026-06-23,,Active,,False,,,False,True,70.0,2026-06,2026Q2,,0-3 months,False,Eastfield District Court,Eastern,District
001074,03,Civil,2024-11-26,2025-04-12,Disposed,137.0,False,,137.0,False,False,,2024-11,2024Q4,2025-04,,False,Harbourview High Court,Northern,High
001075,09,Youth,2025-06-17,2025-08-07,Disposed,51.0,False,,51.0,False,False,,2025-06,2025Q2,2025-08,,False,Southgate District Court,Southern,District
001076,07,Family,2024-10-14,2025-06-05,Disposed,234.0,False,,234.0,False,False,,2024-10,2024Q4,2025-06,,False,Eastfield District Court,Eastern,District
001077,05,Family,2024-12-14,2025-12-06,Disposed,357.0,False,,357.0,False,False,,2024-12,2024Q4,2025-12,,False,Mistvale District Court,Central,District
001078,10,Family,2024-08-27,2024-12-23,Disposed,118.0,False,,118.0,False,False,,2024-08,2024Q3,2024-12,,False,Fernbay District Court,Southern,District
001079,04,Criminal,2025-06-01,2025-07-07,Disposed,36.0,False,,36.0,False,False,,2025-06,2025Q2,2025-07,,False,Riverton District Court,Central,District
001080,07,Family,2025-08-11,2026-05-26,Disposed,288.0,False,,288.0,False,False,,2025-08,2025Q3,2026-05,,False,Eastfield District Court,Eastern,District
001081,01,Family,2024-10-26,2024-11-26,Disposed,31.0,False,,31.0,False,False,,2024-10,2024Q4,2024-11,,False,Northbridge District Court,Northern,District
001082,06,Family,2024-07-10,2024-09-28,Disposed,80.0,False,,80.0,False,False,,2024-07,2024Q3,2024-09,,False,Central Plains High Court,Central,High
001083,03,Criminal,2025-10-06,2025-11-23,Disposed,48.0,False,,48.0,False,False,,2025-10,2025Q4,2025-11,,False,Harbourview High Court,Northern,High
001084,01,Family,2025-08-16,2025-10-14,Disposed,59.0,False,,59.0,False,False,,2025-08,2025Q3,2025-10,,False,Northbridge District Court,Northern,District
001085,12,Civil,2024-07-19,2024-12-04,Disposed,138.0,False,,138.0,False,False,,2024-07,2024Q3,2024-12,,False,Willow Creek District Court,Southern,District
001086,07,Civil,2025-02-21,2025-06-18,Disposed,117.0,False,,117.0,False,False,,2025-02,2025Q1,2025-06,,False,Eastfield District Court,Eastern,District
001087,01,Civil,2024-10-24,2025-10-05,Disposed,346.0,False,,346.0,False,False,,2024-10,2024Q4,2025-10,,False,Northbridge District Court,Northern,District
001088,09,Criminal,2025-08-01,2025-11-26,Disposed,117.0,False,,117.0,False,False,,2025-08,2025Q3,2025-11,,False,Southgate District Court,Southern,District
001089,06,Civil,2025-11-15,,Active,,False,,,False,True,290.0,2025-11,2025Q4,,3-12 months,False,Central Plains High Court,Central,High
001090,05,Criminal,2024-08-15,2024-11-02,Disposed,79.0,False,,79.0,False,False,,2024-08,2024Q3,2024-11,,False,Mistvale District Court,Central,District
001091,10,Family,2024-08-26,2025-01-28,Disposed,155.0,False,,155.0,False,False,,2024-08,2024Q3,2025-01,,False,Fernbay District Court,Southern,District
001092,09,Criminal,2026-04-16,2026-07-30,Disposed,105.0,False,,105.0,False,False,,2026-04,2026Q2,2026-07,,False,Southgate District Court,Southern,District
001093,01,Family,2025-05-09,2026-02-06,Disposed,273.0,False,,273.0,False,False,,2025-05,2025Q2,2026-02,,False,Northbridge District Court,Northern,District
001094,09,Civil,2026-06-03,,Active,,False,,,False,True,90.0,2026-06,2026Q2,,0-3 months,False,Southgate District Court,Southern,District
001095,05,Civil,2024-09-07,2025-04-14,Disposed,219.0,False,,219.0,False,False,,2024-09,2024Q3,2025-04,,False,Mistvale District Court,Central,District
001096,11,Family,2026-04-14,,Active,,False,,,False,True,140.0,2026-04,2026Q2,,3-12 months,False,Southern Ranges High Court,Southern,High
001097,09,Family,2025-01-12,2025-10-22,Disposed,283.0,False,,283.0,False,False,,2025-01,2025Q1,2025-10,,False,Southgate District Court,Southern,District
001098,12,Civil,2024-12-15,2025-09-05,Disposed,264.0,False,,264.0,False,False,,2024-12,2024Q4,2025-09,,False,Willow Creek District Court,Southern,District
001099,12,Youth,2025-01-08,2025-03-11,Disposed,62.0,False,,62.0,False,False,,2025-01,2025Q1,2025-03,,False,Willow Creek District Court,Southern,District
001100,05,Criminal,2026-06-07,,Active,,False,,,False,True,86.0,2026-06,2026Q2,,0-3 months,False,Mistvale District Court,Central,District
001101,12,Civil,2024-09-24,2024-11-26,Disposed,63.0,False,,63.0,False,False,,2024-09,2024Q3,2024-11,,False,Willow Creek District Court,Southern,District
001102,11,Civil,2024-12-05,2025-02-07,Disposed,64.0,False,,64.0,False,False,,2024-12,2024Q4,2025-02,,False,Southern Ranges High Court,Southern,High
001103,03,Civil,2026-05-20,,Active,,False,,,False,True,104.0,2026-05,2026Q2,,3-12 months,False,Harbourview High Court,Northern,High
001104,05,Civil,2024-11-01,2025-05-02,Disposed,182.0,False,,182.0,False,False,,2024-11,2024Q4,2025-05,,False,Mistvale District Court,Central,District
001105,09,Family,2026-01-26,2026-04-17,Disposed,,False,,81.0,False,False,,2026-01,2026Q1,2026-04,,False,Southgate District Court,Southern,District
001106,09,Civil,2024-08-18,2025-04-14,Disposed,239.0,False,,239.0,False,False,,2024-08,2024Q3,2025-04,,False,Southgate District Court,Southern,District
001107,10,Youth,2025-05-27,2025-06-30,Disposed,34.0,False,,34.0,False,False,,2025-05,2025Q2,2025-06,,False,Fernbay District Court,Southern,District
001108,04,Civil,2025-09-26,2026-05-04,Disposed,220.0,False,,220.0,False,False,,2025-09,2025Q3,2026-05,,False,Riverton District Court,Central,District
001109,02,Criminal,2025-06-29,2025-08-06,Disposed,38.0,False,,38.0,False,False,,2025-06,2025Q2,2025-08,,False,Kauri Point District Court,Northern,District
001110,11,Family,2026-06-13,,Active,,False,,,False,True,80.0,2026-06,2026Q2,,0-3 months,False,Southern Ranges High Court,Southern,High
001111,09,Civil,2026-06-26,,Active,,False,,,False,True,67.0,2026-06,2026Q2,,0-3 months,False,Southgate District Court,Southern,District
001112,06,Family,2025-05-20,2025-12-17,Disposed,211.0,False,,211.0,False,False,,2025-05,2025Q2,2025-12,,False,Central Plains High Court,Central,High
001113,11,Civil,2025-12-13,2026-07-11,Disposed,210.0,False,,210.0,False,False,,2025-12,2025Q4,2026-07,,False,Southern Ranges High Court,Southern,High
001114,06,Youth,2025-03-09,,Active,,False,,,False,True,541.0,2025-03,2025Q1,,12+ months,True,Central Plains High Court,Central,High
001115,06,Family,2024-07-05,2025-10-26,Disposed,478.0,False,,478.0,False,False,,2024-07,2024Q3,2025-10,,False,Central Plains High Court,Central,High
001116,05,Criminal,2025-08-21,2025-07-11,Disposed,206.0,True,disposed before filed,-41.0,True,False,,2025-08,2025Q3,2025-07,,False,Mistvale District Court,Central,District
001117,02,Criminal,2025-07-26,2025-10-22,Disposed,88.0,False,,88.0,False,False,,2025-07,2025Q3,2025-10,,False,Kauri Point District Court,Northern,District
001118,07,Criminal,2025-01-02,2025-04-24,Disposed,112.0,False,,112.0,False,False,,2025-01,2025Q1,2025-04,,False,Eastfield District Court,Eastern,District
001119,06,Criminal,2024-11-06,2024-12-20,Disposed,44.0,False,,44.0,False,False,,2024-11,2024Q4,2024-12,,False,Central Plains High Court,Central,High
001120,04,Civil,2025-01-17,2025-07-25,Disposed,189.0,False,,189.0,False,False,,2025-01,2025Q1,2025-07,,False,Riverton District Court,Central,District
001121,06,Criminal,2026-03-21,,Active,,False,,,False,True,164.0,2026-03,2026Q1,,3-12 months,False,Central Plains High Court,Central,High
001122,09,Criminal,2025-05-18,2025-07-18,Disposed,61.0,False,,61.0,False,False,,2025-05,2025Q2,2025-07,,False,Southgate District Court,Southern,District
001123,01,Family,2025-08-27,,Active,,False,,,False,True,370.0,2025-08,2025Q3,,12+ months,True,Northbridge District Court,Northern,District
001124,11,Family,2025-02-07,2026-03-31,Disposed,417.0,False,,417.0,False,False,,2025-02,2025Q1,2026-03,,False,Southern Ranges High Court,Southern,High
001125,04,Criminal,2025-07-03,,Active,,False,,,False,True,425.0,2025-07,2025Q3,,12+ months,True,Riverton District Court,Central,District
001126,06,Criminal,2024-07-11,2024-10-29,Disposed,110.0,False,,110.0,False,False,,2024-07,2024Q3,2024-10,,False,Central Plains High Court,Central,High
001127,10,Youth,2026-05-11,2026-07-02,Disposed,52.0,False,,52.0,False,False,,2026-05,2026Q2,2026-07,,False,Fernbay District Court,Southern,District
001128,06,Criminal,2026-05-03,2026-06-13,Disposed,41.0,False,,41.0,False,False,,2026-05,2026Q2,2026-06,,False,Central Plains High Court,Central,High
001129,09,Family,2025-11-12,2026-07-22,Disposed,252.0,False,,252.0,False,False,,2025-11,2025Q4,2026-07,,False,Southgate District Court,Southern,District
001130,03,Family,2025-07-09,2025-10-01,Disposed,84.0,False,,84.0,False,False,,2025-07,2025Q3,2025-10,,False,Harbourview High Court,Northern,High
001131,08,Youth,2025-09-14,2025-12-26,Disposed,103.0,False,,103.0,False,False,,2025-09,2025Q3,2025-12,,False,Cape Lawson District Court,Eastern,District
001132,10,Family,2026-05-05,,Active,,False,,,False,True,119.0,2026-05,2026Q2,,3-12 months,False,Fernbay District Court,Southern,District
001133,07,Civil,2024-12-10,2025-08-21,Disposed,254.0,False,,254.0,False,False,,2024-12,2024Q4,2025-08,,False,Eastfield District Court,Eastern,District
001134,06,Criminal,2025-03-21,2025-06-07,Disposed,78.0,False,,78.0,False,False,,2025-03,2025Q1,2025-06,,False,Central Plains High Court,Central,High
001135,07,Criminal,2026-06-10,,Active,,False,,,False,True,83.0,2026-06,2026Q2,,0-3 months,False,Eastfield District Court,Eastern,District
001136,08,Civil,2025-05-17,2026-05-27,Disposed,375.0,False,,375.0,False,False,,2025-05,2025Q2,2026-05,,False,Cape Lawson District Court,Eastern,District
001137,11,Family,2024-07-21,2024-12-13,Disposed,145.0,False,,145.0,False,False,,2024-07,2024Q3,2024-12,,False,Southern Ranges High Court,Southern,High
001138,03,Criminal,2024-11-04,2025-01-16,Disposed,73.0,False,,73.0,False,False,,2024-11,2024Q4,2025-01,,False,Harbourview High Court,Northern,High
001139,10,Family,2024-09-21,2025-04-03,Disposed,194.0,False,,194.0,False,False,,2024-09,2024Q3,2025-04,,False,Fernbay District Court,Southern,District
001140,11,Civil,2024-10-21,2024-12-30,Disposed,70.0,False,,70.0,False,False,,2024-10,2024Q4,2024-12,,False,Southern Ranges High Court,Southern,High
001141,09,Family,2026-06-21,,Active,,False,,,False,True,72.0,2026-06,2026Q2,,0-3 months,False,Southgate District Court,Southern,District
001142,09,Criminal,2024-10-08,,Active,,False,,,False,True,693.0,2024-10,2024Q4,,12+ months,True,Southgate District Court,Southern,District
001143,10,Criminal,2026-05-08,,Active,,False,,,False,True,116.0,2026-05,2026Q2,,3-12 months,False,Fernbay District Court,Southern,District
001144,11,Family,2025-01-01,2025-10-24,Disposed,296.0,False,,296.0,False,False,,2025-01,2025Q1,2025-10,,False,Southern Ranges High Court,Southern,High
001145,12,Criminal,2024-09-21,2024-11-15,Disposed,55.0,False,,55.0,False,False,,2024-09,2024Q3,2024-11,,False,Willow Creek District Court,Southern,District
001146,02,Criminal,2025-07-31,2025-11-04,Disposed,96.0,False,,96.0,False,False,,2025-07,2025Q3,2025-11,,False,Kauri Point District Court,Northern,District
001147,06,Family,2025-11-02,2026-01-01,Disposed,60.0,False,,60.0,False,False,,2025-11,2025Q4,2026-01,,False,Central Plains High Court,Central,High
001148,08,Criminal,2026-03-12,2026-07-22,Disposed,132.0,False,,132.0,False,False,,2026-03,2026Q1,2026-07,,False,Cape Lawson District Court,Eastern,District
001149,11,Family,2026-02-12,,Active,,False,,,False,True,201.0,2026-02,2026Q1,,3-12 months,False,Southern Ranges High Court,Southern,High
001150,04,Criminal,2025-06-03,2025-09-14,Disposed,103.0,False,,103.0,False,False,,2025-06,2025Q2,2025-09,,False,Riverton District Court,Central,District
001151,08,Criminal,2025-08-03,2026-02-16,Disposed,197.0,False,,197.0,False,False,,2025-08,2025Q3,2026-02,,False,Cape Lawson District Court,Eastern,District
001152,08,Criminal,2026-04-15,,Active,,False,,,False,True,139.0,2026-04,2026Q2,,3-12 months,False,Cape Lawson District Court,Eastern,District
001153,04,Criminal,2026-01-01,2026-04-27,Disposed,116.0,False,,116.0,False,False,,2026-01,2026Q1,2026-04,,False,Riverton District Court,Central,District
001154,07,Criminal,2024-08-22,2024-10-12,Disposed,51.0,False,,51.0,False,False,,2024-08,2024Q3,2024-10,,False,Eastfield District Court,Eastern,District
001155,08,Criminal,2026-04-12,,Active,,False,,,False,True,142.0,2026-04,2026Q2,,3-12 months,False,Cape Lawson District Court,Eastern,District
001156,04,Family,2024-09-15,2025-07-27,Disposed,315.0,False,,315.0,False,False,,2024-09,2024Q3,2025-07,,False,Riverton District Court,Central,District
001157,02,Family,2026-05-11,2026-07-15,Disposed,65.0,False,,65.0,False,False,,2026-05,2026Q2,2026-07,,False,Kauri Point District Court,Northern,District
001158,02,Youth,2025-11-03,2026-04-16,Disposed,164.0,False,,164.0,False,False,,2025-11,2025Q4,2026-04,,False,Kauri Point District Court,Northern,District
001159,01,Criminal,2026-05-15,2026-07-17,Disposed,63.0,False,,63.0,False,False,,2026-05,2026Q2,2026-07,,False,Northbridge District Court,Northern,District
001160,08,Youth,2025-11-12,2026-03-05,Disposed,113.0,False,,113.0,False,False,,2025-11,2025Q4,2026-03,,False,Cape Lawson District Court,Eastern,District
001161,04,Civil,2024-08-16,2025-05-01,Disposed,,False,,258.0,False,False,,2024-08,2024Q3,2025-05,,False,Riverton District Court,Central,District
001162,09,Civil,2026-05-07,,Active,,False,,,False,True,117.0,2026-05,2026Q2,,3-12 months,False,Southgate District Court,Southern,District
001163,02,Criminal,2024-07-20,2024-09-14,Disposed,56.0,False,,56.0,False,False,,2024-07,2024Q3,2024-09,,False,Kauri Point District Court,Northern,District
001164,03,Criminal,2024-12-02,2025-02-13,Disposed,73.0,False,,73.0,False,False,,2024-12,2024Q4,2025-02,,False,Harbourview High Court,Northern,High
001165,05,Criminal,2026-05-30,,Active,,False,,,False,True,94.0,2026-05,2026Q2,,3-12 months,False,Mistvale District Court,Central,District
001166,07,Criminal,2025-03-28,2025-06-12,Disposed,76.0,False,,76.0,False,False,,2025-03,2025Q1,2025-06,,False,Eastfield District Court,Eastern,District
001167,10,Youth,2024-10-08,2024-12-07,Disposed,60.0,False,,60.0,False,False,,2024-10,2024Q4,2024-12,,False,Fernbay District Court,Southern,District
001168,03,Criminal,2025-02-27,2025-05-19,Disposed,81.0,False,,81.0,False,False,,2025-02,2025Q1,2025-05,,False,Harbourview High Court,Northern,High
001169,12,Civil,2025-02-06,2025-03-24,Disposed,46.0,False,,46.0,False,False,,2025-02,2025Q1,2025-03,,False,Willow Creek District Court,Southern,District
001170,11,Family,2024-09-09,2024-10-25,Disposed,46.0,False,,46.0,False,False,,2024-09,2024Q3,2024-10,,False,Southern Ranges High Court,Southern,High
001171,08,Civil,2024-07-08,2025-05-13,Disposed,309.0,False,,309.0,False,False,,2024-07,2024Q3,2025-05,,False,Cape Lawson District Court,Eastern,District
001172,12,Criminal,2025-05-26,2025-11-26,Disposed,184.0,False,,184.0,False,False,,2025-05,2025Q2,2025-11,,False,Willow Creek District Court,Southern,District
001173,11,Civil,2025-09-19,2026-03-18,Disposed,180.0,False,,180.0,False,False,,2025-09,2025Q3,2026-03,,False,Southern Ranges High Court,Southern,High
001174,09,Civil,2025-11-25,,Active,,False,,,False,True,280.0,2025-11,2025Q4,,3-12 months,False,Southgate District Court,Southern,District
001175,10,Civil,2025-11-14,2026-02-04,Disposed,82.0,False,,82.0,False,False,,2025-11,2025Q4,2026-02,,False,Fernbay District Court,Southern,District
001176,01,Youth,2026-02-17,2026-03-09,Disposed,20.0,False,,20.0,False,False,,2026-02,2026Q1,2026-03,,False,Northbridge District Court,Northern,District
001177,04,Criminal,2024-10-06,2025-01-07,Disposed,93.0,False,,93.0,False,False,,2024-10,2024Q4,2025-01,,False,Riverton District Court,Central,District
001178,11,Youth,2025-07-10,2026-05-04,Disposed,298.0,False,,298.0,False,False,,2025-07,2025Q3,2026-05,,False,Southern Ranges High Court,Southern,High
001179,08,Family,2025-06-27,2026-06-11,Disposed,349.0,False,,349.0,False,False,,2025-06,2025Q2,2026-06,,False,Cape Lawson District Court,Eastern,District
001180,04,Civil,2024-09-06,2025-02-17,Disposed,164.0,False,,164.0,False,False,,2024-09,2024Q3,2025-02,,False,Riverton District Court,Central,District
001181,04,Civil,2024-07-23,2025-02-03,Disposed,195.0,False,,195.0,False,False,,2024-07,2024Q3,2025-02,,False,Riverton District Court,Central,District
001182,01,Criminal,2025-05-25,,Active,,False,,,False,True,464.0,2025-05,2025Q2,,12+ months,True,Northbridge District Court,Northern,District
001183,12,Criminal,2026-04-14,2026-07-09,Disposed,86.0,False,,86.0,False,False,,2026-04,2026Q2,2026-07,,False,Willow Creek District Court,Southern,District
001184,02,Family,2025-10-06,2025-12-22,Disposed,77.0,False,,77.0,False,False,,2025-10,2025Q4,2025-12,,False,Kauri Point District Court,Northern,District
001185,02,Civil,2024-12-11,2025-03-04,Disposed,83.0,False,,83.0,False,False,,2024-12,2024Q4,2025-03,,False,Kauri Point District Court,Northern,District
001186,03,Family,2025-12-17,,Active,,False,,,False,True,258.0,2025-12,2025Q4,,3-12 months,False,Harbourview High Court,Northern,High
001187,06,Family,2025-01-28,2025-05-21,Disposed,113.0,False,,113.0,False,False,,2025-01,2025Q1,2025-05,,False,Central Plains High Court,Central,High
001188,12,Criminal,2024-08-08,2024-09-27,Disposed,50.0,False,,50.0,False,False,,2024-08,2024Q3,2024-09,,False,Willow Creek District Court,Southern,District
001189,10,Criminal,2025-10-21,,Active,,False,,,False,True,315.0,2025-10,2025Q4,,3-12 months,False,Fernbay District Court,Southern,District
001190,02,Criminal,2026-06-21,2026-08-14,Disposed,54.0,False,,54.0,False,False,,2026-06,2026Q2,2026-08,,False,Kauri Point District Court,Northern,District
001191,08,Civil,2026-03-07,,Active,,False,,,False,True,178.0,2026-03,2026Q1,,3-12 months,False,Cape Lawson District Court,Eastern,District
001192,11,Family,2026-03-25,2026-06-02,Disposed,69.0,False,,69.0,False,False,,2026-03,2026Q1,2026-06,,False,Southern Ranges High Court,Southern,High
001193,11,Criminal,2026-06-13,,Active,,False,,,False,True,80.0,2026-06,2026Q2,,0-3 months,False,Southern Ranges High Court,Southern,High
001194,02,Civil,2025-11-16,2026-03-20,Disposed,124.0,False,,124.0,False,False,,2025-11,2025Q4,2026-03,,False,Kauri Point District Court,Northern,District
001195,04,Youth,2024-11-19,2025-01-05,Disposed,47.0,False,,47.0,False,False,,2024-11,2024Q4,2025-01,,False,Riverton District Court,Central,District
001196,01,Civil,2026-06-07,2026-08-18,Disposed,72.0,False,,72.0,False,False,,2026-06,2026Q2,2026-08,,False,Northbridge District Court,Northern,District
001197,08,Youth,2025-03-04,2025-06-26,Disposed,114.0,False,,114.0,False,False,,2025-03,2025Q1,2025-06,,False,Cape Lawson District Court,Eastern,District
001198,09,Youth,2026-05-17,2026-08-14,Disposed,89.0,False,,89.0,False,False,,2026-05,2026Q2,2026-08,,False,Southgate District Court,Southern,District
001199,12,Civil,2025-04-24,2025-08-19,Disposed,117.0,False,,117.0,False,False,,2025-04,2025Q2,2025-08,,False,Willow Creek District Court,Southern,District
001200,05,Civil,2025-05-17,2025-10-29,Disposed,165.0,False,,165.0,False,False,,2025-05,2025Q2,2025-10,,False,Mistvale District Court,Central,District
001201,08,Civil,2025-09-18,2026-03-05,Disposed,168.0,False,,168.0,False,False,,2025-09,2025Q3,2026-03,,False,Cape Lawson District Court,Eastern,District
001202,12,Criminal,2025-02-03,2025-08-20,Disposed,,False,,198.0,False,False,,2025-02,2025Q1,2025-08,,False,Willow Creek District Court,Southern,District
001203,10,Family,2024-09-20,2025-03-06,Disposed,167.0,False,,167.0,False,False,,2024-09,2024Q3,2025-03,,False,Fernbay District Court,Southern,District
001204,06,Criminal,2024-11-25,2025-02-20,Disposed,87.0,False,,87.0,False,False,,2024-11,2024Q4,2025-02,,False,Central Plains High Court,Central,High
001205,01,Youth,2025-03-22,2025-08-01,Disposed,132.0,False,,132.0,False,False,,2025-03,2025Q1,2025-08,,False,Northbridge District Court,Northern,District
001206,06,Youth,2025-06-28,2025-09-08,Disposed,72.0,False,,72.0,False,False,,2025-06,2025Q2,2025-09,,False,Central Plains High Court,Central,High
001207,11,Family,2026-02-24,2026-07-21,Disposed,147.0,False,,147.0,False,False,,2026-02,2026Q1,2026-07,,False,Southern Ranges High Court,Southern,High
001208,08,Civil,2025-12-12,2026-08-10,Disposed,241.0,False,,241.0,False,False,,2025-12,2025Q4,2026-08,,False,Cape Lawson District Court,Eastern,District
001209,12,Civil,2025-07-16,,Active,,False,,,False,True,412.0,2025-07,2025Q3,,12+ months,True,Willow Creek District Court,Southern,District
001210,11,Family,2025-02-25,2025-09-18,Disposed,205.0,False,,205.0,False,False,,2025-02,2025Q1,2025-09,,False,Southern Ranges High Court,Southern,High
001211,10,Criminal,2024-11-05,2025-02-24,Disposed,111.0,False,,111.0,False,False,,2024-11,2024Q4,2025-02,,False,Fernbay District Court,Southern,District
001212,08,Criminal,2026-04-15,,Active,,False,,,False,True,139.0,2026-04,2026Q2,,3-12 months,False,Cape Lawson District Court,Eastern,District
001213,07,Youth,2025-03-04,2025-07-04,Disposed,122.0,False,,122.0,False,False,,2025-03,2025Q1,2025-07,,False,Eastfield District Court,Eastern,District
001214,12,Criminal,2026-04-18,2026-06-03,Disposed,46.0,False,,46.0,False,False,,2026-04,2026Q2,2026-06,,False,Willow Creek District Court,Southern,District
001215,08,Civil,2025-09-03,2026-06-24,Disposed,,False,,294.0,False,False,,2025-09,2025Q3,2026-06,,False,Cape Lawson District Court,Eastern,District
001216,10,Civil,2026-03-19,2026-06-01,Disposed,74.0,False,,74.0,False,False,,2026-03,2026Q1,2026-06,,False,Fernbay District Court,Southern,District
001217,02,Family,2025-08-30,2026-05-06,Disposed,249.0,False,,249.0,False,False,,2025-08,2025Q3,2026-05,,False,Kauri Point District Court,Northern,District
001218,12,Youth,2025-12-03,2026-03-30,Disposed,117.0,False,,117.0,False,False,,2025-12,2025Q4,2026-03,,False,Willow Creek District Court,Southern,District
001219,02,Family,2025-05-14,2025-09-11,Disposed,120.0,False,,120.0,False,False,,2025-05,2025Q2,2025-09,,False,Kauri Point District Court,Northern,District
001220,04,Civil,2024-10-26,2025-03-06,Disposed,131.0,False,,131.0,False,False,,2024-10,2024Q4,2025-03,,False,Riverton District Court,Central,District
001221,07,Criminal,2025-04-23,2025-07-12,Disposed,80.0,False,,80.0,False,False,,2025-04,2025Q2,2025-07,,False,Eastfield District Court,Eastern,District
001222,07,Youth,2024-11-08,2025-02-01,Disposed,85.0,False,,85.0,False,False,,2024-11,2024Q4,2025-02,,False,Eastfield District Court,Eastern,District
001223,06,Criminal,2026-05-06,,Active,,False,,,False,True,118.0,2026-05,2026Q2,,3-12 months,False,Central Plains High Court,Central,High
001224,12,Civil,2026-06-23,,Active,,False,,,False,True,70.0,2026-06,2026Q2,,0-3 months,False,Willow Creek District Court,Southern,District
001225,03,Family,2026-02-02,2026-04-23,Disposed,80.0,False,,80.0,False,False,,2026-02,2026Q1,2026-04,,False,Harbourview High Court,Northern,High
001226,08,Civil,2025-10-30,,Active,,False,,,False,True,306.0,2025-10,2025Q4,,3-12 months,False,Cape Lawson District Court,Eastern,District
001227,11,Family,2024-12-21,2025-06-19,Disposed,180.0,False,,180.0,False,False,,2024-12,2024Q4,2025-06,,False,Southern Ranges High Court,Southern,High
001228,01,Youth,2024-10-25,2025-02-18,Disposed,116.0,False,,116.0,False,False,,2024-10,2024Q4,2025-02,,False,Northbridge District Court,Northern,District
001229,04,Youth,2025-11-24,2026-02-11,Disposed,79.0,False,,79.0,False,False,,2025-11,2025Q4,2026-02,,False,Riverton District Court,Central,District
001230,05,Youth,2026-03-24,,Active,,False,,,False,True,161.0,2026-03,2026Q1,,3-12 months,False,Mistvale District Court,Central,District
001231,06,Criminal,2025-06-04,2025-09-16,Disposed,104.0,False,,104.0,False,False,,2025-06,2025Q2,2025-09,,False,Central Plains High Court,Central,High
001232,12,Criminal,2024-11-29,2025-07-17,Disposed,230.0,False,,230.0,False,False,,2024-11,2024Q4,2025-07,,False,Willow Creek District Court,Southern,District
001233,05,Criminal,2025-03-18,,Active,,False,,,False,True,532.0,2025-03,2025Q1,,12+ months,True,Mistvale District Court,Central,District
001234,11,Criminal,2026-05-23,,Active,,False,,,False,True,101.0,2026-05,2026Q2,,3-12 months,False,Southern Ranges High Court,Southern,High
001235,05,Family,2025-12-11,,Active,,False,,,False,True,264.0,2025-12,2025Q4,,3-12 months,False,Mistvale District Court,Central,District
001236,11,Civil,2026-02-24,2026-04-16,Disposed,51.0,False,,51.0,False,False,,2026-02,2026Q1,2026-04,,False,Southern Ranges High Court,Southern,High
001237,12,Criminal,2024-08-10,2024-09-21,Disposed,42.0,False,,42.0,False,False,,2024-08,2024Q3,2024-09,,False,Willow Creek District Court,Southern,District
001238,08,Youth,2026-02-24,2026-07-20,Disposed,146.0,False,,146.0,False,False,,2026-02,2026Q1,2026-07,,False,Cape Lawson District Court,Eastern,District
001239,10,Criminal,2024-11-25,2025-07-28,Disposed,245.0,False,,245.0,False,False,,2024-11,2024Q4,2025-07,,False,Fernbay District Court,Southern,District
001240,12,Family,2025-06-05,2025-07-21,Disposed,46.0,False,,46.0,False,False,,2025-06,2025Q2,2025-07,,False,Willow Creek District Court,Southern,District
001241,02,Civil,2025-10-27,2025-12-28,Disposed,62.0,False,,62.0,False,False,,2025-10,2025Q4,2025-12,,False,Kauri Point District Court,Northern,District
001242,04,Family,2024-11-25,2025-07-07,Disposed,224.0,False,,224.0,False,False,,2024-11,2024Q4,2025-07,,False,Riverton District Court,Central,District
001243,06,Civil,2026-06-04,,Active,,False,,,False,True,89.0,2026-06,2026Q2,,0-3 months,False,Central Plains High Court,Central,High
001244,07,Civil,2026-02-13,2026-06-03,Disposed,110.0,False,,110.0,False,False,,2026-02,2026Q1,2026-06,,False,Eastfield District Court,Eastern,District
001245,03,Family,2025-06-29,2025-10-02,Disposed,95.0,False,,95.0,False,False,,2025-06,2025Q2,2025-10,,False,Harbourview High Court,Northern,High
001246,10,Criminal,2025-04-05,2025-08-02,Disposed,119.0,False,,119.0,False,False,,2025-04,2025Q2,2025-08,,False,Fernbay District Court,Southern,District
001247,12,Criminal,2025-05-20,2025-08-09,Disposed,81.0,False,,81.0,False,False,,2025-05,2025Q2,2025-08,,False,Willow Creek District Court,Southern,District
001248,10,Youth,2025-07-25,2025-10-08,Disposed,75.0,False,,75.0,False,False,,2025-07,2025Q3,2025-10,,False,Fernbay District Court,Southern,District
001249,02,Civil,2025-01-26,2025-05-12,Disposed,106.0,False,,106.0,False,False,,2025-01,2025Q1,2025-05,,False,Kauri Point District Court,Northern,District
001250,04,Criminal,2024-11-12,2025-03-06,Disposed,114.0,False,,114.0,False,False,,2024-11,2024Q4,2025-03,,False,Riverton District Court,Central,District
001251,02,Family,2026-04-29,,Active,,False,,,False,True,125.0,2026-04,2026Q2,,3-12 months,False,Kauri Point District Court,Northern,District
001252,05,Criminal,2025-11-26,,Active,,False,,,False,True,279.0,2025-11,2025Q4,,3-12 months,False,Mistvale District Court,Central,District
001253,07,Family,2024-07-29,2025-01-17,Disposed,172.0,False,,172.0,False,False,,2024-07,2024Q3,2025-01,,False,Eastfield District Court,Eastern,District
001254,08,Family,2025-12-16,2026-07-27,Disposed,223.0,False,,223.0,False,False,,2025-12,2025Q4,2026-07,,False,Cape Lawson District Court,Eastern,District
001255,01,Civil,2025-10-28,2026-04-09,Disposed,163.0,False,,163.0,False,False,,2025-10,2025Q4,2026-04,,False,Northbridge District Court,Northern,District
001256,02,Criminal,2024-08-21,2024-11-29,Disposed,100.0,False,,100.0,False,False,,2024-08,2024Q3,2024-11,,False,Kauri Point District Court,Northern,District
001257,01,Criminal,2026-05-03,,Active,,False,,,False,True,121.0,2026-05,2026Q2,,3-12 months,False,Northbridge District Court,Northern,District
001258,12,Family,2025-12-25,2026-03-28,Disposed,93.0,False,,93.0,False,False,,2025-12,2025Q4,2026-03,,False,Willow Creek District Court,Southern,District
001259,10,Criminal,2024-10-08,2024-11-02,Disposed,25.0,False,,25.0,False,False,,2024-10,2024Q4,2024-11,,False,Fernbay District Court,Southern,District
001260,11,Youth,2024-11-26,2025-02-18,Disposed,84.0,False,,84.0,False,False,,2024-11,2024Q4,2025-02,,False,Southern Ranges High Court,Southern,High
001261,09,Criminal,2025-01-23,2025-08-09,Disposed,198.0,False,,198.0,False,False,,2025-01,2025Q1,2025-08,,False,Southgate District Court,Southern,District
001262,07,Youth,2024-12-18,2025-02-18,Disposed,62.0,False,,62.0,False,False,,2024-12,2024Q4,2025-02,,False,Eastfield District Court,Eastern,District
001263,12,Family,2025-06-25,2026-07-01,Disposed,371.0,False,,371.0,False,False,,2025-06,2025Q2,2026-07,,False,Willow Creek District Court,Southern,District
001264,07,Family,2026-01-18,,Active,,False,,,False,True,226.0,2026-01,2026Q1,,3-12 months,False,Eastfield District Court,Eastern,District
001265,10,Civil,2025-03-01,2026-04-30,Disposed,425.0,False,,425.0,False,False,,2025-03,2025Q1,2026-04,,False,Fernbay District Court,Southern,District
001266,08,Civil,2025-01-15,2026-02-15,Disposed,406.0,False,,396.0,True,False,,2025-01,2025Q1,2026-02,,False,Cape Lawson District Court,Eastern,District
001267,03,Criminal,2026-02-01,,Active,,False,,,False,True,212.0,2026-02,2026Q1,,3-12 months,False,Harbourview High Court,Northern,High
001268,06,Family,2026-01-19,2026-03-17,Disposed,57.0,False,,57.0,False,False,,2026-01,2026Q1,2026-03,,False,Central Plains High Court,Central,High
001269,06,Family,2025-05-29,2026-01-08,Disposed,224.0,False,,224.0,False,False,,2025-05,2025Q2,2026-01,,False,Central Plains High Court,Central,High
001270,03,Family,2025-08-20,2026-06-30,Disposed,314.0,False,,314.0,False,False,,2025-08,2025Q3,2026-06,,False,Harbourview High Court,Northern,High
001271,09,Family,2025-12-14,2026-05-25,Disposed,162.0,False,,162.0,False,False,,2025-12,2025Q4,2026-05,,False,Southgate District Court,Southern,District
001272,07,Family,2025-06-07,2026-05-16,Disposed,343.0,False,,343.0,False,False,,2025-06,2025Q2,2026-05,,False,Eastfield District Court,Eastern,District
001273,01,Family,2024-09-11,2025-01-19,Disposed,130.0,False,,130.0,False,False,,2024-09,2024Q3,2025-01,,False,Northbridge District Court,Northern,District
001274,08,Family,2025-09-06,2026-03-04,Disposed,179.0,False,,179.0,False,False,,2025-09,2025Q3,2026-03,,False,Cape Lawson District Court,Eastern,District
001275,08,Criminal,2025-11-11,2026-03-13,Disposed,122.0,False,,122.0,False,False,,2025-11,2025Q4,2026-03,,False,Cape Lawson District Court,Eastern,District
001276,02,Civil,2024-10-29,2025-02-18,Disposed,112.0,False,,112.0,False,False,,2024-10,2024Q4,2025-02,,False,Kauri Point District Court,Northern,District
001277,08,Criminal,2025-10-17,2026-08-31,Disposed,318.0,False,,318.0,False,False,,2025-10,2025Q4,2026-08,,False,Cape Lawson District Court,Eastern,District
001278,10,Criminal,2025-05-09,2025-07-17,Disposed,69.0,False,,69.0,False,False,,2025-05,2025Q2,2025-07,,False,Fernbay District Court,Southern,District
001279,11,Criminal,2025-11-13,,Active,,False,,,False,True,292.0,2025-11,2025Q4,,3-12 months,False,Southern Ranges High Court,Southern,High
001280,09,Criminal,2025-01-12,2025-05-15,Disposed,123.0,False,,123.0,False,False,,2025-01,2025Q1,2025-05,,False,Southgate District Court,Southern,District
001281,01,Youth,2026-02-23,2026-04-10,Disposed,46.0,False,,46.0,False,False,,2026-02,2026Q1,2026-04,,False,Northbridge District Court,Northern,District
001282,10,Criminal,2024-09-07,2024-10-18,Disposed,41.0,False,,41.0,False,False,,2024-09,2024Q3,2024-10,,False,Fernbay District Court,Southern,District
001283,03,Civil,2025-02-25,2026-01-04,Disposed,313.0,False,,313.0,False,False,,2025-02,2025Q1,2026-01,,False,Harbourview High Court,Northern,High
001284,11,Civil,2025-03-22,2025-10-30,Disposed,222.0,False,,222.0,False,False,,2025-03,2025Q1,2025-10,,False,Southern Ranges High Court,Southern,High
001285,06,Youth,2026-04-04,2026-08-15,Disposed,133.0,False,,133.0,False,False,,2026-04,2026Q2,2026-08,,False,Central Plains High Court,Central,High
001286,10,Youth,2025-05-28,2025-07-13,Disposed,46.0,False,,46.0,False,False,,2025-05,2025Q2,2025-07,,False,Fernbay District Court,Southern,District
001287,09,Family,2026-01-04,,Active,,False,,,False,True,240.0,2026-01,2026Q1,,3-12 months,False,Southgate District Court,Southern,District
001288,07,Civil,2024-07-04,2024-12-05,Disposed,154.0,False,,154.0,False,False,,2024-07,2024Q3,2024-12,,False,Eastfield District Court,Eastern,District
001289,05,Family,2024-07-15,2025-04-27,Disposed,286.0,False,,286.0,False,False,,2024-07,2024Q3,2025-04,,False,Mistvale District Court,Central,District
001290,03,Family,2024-07-17,2025-03-02,Disposed,228.0,False,,228.0,False,False,,2024-07,2024Q3,2025-03,,False,Harbourview High Court,Northern,High
001291,05,Youth,2025-10-01,2026-04-06,Disposed,187.0,False,,187.0,False,False,,2025-10,2025Q4,2026-04,,False,Mistvale District Court,Central,District
001292,08,Criminal,2026-05-18,,Active,,False,,,False,True,106.0,2026-05,2026Q2,,3-12 months,False,Cape Lawson District Court,Eastern,District
001293,11,Civil,2025-03-25,2026-01-28,Disposed,309.0,False,,309.0,False,False,,2025-03,2025Q1,2026-01,,False,Southern Ranges High Court,Southern,High
001294,10,Criminal,2026-03-29,2026-08-02,Disposed,126.0,False,,126.0,False,False,,2026-03,2026Q1,2026-08,,False,Fernbay District Court,Southern,District
001295,11,Criminal,2025-11-15,2026-03-21,Disposed,126.0,False,,126.0,False,False,,2025-11,2025Q4,2026-03,,False,Southern Ranges High Court,Southern,High
001296,12,Youth,2024-10-28,2025-01-31,Disposed,95.0,False,,95.0,False,False,,2024-10,2024Q4,2025-01,,False,Willow Creek District Court,Southern,District
001297,10,Family,2024-11-05,2024-12-30,Disposed,55.0,False,,55.0,False,False,,2024-11,2024Q4,2024-12,,False,Fernbay District Court,Southern,District
001298,01,Civil,2025-03-04,2025-08-11,Disposed,160.0,False,,160.0,False,False,,2025-03,2025Q1,2025-08,,False,Northbridge District Court,Northern,District
001299,06,Criminal,2025-10-02,2025-12-07,Disposed,66.0,False,,66.0,False,False,,2025-10,2025Q4,2025-12,,False,Central Plains High Court,Central,High
001300,03,Civil,2025-10-03,,Active,,False,,,False,True,333.0,2025-10,2025Q4,,3-12 months,False,Harbourview High Court,Northern,High
001301,03,Youth,2024-11-27,2024-12-22,Disposed,25.0,False,,25.0,False,False,,2024-11,2024Q4,2024-12,,False,Harbourview High Court,Northern,High
001302,10,Civil,2024-08-17,2024-10-08,Disposed,52.0,False,,52.0,False,False,,2024-08,2024Q3,2024-10,,False,Fernbay District Court,Southern,District
001303,12,Family,2025-06-19,2025-10-08,Disposed,111.0,False,,111.0,False,False,,2025-06,2025Q2,2025-10,,False,Willow Creek District Court,Southern,District
001304,04,Criminal,2026-03-05,,Active,,False,,,False,True,180.0,2026-03,2026Q1,,3-12 months,False,Riverton District Court,Central,District
001305,07,Family,2026-04-17,,Active,,False,,,False,True,137.0,2026-04,2026Q2,,3-12 months,False,Eastfield District Court,Eastern,District
001306,10,Criminal,2025-10-25,2025-12-08,Disposed,44.0,False,,44.0,False,False,,2025-10,2025Q4,2025-12,,False,Fernbay District Court,Southern,District
001307,02,Family,2025-12-16,2026-02-23,Disposed,69.0,False,,69.0,False,False,,2025-12,2025Q4,2026-02,,False,Kauri Point District Court,Northern,District
001308,08,Family,2024-10-10,2025-08-17,Disposed,311.0,False,,311.0,False,False,,2024-10,2024Q4,2025-08,,False,Cape Lawson District Court,Eastern,District
001309,11,Civil,2025-10-23,2026-05-23,Disposed,,False,,212.0,False,False,,2025-10,2025Q4,2026-05,,False,Southern Ranges High Court,Southern,High
001310,03,Civil,2025-12-31,,Active,,False,,,False,True,244.0,2025-12,2025Q4,,3-12 months,False,Harbourview High Court,Northern,High
001311,02,Criminal,2025-08-10,2025-09-27,Disposed,48.0,False,,48.0,False,False,,2025-08,2025Q3,2025-09,,False,Kauri Point District Court,Northern,District
001312,04,Youth,2025-10-22,2026-03-04,Disposed,133.0,False,,133.0,False,False,,2025-10,2025Q4,2026-03,,False,Riverton District Court,Central,District
001313,09,Family,2026-06-28,,Active,,False,,,False,True,65.0,2026-06,2026Q2,,0-3 months,False,Southgate District Court,Southern,District
001314,01,Family,2025-07-12,2025-12-07,Disposed,148.0,False,,148.0,False,False,,2025-07,2025Q3,2025-12,,False,Northbridge District Court,Northern,District
001315,03,Civil,2026-03-02,2026-08-25,Disposed,176.0,False,,176.0,False,False,,2026-03,2026Q1,2026-08,,False,Harbourview High Court,Northern,High
001316,05,Criminal,2025-11-24,2026-05-19,Disposed,176.0,False,,176.0,False,False,,2025-11,2025Q4,2026-05,,False,Mistvale District Court,Central,District
001317,04,Civil,2024-10-11,2025-05-27,Disposed,228.0,False,,228.0,False,False,,2024-10,2024Q4,2025-05,,False,Riverton District Court,Central,District
001318,10,Criminal,2025-02-16,2025-06-01,Disposed,105.0,False,,105.0,False,False,,2025-02,2025Q1,2025-06,,False,Fernbay District Court,Southern,District
001319,12,Youth,2025-10-09,2026-01-11,Disposed,94.0,False,,94.0,False,False,,2025-10,2025Q4,2026-01,,False,Willow Creek District Court,Southern,District
001320,02,Family,2024-12-14,2025-08-24,Disposed,253.0,False,,253.0,False,False,,2024-12,2024Q4,2025-08,,False,Kauri Point District Court,Northern,District
001321,09,Criminal,2025-03-08,2025-10-02,Disposed,208.0,False,,208.0,False,False,,2025-03,2025Q1,2025-10,,False,Southgate District Court,Southern,District
001322,11,Youth,2025-08-24,2026-01-01,Disposed,130.0,False,,130.0,False,False,,2025-08,2025Q3,2026-01,,False,Southern Ranges High Court,Southern,High
001323,10,Criminal,2026-01-24,2026-08-10,Disposed,198.0,False,,198.0,False,False,,2026-01,2026Q1,2026-08,,False,Fernbay District Court,Southern,District
001324,06,Youth,2025-11-12,2026-01-05,Disposed,54.0,False,,54.0,False,False,,2025-11,2025Q4,2026-01,,False,Central Plains High Court,Central,High
001325,06,Civil,2024-12-15,2025-02-26,Disposed,73.0,False,,73.0,False,False,,2024-12,2024Q4,2025-02,,False,Central Plains High Court,Central,High
001326,01,Family,2026-05-21,,Active,,False,,,False,True,103.0,2026-05,2026Q2,,3-12 months,False,Northbridge District Court,Northern,District
001327,07,Criminal,2024-12-28,2025-06-02,Disposed,156.0,False,,156.0,False,False,,2024-12,2024Q4,2025-06,,False,Eastfield District Court,Eastern,District
001328,09,Family,2026-02-19,,Active,,False,,,False,True,194.0,2026-02,2026Q1,,3-12 months,False,Southgate District Court,Southern,District
001329,06,Civil,2024-07-04,2025-01-30,Disposed,210.0,False,,210.0,False,False,,2024-07,2024Q3,2025-01,,False,Central Plains High Court,Central,High
001330,06,Civil,2026-06-01,,Active,,False,,,False,True,92.0,2026-06,2026Q2,,3-12 months,False,Central Plains High Court,Central,High
001331,06,Civil,2025-02-06,2025-06-09,Disposed,123.0,False,,123.0,False,False,,2025-02,2025Q1,2025-06,,False,Central Plains High Court,Central,High
001332,06,Criminal,2025-09-20,2026-07-11,Disposed,294.0,False,,294.0,False,False,,2025-09,2025Q3,2026-07,,False,Central Plains High Court,Central,High
001333,01,Civil,2025-02-07,2025-06-20,Disposed,133.0,False,,133.0,False,False,,2025-02,2025Q1,2025-06,,False,Northbridge District Court,Northern,District
001334,08,Family,2025-04-16,2025-11-01,Disposed,199.0,False,,199.0,False,False,,2025-04,2025Q2,2025-11,,False,Cape Lawson District Court,Eastern,District
001335,05,Youth,2024-10-24,2025-01-13,Disposed,81.0,False,,81.0,False,False,,2024-10,2024Q4,2025-01,,False,Mistvale District Court,Central,District
001336,08,Youth,2025-05-12,2025-07-15,Disposed,64.0,False,,64.0,False,False,,2025-05,2025Q2,2025-07,,False,Cape Lawson District Court,Eastern,District
001337,05,Family,2026-05-17,2026-07-11,Disposed,55.0,False,,55.0,False,False,,2026-05,2026Q2,2026-07,,False,Mistvale District Court,Central,District
001338,09,Civil,2026-03-20,2026-08-08,Disposed,141.0,False,,141.0,False,False,,2026-03,2026Q1,2026-08,,False,Southgate District Court,Southern,District
001339,01,Criminal,2025-09-03,2026-02-11,Disposed,161.0,False,,161.0,False,False,,2025-09,2025Q3,2026-02,,False,Northbridge District Court,Northern,District
001340,06,Family,2024-08-02,2025-07-20,Disposed,352.0,False,,352.0,False,False,,2024-08,2024Q3,2025-07,,False,Central Plains High Court,Central,High
001341,01,Family,2024-10-09,2026-01-25,Disposed,473.0,False,,473.0,False,False,,2024-10,2024Q4,2026-01,,False,Northbridge District Court,Northern,District
001342,11,Civil,2026-03-04,2026-05-14,Disposed,71.0,False,,71.0,False,False,,2026-03,2026Q1,2026-05,,False,Southern Ranges High Court,Southern,High
001343,05,Criminal,2025-05-20,,Active,,False,,,False,True,469.0,2025-05,2025Q2,,12+ months,True,Mistvale District Court,Central,District
001344,10,Criminal,2026-01-24,2026-07-29,Disposed,,False,,186.0,False,False,,2026-01,2026Q1,2026-07,,False,Fernbay District Court,Southern,District
001345,10,Criminal,2024-08-20,2025-02-13,Disposed,177.0,False,,177.0,False,False,,2024-08,2024Q3,2025-02,,False,Fernbay District Court,Southern,District
001346,05,Family,2024-12-11,2025-07-21,Disposed,222.0,False,,222.0,False,False,,2024-12,2024Q4,2025-07,,False,Mistvale District Court,Central,District
001347,05,Criminal,2025-11-18,,Active,,False,,,False,True,287.0,2025-11,2025Q4,,3-12 months,False,Mistvale District Court,Central,District
001348,05,Criminal,2026-05-26,,Active,,False,,,False,True,98.0,2026-05,2026Q2,,3-12 months,False,Mistvale District Court,Central,District
001349,07,Civil,2024-10-26,2025-04-21,Disposed,177.0,False,,177.0,False,False,,2024-10,2024Q4,2025-04,,False,Eastfield District Court,Eastern,District
001350,04,Criminal,2024-09-29,,Active,,False,,,False,True,702.0,2024-09,2024Q3,,12+ months,True,Riverton District Court,Central,District
001351,02,Criminal,2026-01-23,2026-02-17,Disposed,25.0,False,,25.0,False,False,,2026-01,2026Q1,2026-02,,False,Kauri Point District Court,Northern,District
001352,05,Criminal,2026-06-18,,Active,,False,,,False,True,75.0,2026-06,2026Q2,,0-3 months,False,Mistvale District Court,Central,District
001353,06,Civil,2024-11-14,,Active,,False,,,False,True,656.0,2024-11,2024Q4,,12+ months,True,Central Plains High Court,Central,High
001354,02,Civil,2026-03-04,2026-05-06,Disposed,63.0,False,,63.0,False,False,,2026-03,2026Q1,2026-05,,False,Kauri Point District Court,Northern,District
001355,04,Family,2024-11-24,2025-03-31,Disposed,127.0,False,,127.0,False,False,,2024-11,2024Q4,2025-03,,False,Riverton District Court,Central,District
001356,06,Family,2024-11-08,2025-06-13,Disposed,217.0,False,,217.0,False,False,,2024-11,2024Q4,2025-06,,False,Central Plains High Court,Central,High
001357,07,Youth,2025-06-02,2025-08-07,Disposed,66.0,False,,66.0,False,False,,2025-06,2025Q2,2025-08,,False,Eastfield District Court,Eastern,District
001358,11,Family,2024-09-23,2024-12-22,Disposed,90.0,False,,90.0,False,False,,2024-09,2024Q3,2024-12,,False,Southern Ranges High Court,Southern,High
001359,02,Youth,2026-01-06,2026-04-19,Disposed,103.0,False,,103.0,False,False,,2026-01,2026Q1,2026-04,,False,Kauri Point District Court,Northern,District
001360,11,Criminal,2024-09-12,2025-01-26,Disposed,136.0,False,,136.0,False,False,,2024-09,2024Q3,2025-01,,False,Southern Ranges High Court,Southern,High
001361,04,Youth,2026-03-02,2026-04-13,Disposed,42.0,False,,42.0,False,False,,2026-03,2026Q1,2026-04,,False,Riverton District Court,Central,District
001362,06,Civil,2025-03-29,2025-09-24,Disposed,179.0,False,,179.0,False,False,,2025-03,2025Q1,2025-09,,False,Central Plains High Court,Central,High
001363,08,Family,2024-10-09,,Active,,False,,,False,True,692.0,2024-10,2024Q4,,12+ months,True,Cape Lawson District Court,Eastern,District
001364,06,Civil,2025-02-19,2025-09-01,Disposed,194.0,False,,194.0,False,False,,2025-02,2025Q1,2025-09,,False,Central Plains High Court,Central,High
001365,02,Family,2025-07-17,,Active,,False,,,False,True,411.0,2025-07,2025Q3,,12+ months,True,Kauri Point District Court,Northern,District
001366,05,Civil,2025-06-01,,Active,,False,,,False,True,457.0,2025-06,2025Q2,,12+ months,True,Mistvale District Court,Central,District
001367,05,Civil,2025-09-29,2026-01-24,Disposed,117.0,False,,117.0,False,False,,2025-09,2025Q3,2026-01,,False,Mistvale District Court,Central,District
001368,08,Youth,2024-12-09,2025-03-18,Disposed,99.0,False,,99.0,False,False,,2024-12,2024Q4,2025-03,,False,Cape Lawson District Court,Eastern,District
001369,11,Criminal,2025-09-18,2026-04-03,Disposed,197.0,False,,197.0,False,False,,2025-09,2025Q3,2026-04,,False,Southern Ranges High Court,Southern,High
001370,11,Family,2025-11-24,2026-03-04,Disposed,100.0,False,,100.0,False,False,,2025-11,2025Q4,2026-03,,False,Southern Ranges High Court,Southern,High
001371,07,Youth,2025-06-17,2025-09-12,Disposed,87.0,False,,87.0,False,False,,2025-06,2025Q2,2025-09,,False,Eastfield District Court,Eastern,District
001372,02,Civil,2025-10-28,2026-02-21,Disposed,116.0,False,,116.0,False,False,,2025-10,2025Q4,2026-02,,False,Kauri Point District Court,Northern,District
001373,09,Criminal,2024-08-24,2024-12-28,Disposed,,False,,126.0,False,False,,2024-08,2024Q3,2024-12,,False,Southgate District Court,Southern,District
001374,12,Youth,2026-02-07,2026-03-19,Disposed,40.0,False,,40.0,False,False,,2026-02,2026Q1,2026-03,,False,Willow Creek District Court,Southern,District
001375,09,Family,2024-11-19,2025-09-25,Disposed,310.0,False,,310.0,False,False,,2024-11,2024Q4,2025-09,,False,Southgate District Court,Southern,District
001376,11,Civil,2025-01-05,2025-04-18,Disposed,103.0,False,,103.0,False,False,,2025-01,2025Q1,2025-04,,False,Southern Ranges High Court,Southern,High
001377,08,Civil,2025-04-19,2025-09-14,Disposed,148.0,False,,148.0,False,False,,2025-04,2025Q2,2025-09,,False,Cape Lawson District Court,Eastern,District
001378,01,Family,2025-12-05,2026-02-09,Disposed,66.0,False,,66.0,False,False,,2025-12,2025Q4,2026-02,,False,Northbridge District Court,Northern,District
001379,06,Youth,2026-02-14,2026-06-07,Disposed,113.0,False,,113.0,False,False,,2026-02,2026Q1,2026-06,,False,Central Plains High Court,Central,High
001380,04,Criminal,2025-10-12,2026-04-21,Disposed,191.0,False,,191.0,False,False,,2025-10,2025Q4,2026-04,,False,Riverton District Court,Central,District
001381,09,Family,2026-06-10,,Active,,False,,,False,True,83.0,2026-06,2026Q2,,0-3 months,False,Southgate District Court,Southern,District
001382,10,Criminal,2025-08-02,2025-09-18,Disposed,47.0,False,,47.0,False,False,,2025-08,2025Q3,2025-09,,False,Fernbay District Court,Southern,District
001383,11,Family,2024-11-30,2025-07-23,Disposed,235.0,False,,235.0,False,False,,2024-11,2024Q4,2025-07,,False,Southern Ranges High Court,Southern,High
001384,11,Civil,2024-09-23,2024-12-31,Disposed,99.0,False,,99.0,False,False,,2024-09,2024Q3,2024-12,,False,Southern Ranges High Court,Southern,High
001385,07,Family,2025-10-23,,Active,,False,,,False,True,313.0,2025-10,2025Q4,,3-12 months,False,Eastfield District Court,Eastern,District
001386,11,Criminal,2024-10-27,,Active,,False,,,False,True,674.0,2024-10,2024Q4,,12+ months,True,Southern Ranges High Court,Southern,High
001387,01,Criminal,2026-04-01,2026-06-26,Disposed,86.0,False,,86.0,False,False,,2026-04,2026Q2,2026-06,,False,Northbridge District Court,Northern,District
001388,09,Criminal,2026-02-08,2026-05-29,Disposed,110.0,False,,110.0,False,False,,2026-02,2026Q1,2026-05,,False,Southgate District Court,Southern,District
001389,10,Criminal,2024-12-18,2025-11-06,Disposed,323.0,False,,323.0,False,False,,2024-12,2024Q4,2025-11,,False,Fernbay District Court,Southern,District
001390,03,Youth,2024-12-25,2025-01-28,Disposed,,False,,34.0,False,False,,2024-12,2024Q4,2025-01,,False,Harbourview High Court,Northern,High
001391,04,Criminal,2025-02-15,2025-04-09,Disposed,53.0,False,,53.0,False,False,,2025-02,2025Q1,2025-04,,False,Riverton District Court,Central,District
001392,14,Family,2026-05-31,,Active,,True,court_id not in lookup,,False,True,93.0,2026-05,2026Q2,,3-12 months,False,,,
001393,08,Criminal,2025-04-07,2026-06-18,Disposed,437.0,False,,437.0,False,False,,2025-04,2025Q2,2026-06,,False,Cape Lawson District Court,Eastern,District
001394,11,Youth,2026-03-06,2026-06-28,Disposed,114.0,False,,114.0,False,False,,2026-03,2026Q1,2026-06,,False,Southern Ranges High Court,Southern,High
001395,03,Criminal,2024-11-16,2025-06-03,Disposed,,False,,199.0,False,False,,2024-11,2024Q4,2025-06,,False,Harbourview High Court,Northern,High
001396,08,Criminal,2026-02-20,,Active,,False,,,False,True,193.0,2026-02,2026Q1,,3-12 months,False,Cape Lawson District Court,Eastern,District
001397,11,Criminal,2026-02-05,2026-06-23,Disposed,138.0,False,,138.0,False,False,,2026-02,2026Q1,2026-06,,False,Southern Ranges High Court,Southern,High
001398,01,Criminal,2025-04-22,2025-11-08,Disposed,200.0,False,,200.0,False,False,,2025-04,2025Q2,2025-11,,False,Northbridge District Court,Northern,District
001399,10,Family,2024-08-02,2025-03-25,Disposed,235.0,False,,235.0,False,False,,2024-08,2024Q3,2025-03,,False,Fernbay District Court,Southern,District
001400,09,Youth,2025-03-28,2025-10-04,Disposed,190.0,False,,190.0,False,False,,2025-03,2025Q1,2025-10,,False,Southgate District Court,Southern,District
001401,02,Criminal,2024-12-27,2025-04-19,Disposed,113.0,False,,113.0,False,False,,2024-12,2024Q4,2025-04,,False,Kauri Point District Court,Northern,District
001402,08,Criminal,2025-02-22,2025-08-16,Disposed,175.0,False,,175.0,False,False,,2025-02,2025Q1,2025-08,,False,Cape Lawson District Court,Eastern,District
001403,04,Family,2025-05-01,2025-09-22,Disposed,144.0,False,,144.0,False,False,,2025-05,2025Q2,2025-09,,False,Riverton District Court,Central,District
001404,09,Civil,2025-11-19,,Active,,False,,,False,True,286.0,2025-11,2025Q4,,3-12 months,False,Southgate District Court,Southern,District
001405,02,Family,2024-11-28,2025-05-25,Disposed,178.0,False,,178.0,False,False,,2024-11,2024Q4,2025-05,,False,Kauri Point District Court,Northern,District
001406,01,Criminal,2025-10-12,2025-11-22,Disposed,41.0,False,,41.0,False,False,,2025-10,2025Q4,2025-11,,False,Northbridge District Court,Northern,District
001407,09,Family,2024-10-20,2025-02-22,Disposed,125.0,False,,125.0,False,False,,2024-10,2024Q4,2025-02,,False,Southgate District Court,Southern,District
001408,07,Family,2026-03-16,,Active,,False,,,False,True,169.0,2026-03,2026Q1,,3-12 months,False,Eastfield District Court,Eastern,District
001409,04,Criminal,2025-09-25,2026-02-26,Disposed,154.0,False,,154.0,False,False,,2025-09,2025Q3,2026-02,,False,Riverton District Court,Central,District
001410,10,Criminal,2024-11-16,2025-01-26,Disposed,71.0,False,,71.0,False,False,,2024-11,2024Q4,2025-01,,False,Fernbay District Court,Southern,District
001411,04,Criminal,2025-05-24,2025-10-29,Disposed,158.0,False,,158.0,False,False,,2025-05,2025Q2,2025-10,,False,Riverton District Court,Central,District
001412,05,Criminal,2026-04-23,2026-07-05,Disposed,73.0,False,,73.0,False,False,,2026-04,2026Q2,2026-07,,False,Mistvale District Court,Central,District
001413,05,Family,2025-06-24,2025-11-02,Disposed,131.0,False,,131.0,False,False,,2025-06,2025Q2,2025-11,,False,Mistvale District Court,Central,District
001414,05,Criminal,2025-04-11,2025-10-02,Disposed,174.0,False,,174.0,False,False,,2025-04,2025Q2,2025-10,,False,Mistvale District Court,Central,District
001415,11,Criminal,2026-02-28,2026-05-12,Disposed,73.0,False,,73.0,False,False,,2026-02,2026Q1,2026-05,,False,Southern Ranges High Court,Southern,High
001416,08,Civil,2026-02-10,,Active,,False,,,False,True,203.0,2026-02,2026Q1,,3-12 months,False,Cape Lawson District Court,Eastern,District
001417,06,Family,2026-03-19,,Active,,False,,,False,True,166.0,2026-03,2026Q1,,3-12 months,False,Central Plains High Court,Central,High
001418,01,Criminal,2024-09-10,2024-12-29,Disposed,110.0,False,,110.0,False,False,,2024-09,2024Q3,2024-12,,False,Northbridge District Court,Northern,District
001419,03,Family,2024-08-15,2025-02-02,Disposed,171.0,False,,171.0,False,False,,2024-08,2024Q3,2025-02,,False,Harbourview High Court,Northern,High
001420,09,Youth,2025-03-23,2026-06-15,Disposed,449.0,False,,449.0,False,False,,2025-03,2025Q1,2026-06,,False,Southgate District Court,Southern,District
001421,11,Civil,2025-07-01,2026-02-02,Disposed,216.0,False,,216.0,False,False,,2025-07,2025Q3,2026-02,,False,Southern Ranges High Court,Southern,High
001422,01,Criminal,2024-10-13,2025-06-01,Disposed,231.0,False,,231.0,False,False,,2024-10,2024Q4,2025-06,,False,Northbridge District Court,Northern,District
001423,11,Youth,2026-06-21,2026-08-25,Disposed,65.0,False,,65.0,False,False,,2026-06,2026Q2,2026-08,,False,Southern Ranges High Court,Southern,High
001424,10,Family,2024-10-12,2025-01-22,Disposed,102.0,False,,102.0,False,False,,2024-10,2024Q4,2025-01,,False,Fernbay District Court,Southern,District
001425,12,Criminal,2024-07-10,2024-10-05,Disposed,87.0,False,,87.0,False,False,,2024-07,2024Q3,2024-10,,False,Willow Creek District Court,Southern,District
001426,02,Civil,2026-03-31,2026-08-09,Disposed,131.0,False,,131.0,False,False,,2026-03,2026Q1,2026-08,,False,Kauri Point District Court,Northern,District
001427,05,Civil,2026-03-05,2026-07-18,Disposed,135.0,False,,135.0,False,False,,2026-03,2026Q1,2026-07,,False,Mistvale District Court,Central,District
001428,01,Criminal,2025-02-20,2025-05-01,Disposed,70.0,False,,70.0,False,False,,2025-02,2025Q1,2025-05,,False,Northbridge District Court,Northern,District
001429,01,Family,2025-09-02,2026-02-07,Disposed,158.0,False,,158.0,False,False,,2025-09,2025Q3,2026-02,,False,Northbridge District Court,Northern,District
001430,10,Criminal,2026-03-31,2026-05-12,Disposed,42.0,False,,42.0,False,False,,2026-03,2026Q1,2026-05,,False,Fernbay District Court,Southern,District
001431,10,Family,2025-11-20,2026-03-15,Disposed,,False,,115.0,False,False,,2025-11,2025Q4,2026-03,,False,Fernbay District Court,Southern,District
001432,12,Criminal,2025-09-25,2026-01-20,Disposed,117.0,False,,117.0,False,False,,2025-09,2025Q3,2026-01,,False,Willow Creek District Court,Southern,District
001433,09,Family,2024-11-24,2025-06-16,Disposed,204.0,False,,204.0,False,False,,2024-11,2024Q4,2025-06,,False,Southgate District Court,Southern,District
001434,03,Criminal,2025-04-05,2025-08-11,Disposed,128.0,False,,128.0,False,False,,2025-04,2025Q2,2025-08,,False,Harbourview High Court,Northern,High
001435,08,Family,2025-03-09,,Active,,False,,,False,True,541.0,2025-03,2025Q1,,12+ months,True,Cape Lawson District Court,Eastern,District
001436,06,Criminal,2024-12-13,2025-01-15,Disposed,33.0,False,,33.0,False,False,,2024-12,2024Q4,2025-01,,False,Central Plains High Court,Central,High
001437,12,Civil,2025-04-07,2025-11-28,Disposed,235.0,False,,235.0,False,False,,2025-04,2025Q2,2025-11,,False,Willow Creek District Court,Southern,District
001438,05,Civil,2024-12-03,2025-07-07,Disposed,216.0,False,,216.0,False,False,,2024-12,2024Q4,2025-07,,False,Mistvale District Court,Central,District
001439,01,Youth,2025-06-18,,Active,,False,,,False,True,440.0,2025-06,2025Q2,,12+ months,True,Northbridge District Court,Northern,District
001440,08,Civil,2026-03-22,,Active,,False,,,False,True,163.0,2026-03,2026Q1,,3-12 months,False,Cape Lawson District Court,Eastern,District
001441,09,Family,2024-08-24,2025-11-18,Disposed,451.0,False,,451.0,False,False,,2024-08,2024Q3,2025-11,,False,Southgate District Court,Southern,District
001442,02,Criminal,2025-10-22,2026-03-01,Disposed,130.0,False,,130.0,False,False,,2025-10,2025Q4,2026-03,,False,Kauri Point District Court,Northern,District
001443,06,Civil,2025-06-11,2026-05-17,Disposed,340.0,False,,340.0,False,False,,2025-06,2025Q2,2026-05,,False,Central Plains High Court,Central,High
001444,11,Criminal,2024-09-11,2024-11-20,Disposed,115.0,False,,70.0,True,False,,2024-09,2024Q3,2024-11,,False,Southern Ranges High Court,Southern,High
001445,09,Criminal,2026-02-10,2026-03-10,Disposed,28.0,False,,28.0,False,False,,2026-02,2026Q1,2026-03,,False,Southgate District Court,Southern,District
001446,01,Civil,2025-11-28,2026-05-28,Disposed,181.0,False,,181.0,False,False,,2025-11,2025Q4,2026-05,,False,Northbridge District Court,Northern,District
001447,04,Youth,2024-11-09,2024-12-19,Disposed,40.0,False,,40.0,False,False,,2024-11,2024Q4,2024-12,,False,Riverton District Court,Central,District
001448,07,Family,2025-03-24,2025-06-22,Disposed,90.0,False,,90.0,False,False,,2025-03,2025Q1,2025-06,,False,Eastfield District Court,Eastern,District
001449,07,Civil,2025-03-22,2025-09-10,Disposed,172.0,False,,172.0,False,False,,2025-03,2025Q1,2025-09,,False,Eastfield District Court,Eastern,District
001450,10,Family,2025-05-25,2025-10-07,Disposed,135.0,False,,135.0,False,False,,2025-05,2025Q2,2025-10,,False,Fernbay District Court,Southern,District
001451,11,Criminal,2025-04-16,2026-07-16,Disposed,456.0,False,,456.0,False,False,,2025-04,2025Q2,2026-07,,False,Southern Ranges High Court,Southern,High
001452,08,Youth,2025-11-23,2026-08-25,Disposed,275.0,False,,275.0,False,False,,2025-11,2025Q4,2026-08,,False,Cape Lawson District Court,Eastern,District
001453,09,Family,2024-10-22,2025-04-30,Disposed,190.0,False,,190.0,False,False,,2024-10,2024Q4,2025-04,,False,Southgate District Court,Southern,District
001454,06,Civil,2025-07-02,2025-11-12,Disposed,133.0,False,,133.0,False,False,,2025-07,2025Q3,2025-11,,False,Central Plains High Court,Central,High
001455,10,Family,2025-04-26,,Active,,False,,,False,True,493.0,2025-04,2025Q2,,12+ months,True,Fernbay District Court,Southern,District
001456,01,Criminal,2026-02-19,2026-06-14,Disposed,115.0,False,,115.0,False,False,,2026-02,2026Q1,2026-06,,False,Northbridge District Court,Northern,District
001457,05,Criminal,2025-07-21,,Active,,False,,,False,True,407.0,2025-07,2025Q3,,12+ months,True,Mistvale District Court,Central,District
001458,01,Civil,2024-08-08,2024-12-07,Disposed,121.0,False,,121.0,False,False,,2024-08,2024Q3,2024-12,,False,Northbridge District Court,Northern,District
001459,03,Criminal,2025-09-23,2025-12-08,Disposed,76.0,False,,76.0,False,False,,2025-09,2025Q3,2025-12,,False,Harbourview High Court,Northern,High
001460,06,Family,2026-06-06,,Active,,False,,,False,True,87.0,2026-06,2026Q2,,0-3 months,False,Central Plains High Court,Central,High
001461,06,Criminal,2024-09-21,2024-12-31,Disposed,101.0,False,,101.0,False,False,,2024-09,2024Q3,2024-12,,False,Central Plains High Court,Central,High
001462,06,Civil,2024-11-27,2025-06-25,Disposed,210.0,False,,210.0,False,False,,2024-11,2024Q4,2025-06,,False,Central Plains High Court,Central,High
001463,06,Civil,2025-05-08,,Active,,False,,,False,True,481.0,2025-05,2025Q2,,12+ months,True,Central Plains High Court,Central,High
001464,01,Civil,2026-06-28,,Active,,False,,,False,True,65.0,2026-06,2026Q2,,0-3 months,False,Northbridge District Court,Northern,District
001465,05,Civil,2026-04-15,,Active,,False,,,False,True,139.0,2026-04,2026Q2,,3-12 months,False,Mistvale District Court,Central,District
001466,07,Civil,2024-10-31,,Active,,False,,,False,True,670.0,2024-10,2024Q4,,12+ months,True,Eastfield District Court,Eastern,District
001467,06,Criminal,2025-11-07,2026-04-05,Disposed,149.0,False,,149.0,False,False,,2025-11,2025Q4,2026-04,,False,Central Plains High Court,Central,High
001468,04,Civil,2025-01-05,2025-04-03,Disposed,88.0,False,,88.0,False,False,,2025-01,2025Q1,2025-04,,False,Riverton District Court,Central,District
001469,04,Youth,2026-06-18,2026-08-11,Disposed,54.0,False,,54.0,False,False,,2026-06,2026Q2,2026-08,,False,Riverton District Court,Central,District
001470,09,Youth,2026-06-20,,Active,,False,,,False,True,73.0,2026-06,2026Q2,,0-3 months,False,Southgate District Court,Southern,District
001471,07,Civil,2025-10-06,2026-05-28,Disposed,234.0,False,,234.0,False,False,,2025-10,2025Q4,2026-05,,False,Eastfield District Court,Eastern,District
001472,12,Civil,2024-11-25,2025-11-10,Disposed,350.0,False,,350.0,False,False,,2024-11,2024Q4,2025-11,,False,Willow Creek District Court,Southern,District
001473,04,Youth,2024-10-17,2024-12-27,Disposed,71.0,False,,71.0,False,False,,2024-10,2024Q4,2024-12,,False,Riverton District Court,Central,District
001474,11,Criminal,2025-12-13,2026-06-03,Disposed,172.0,False,,172.0,False,False,,2025-12,2025Q4,2026-06,,False,Southern Ranges High Court,Southern,High
001475,13,Family,2025-02-24,2026-03-19,Disposed,388.0,True,court_id not in lookup,388.0,False,False,,2025-02,2025Q1,2026-03,,False,,,
001476,04,Criminal,2025-11-25,2026-01-14,Disposed,50.0,False,,50.0,False,False,,2025-11,2025Q4,2026-01,,False,Riverton District Court,Central,District
001477,11,Family,2025-07-07,2025-11-05,Disposed,121.0,False,,121.0,False,False,,2025-07,2025Q3,2025-11,,False,Southern Ranges High Court,Southern,High
001478,05,Family,2024-10-21,2025-02-08,Disposed,110.0,False,,110.0,False,False,,2024-10,2024Q4,2025-02,,False,Mistvale District Court,Central,District
001479,05,Civil,2025-10-04,2026-08-20,Disposed,320.0,False,,320.0,False,False,,2025-10,2025Q4,2026-08,,False,Mistvale District Court,Central,District
001480,11,Criminal,2026-06-20,,Active,,False,,,False,True,73.0,2026-06,2026Q2,,0-3 months,False,Southern Ranges High Court,Southern,High
001481,02,Civil,2026-05-12,2026-07-22,Disposed,71.0,False,,71.0,False,False,,2026-05,2026Q2,2026-07,,False,Kauri Point District Court,Northern,District
001482,10,Family,2024-11-08,2024-12-27,Disposed,49.0,False,,49.0,False,False,,2024-11,2024Q4,2024-12,,False,Fernbay District Court,Southern,District
001483,01,Criminal,2025-09-02,2026-03-15,Disposed,194.0,False,,194.0,False,False,,2025-09,2025Q3,2026-03,,False,Northbridge District Court,Northern,District
001484,05,Family,2024-10-02,2025-03-08,Disposed,157.0,False,,157.0,False,False,,2024-10,2024Q4,2025-03,,False,Mistvale District Court,Central,District
001485,12,Family,2024-07-11,2024-09-18,Disposed,69.0,False,,69.0,False,False,,2024-07,2024Q3,2024-09,,False,Willow Creek District Court,Southern,District
001486,04,Civil,2024-12-06,2025-08-19,Disposed,256.0,False,,256.0,False,False,,2024-12,2024Q4,2025-08,,False,Riverton District Court,Central,District
001487,07,Civil,2026-02-14,2026-06-28,Disposed,134.0,False,,134.0,False,False,,2026-02,2026Q1,2026-06,,False,Eastfield District Court,Eastern,District
001488,03,Criminal,2025-06-09,2025-11-15,Disposed,159.0,False,,159.0,False,False,,2025-06,2025Q2,2025-11,,False,Harbourview High Court,Northern,High
001489,12,Criminal,2026-06-28,,Active,,False,,,False,True,65.0,2026-06,2026Q2,,0-3 months,False,Willow Creek District Court,Southern,District
001490,11,Family,2026-04-14,,Active,,False,,,False,True,140.0,2026-04,2026Q2,,3-12 months,False,Southern Ranges High Court,Southern,High
001491,02,Criminal,2024-10-23,2025-01-05,Disposed,74.0,False,,74.0,False,False,,2024-10,2024Q4,2025-01,,False,Kauri Point District Court,Northern,District
001492,10,Family,2024-10-23,2025-04-09,Disposed,168.0,False,,168.0,False,False,,2024-10,2024Q4,2025-04,,False,Fernbay District Court,Southern,District
001493,08,Civil,2024-08-07,,Active,,False,,,False,True,755.0,2024-08,2024Q3,,12+ months,True,Cape Lawson District Court,Eastern,District
001494,06,Civil,2024-12-08,2024-10-13,Disposed,171.0,True,disposed before filed,-56.0,True,False,,2024-12,2024Q4,2024-10,,False,Central Plains High Court,Central,High
001495,12,Youth,2024-09-27,2025-01-18,Disposed,113.0,False,,113.0,False,False,,2024-09,2024Q3,2025-01,,False,Willow Creek District Court,Southern,District
001496,07,Criminal,2025-05-09,2025-09-11,Disposed,125.0,False,,125.0,False,False,,2025-05,2025Q2,2025-09,,False,Eastfield District Court,Eastern,District
001497,09,Youth,2025-08-07,2025-12-13,Disposed,128.0,False,,128.0,False,False,,2025-08,2025Q3,2025-12,,False,Southgate District Court,Southern,District
001498,03,Family,2025-01-31,2025-09-01,Disposed,213.0,False,,213.0,False,False,,2025-01,2025Q1,2025-09,,False,Harbourview High Court,Northern,High
001499,06,Criminal,2025-10-05,2026-06-26,Disposed,264.0,False,,264.0,False,False,,2025-10,2025Q4,2026-06,,False,Central Plains High Court,Central,High
001500,05,Criminal,2025-07-02,2025-09-26,Disposed,86.0,False,,86.0,False,False,,2025-07,2025Q3,2025-09,,False,Mistvale District Court,Central,District
001501,12,Youth,2024-12-02,2025-01-25,Disposed,54.0,False,,54.0,False,False,,2024-12,2024Q4,2025-01,,False,Willow Creek District Court,Southern,District
001502,09,Youth,2026-06-14,2026-07-14,Disposed,30.0,False,,30.0,False,False,,2026-06,2026Q2,2026-07,,False,Southgate District Court,Southern,District
001503,02,Youth,2026-03-04,2026-01-30,Disposed,37.0,True,disposed before filed,-33.0,True,False,,2026-03,2026Q1,2026-01,,False,Kauri Point District Court,Northern,District
001504,11,Criminal,2026-02-23,2026-07-23,Disposed,150.0,False,,150.0,False,False,,2026-02,2026Q1,2026-07,,False,Southern Ranges High Court,Southern,High
001505,03,Civil,2024-07-17,2025-01-23,Disposed,,False,,190.0,False,False,,2024-07,2024Q3,2025-01,,False,Harbourview High Court,Northern,High
001506,07,Family,2026-04-07,,Active,,False,,,False,True,147.0,2026-04,2026Q2,,3-12 months,False,Eastfield District Court,Eastern,District
001507,12,Criminal,2025-03-27,2025-05-02,Disposed,36.0,False,,36.0,False,False,,2025-03,2025Q1,2025-05,,False,Willow Creek District Court,Southern,District
001508,09,Family,2025-06-07,2026-02-28,Disposed,266.0,False,,266.0,False,False,,2025-06,2025Q2,2026-02,,False,Southgate District Court,Southern,District
001509,03,Family,2026-04-28,,Active,,False,,,False,True,126.0,2026-04,2026Q2,,3-12 months,False,Harbourview High Court,Northern,High
001510,09,Civil,2024-07-16,,Active,,False,,,False,True,777.0,2024-07,2024Q3,,12+ months,True,Southgate District Court,Southern,District
001511,03,Family,2024-08-28,,Active,,False,,,False,True,734.0,2024-08,2024Q3,,12+ months,True,Harbourview High Court,Northern,High
001512,11,Youth,2024-09-24,2024-12-22,Disposed,89.0,False,,89.0,False,False,,2024-09,2024Q3,2024-12,,False,Southern Ranges High Court,Southern,High
001513,04,Criminal,2026-03-02,2026-08-03,Disposed,154.0,False,,154.0,False,False,,2026-03,2026Q1,2026-08,,False,Riverton District Court,Central,District
001514,04,Criminal,2025-09-16,2025-10-17,Disposed,31.0,False,,31.0,False,False,,2025-09,2025Q3,2025-10,,False,Riverton District Court,Central,District
001515,02,Criminal,2026-03-19,2026-05-25,Disposed,67.0,False,,67.0,False,False,,2026-03,2026Q1,2026-05,,False,Kauri Point District Court,Northern,District
001516,05,Family,2024-12-08,,Active,,False,,,False,True,632.0,2024-12,2024Q4,,12+ months,True,Mistvale District Court,Central,District
001517,08,Criminal,2025-10-23,2026-05-08,Disposed,197.0,False,,197.0,False,False,,2025-10,2025Q4,2026-05,,False,Cape Lawson District Court,Eastern,District
001518,07,Family,2025-01-23,2025-10-11,Disposed,261.0,False,,261.0,False,False,,2025-01,2025Q1,2025-10,,False,Eastfield District Court,Eastern,District
001519,07,Youth,2024-07-18,2024-08-22,Disposed,35.0,False,,35.0,False,False,,2024-07,2024Q3,2024-08,,False,Eastfield District Court,Eastern,District
001520,11,Criminal,2024-12-04,2025-02-23,Disposed,81.0,False,,81.0,False,False,,2024-12,2024Q4,2025-02,,False,Southern Ranges High Court,Southern,High
001521,04,Civil,2025-10-05,2026-03-04,Disposed,150.0,False,,150.0,False,False,,2025-10,2025Q4,2026-03,,False,Riverton District Court,Central,District
001522,07,Civil,2025-04-08,2025-06-05,Disposed,58.0,False,,58.0,False,False,,2025-04,2025Q2,2025-06,,False,Eastfield District Court,Eastern,District
001523,11,Youth,2025-04-21,2025-05-11,Disposed,20.0,False,,20.0,False,False,,2025-04,2025Q2,2025-05,,False,Southern Ranges High Court,Southern,High
001524,07,Family,2024-08-29,2025-04-06,Disposed,220.0,False,,220.0,False,False,,2024-08,2024Q3,2025-04,,False,Eastfield District Court,Eastern,District
001525,07,Family,2025-04-06,2025-11-26,Disposed,234.0,False,,234.0,False,False,,2025-04,2025Q2,2025-11,,False,Eastfield District Court,Eastern,District
001526,04,Civil,2025-11-15,2026-06-22,Disposed,219.0,False,,219.0,False,False,,2025-11,2025Q4,2026-06,,False,Riverton District Court,Central,District
001527,02,Criminal,2026-03-31,,Active,,False,,,False,True,154.0,2026-03,2026Q1,,3-12 months,False,Kauri Point District Court,Northern,District
001528,05,Civil,2025-11-22,,Active,,False,,,False,True,283.0,2025-11,2025Q4,,3-12 months,False,Mistvale District Court,Central,District
001529,10,Criminal,2025-02-20,2025-05-22,Disposed,91.0,False,,91.0,False,False,,2025-02,2025Q1,2025-05,,False,Fernbay District Court,Southern,District
001530,10,Criminal,2026-06-21,,Active,,False,,,False,True,72.0,2026-06,2026Q2,,0-3 months,False,Fernbay District Court,Southern,District
001531,12,Youth,2025-07-02,2025-07-31,Disposed,29.0,False,,29.0,False,False,,2025-07,2025Q3,2025-07,,False,Willow Creek District Court,Southern,District
001532,05,Civil,2025-04-04,2026-07-15,Disposed,467.0,False,,467.0,False,False,,2025-04,2025Q2,2026-07,,False,Mistvale District Court,Central,District
001533,01,Civil,2024-07-11,2024-10-03,Disposed,84.0,False,,84.0,False,False,,2024-07,2024Q3,2024-10,,False,Northbridge District Court,Northern,District
001534,11,Criminal,2024-08-13,2024-10-10,Disposed,58.0,False,,58.0,False,False,,2024-08,2024Q3,2024-10,,False,Southern Ranges High Court,Southern,High
001535,05,Family,2025-06-23,2025-10-20,Disposed,119.0,False,,119.0,False,False,,2025-06,2025Q2,2025-10,,False,Mistvale District Court,Central,District
001536,06,Youth,2024-09-09,2024-11-01,Disposed,53.0,False,,53.0,False,False,,2024-09,2024Q3,2024-11,,False,Central Plains High Court,Central,High
001537,04,Criminal,2025-07-14,2025-12-04,Disposed,143.0,False,,143.0,False,False,,2025-07,2025Q3,2025-12,,False,Riverton District Court,Central,District
001538,12,Criminal,2026-01-02,2026-03-07,Disposed,64.0,False,,64.0,False,False,,2026-01,2026Q1,2026-03,,False,Willow Creek District Court,Southern,District
001539,05,Youth,2025-05-22,2025-11-07,Disposed,,False,,169.0,False,False,,2025-05,2025Q2,2025-11,,False,Mistvale District Court,Central,District
001540,11,Civil,2026-05-20,2026-08-17,Disposed,89.0,False,,89.0,False,False,,2026-05,2026Q2,2026-08,,False,Southern Ranges High Court,Southern,High
001541,07,Civil,2024-07-08,2025-04-24,Disposed,290.0,False,,290.0,False,False,,2024-07,2024Q3,2025-04,,False,Eastfield District Court,Eastern,District
001542,09,Civil,2025-04-17,2025-10-06,Disposed,172.0,False,,172.0,False,False,,2025-04,2025Q2,2025-10,,False,Southgate District Court,Southern,District
001543,11,Criminal,2025-11-26,2026-07-04,Disposed,220.0,False,,220.0,False,False,,2025-11,2025Q4,2026-07,,False,Southern Ranges High Court,Southern,High
001544,11,Family,2025-12-07,,Active,,False,,,False,True,268.0,2025-12,2025Q4,,3-12 months,False,Southern Ranges High Court,Southern,High
001545,09,Criminal,2024-07-30,2025-01-31,Disposed,185.0,False,,185.0,False,False,,2024-07,2024Q3,2025-01,,False,Southgate District Court,Southern,District
001546,04,Criminal,2025-09-04,2025-10-02,Disposed,,False,,28.0,False,False,,2025-09,2025Q3,2025-10,,False,Riverton District Court,Central,District
001547,06,Family,2025-08-09,2026-01-19,Disposed,163.0,False,,163.0,False,False,,2025-08,2025Q3,2026-01,,False,Central Plains High Court,Central,High
001548,03,Criminal,2025-07-28,2026-01-06,Disposed,162.0,False,,162.0,False,False,,2025-07,2025Q3,2026-01,,False,Harbourview High Court,Northern,High
001549,02,Family,2026-06-07,,Active,,False,,,False,True,86.0,2026-06,2026Q2,,0-3 months,False,Kauri Point District Court,Northern,District
001550,05,Civil,2026-02-27,2026-08-21,Disposed,145.0,False,,175.0,True,False,,2026-02,2026Q1,2026-08,,False,Mistvale District Court,Central,District
001551,05,Criminal,2026-02-01,2026-08-12,Disposed,192.0,False,,192.0,False,False,,2026-02,2026Q1,2026-08,,False,Mistvale District Court,Central,District
001552,06,Criminal,2025-02-03,2025-07-08,Disposed,155.0,False,,155.0,False,False,,2025-02,2025Q1,2025-07,,False,Central Plains High Court,Central,High
001553,09,Youth,2025-03-05,2025-04-12,Disposed,38.0,False,,38.0,False,False,,2025-03,2025Q1,2025-04,,False,Southgate District Court,Southern,District
001554,07,Civil,2025-03-27,2025-10-24,Disposed,211.0,False,,211.0,False,False,,2025-03,2025Q1,2025-10,,False,Eastfield District Court,Eastern,District
001555,02,Youth,2024-11-23,2025-01-21,Disposed,59.0,False,,59.0,False,False,,2024-11,2024Q4,2025-01,,False,Kauri Point District Court,Northern,District
001556,01,Family,2026-05-12,,Active,,False,,,False,True,112.0,2026-05,2026Q2,,3-12 months,False,Northbridge District Court,Northern,District
001557,10,Civil,2026-06-07,,Active,,False,,,False,True,86.0,2026-06,2026Q2,,0-3 months,False,Fernbay District Court,Southern,District
001558,07,Criminal,2024-08-03,2024-11-03,Disposed,92.0,False,,92.0,False,False,,2024-08,2024Q3,2024-11,,False,Eastfield District Court,Eastern,District
001559,04,Family,2025-11-25,2026-03-28,Disposed,123.0,False,,123.0,False,False,,2025-11,2025Q4,2026-03,,False,Riverton District Court,Central,District
001560,03,Youth,2025-04-09,2025-04-25,Disposed,16.0,False,,16.0,False,False,,2025-04,2025Q2,2025-04,,False,Harbourview High Court,Northern,High
001561,12,Youth,2026-04-16,2026-06-20,Disposed,,False,,65.0,False,False,,2026-04,2026Q2,2026-06,,False,Willow Creek District Court,Southern,District
001562,06,Criminal,2025-07-28,2026-01-15,Disposed,171.0,False,,171.0,False,False,,2025-07,2025Q3,2026-01,,False,Central Plains High Court,Central,High
001563,12,Family,2024-09-01,,Active,,False,,,False,True,730.0,2024-09,2024Q3,,12+ months,True,Willow Creek District Court,Southern,District
001564,06,Criminal,2024-08-31,2024-12-13,Disposed,104.0,False,,104.0,False,False,,2024-08,2024Q3,2024-12,,False,Central Plains High Court,Central,High
001565,12,Civil,2024-10-08,2024-11-09,Disposed,,False,,32.0,False,False,,2024-10,2024Q4,2024-11,,False,Willow Creek District Court,Southern,District
001566,04,Criminal,2025-03-05,2025-08-19,Disposed,167.0,False,,167.0,False,False,,2025-03,2025Q1,2025-08,,False,Riverton District Court,Central,District
001567,10,Youth,2025-09-18,2025-11-08,Disposed,51.0,False,,51.0,False,False,,2025-09,2025Q3,2025-11,,False,Fernbay District Court,Southern,District
001568,09,Criminal,2025-05-28,2025-08-19,Disposed,83.0,False,,83.0,False,False,,2025-05,2025Q2,2025-08,,False,Southgate District Court,Southern,District
001569,10,Criminal,2025-01-03,2025-05-17,Disposed,134.0,False,,134.0,False,False,,2025-01,2025Q1,2025-05,,False,Fernbay District Court,Southern,District
001570,02,Criminal,2025-06-26,2025-10-07,Disposed,103.0,False,,103.0,False,False,,2025-06,2025Q2,2025-10,,False,Kauri Point District Court,Northern,District
001571,06,Criminal,2026-05-21,,Active,,False,,,False,True,103.0,2026-05,2026Q2,,3-12 months,False,Central Plains High Court,Central,High
001572,01,Family,2024-08-06,2025-07-27,Disposed,355.0,False,,355.0,False,False,,2024-08,2024Q3,2025-07,,False,Northbridge District Court,Northern,District
001573,06,Criminal,2025-08-18,2026-02-17,Disposed,183.0,False,,183.0,False,False,,2025-08,2025Q3,2026-02,,False,Central Plains High Court,Central,High
001574,12,Family,2025-04-30,2025-11-21,Disposed,205.0,False,,205.0,False,False,,2025-04,2025Q2,2025-11,,False,Willow Creek District Court,Southern,District
001575,06,Criminal,2026-04-25,2026-08-13,Disposed,110.0,False,,110.0,False,False,,2026-04,2026Q2,2026-08,,False,Central Plains High Court,Central,High
001576,02,Civil,2024-12-22,2025-03-30,Disposed,98.0,False,,98.0,False,False,,2024-12,2024Q4,2025-03,,False,Kauri Point District Court,Northern,District
001577,05,Criminal,2025-01-10,2025-04-27,Disposed,107.0,False,,107.0,False,False,,2025-01,2025Q1,2025-04,,False,Mistvale District Court,Central,District
001578,09,Criminal,2025-03-25,2025-06-26,Disposed,93.0,False,,93.0,False,False,,2025-03,2025Q1,2025-06,,False,Southgate District Court,Southern,District
001579,07,Civil,2026-03-30,2026-05-21,Disposed,52.0,False,,52.0,False,False,,2026-03,2026Q1,2026-05,,False,Eastfield District Court,Eastern,District
001580,10,Civil,2025-07-23,2025-09-22,Disposed,61.0,False,,61.0,False,False,,2025-07,2025Q3,2025-09,,False,Fernbay District Court,Southern,District
001581,02,Youth,2024-09-20,2024-09-30,Disposed,10.0,False,,10.0,False,False,,2024-09,2024Q3,2024-09,,False,Kauri Point District Court,Northern,District
001582,01,Civil,2025-09-20,2026-01-26,Disposed,128.0,False,,128.0,False,False,,2025-09,2025Q3,2026-01,,False,Northbridge District Court,Northern,District
001583,02,Civil,2025-04-06,2025-07-29,Disposed,114.0,False,,114.0,False,False,,2025-04,2025Q2,2025-07,,False,Kauri Point District Court,Northern,District
001584,05,Civil,2026-06-29,,Active,,False,,,False,True,64.0,2026-06,2026Q2,,0-3 months,False,Mistvale District Court,Central,District
001585,10,Criminal,2025-07-18,2025-09-12,Disposed,56.0,False,,56.0,False,False,,2025-07,2025Q3,2025-09,,False,Fernbay District Court,Southern,District
001586,03,Civil,2026-06-04,,Active,,False,,,False,True,89.0,2026-06,2026Q2,,0-3 months,False,Harbourview High Court,Northern,High
001587,08,Family,2025-07-12,2026-06-18,Disposed,341.0,False,,341.0,False,False,,2025-07,2025Q3,2026-06,,False,Cape Lawson District Court,Eastern,District
001588,,Criminal,2025-06-09,2025-11-17,Disposed,161.0,True,court_id not in lookup,161.0,False,False,,2025-06,2025Q2,2025-11,,False,,,
001589,08,Family,2025-06-09,2026-07-11,Disposed,397.0,False,,397.0,False,False,,2025-06,2025Q2,2026-07,,False,Cape Lawson District Court,Eastern,District
001590,01,Family,2025-08-20,2025-12-08,Disposed,110.0,False,,110.0,False,False,,2025-08,2025Q3,2025-12,,False,Northbridge District Court,Northern,District
001591,12,Criminal,2025-02-14,2025-06-21,Disposed,127.0,False,,127.0,False,False,,2025-02,2025Q1,2025-06,,False,Willow Creek District Court,Southern,District
001592,11,Criminal,2024-07-23,2024-11-12,Disposed,112.0,False,,112.0,False,False,,2024-07,2024Q3,2024-11,,False,Southern Ranges High Court,Southern,High
001593,11,Civil,2025-09-26,2026-06-11,Disposed,258.0,False,,258.0,False,False,,2025-09,2025Q3,2026-06,,False,Southern Ranges High Court,Southern,High
001594,11,Youth,2025-02-08,2025-08-01,Disposed,174.0,False,,174.0,False,False,,2025-02,2025Q1,2025-08,,False,Southern Ranges High Court,Southern,High
001595,05,Youth,2025-09-02,2025-10-27,Disposed,55.0,False,,55.0,False,False,,2025-09,2025Q3,2025-10,,False,Mistvale District Court,Central,District
001596,07,Youth,2025-10-15,2026-07-24,Disposed,282.0,False,,282.0,False,False,,2025-10,2025Q4,2026-07,,False,Eastfield District Court,Eastern,District
001597,08,Family,2026-05-09,,Active,,False,,,False,True,115.0,2026-05,2026Q2,,3-12 months,False,Cape Lawson District Court,Eastern,District
001598,10,Family,2025-08-31,2026-06-09,Disposed,282.0,False,,282.0,False,False,,2025-08,2025Q3,2026-06,,False,Fernbay District Court,Southern,District
001599,08,Civil,2024-07-27,2024-09-29,Disposed,64.0,False,,64.0,False,False,,2024-07,2024Q3,2024-09,,False,Cape Lawson District Court,Eastern,District
001600,05,Criminal,2024-10-30,2025-06-09,Disposed,222.0,False,,222.0,False,False,,2024-10,2024Q4,2025-06,,False,Mistvale District Court,Central,District
001601,07,Criminal,2025-07-25,2025-12-04,Disposed,132.0,False,,132.0,False,False,,2025-07,2025Q3,2025-12,,False,Eastfield District Court,Eastern,District
001602,10,Family,2025-11-06,2026-01-20,Disposed,75.0,False,,75.0,False,False,,2025-11,2025Q4,2026-01,,False,Fernbay District Court,Southern,District
001603,10,Family,2024-09-02,2024-12-18,Disposed,107.0,False,,107.0,False,False,,2024-09,2024Q3,2024-12,,False,Fernbay District Court,Southern,District
001604,12,Civil,2025-01-30,2025-06-21,Disposed,142.0,False,,142.0,False,False,,2025-01,2025Q1,2025-06,,False,Willow Creek District Court,Southern,District
001605,09,Criminal,2025-11-05,2026-01-10,Disposed,66.0,False,,66.0,False,False,,2025-11,2025Q4,2026-01,,False,Southgate District Court,Southern,District
001606,05,Criminal,2024-07-25,2026-07-08,Disposed,713.0,False,,713.0,False,False,,2024-07,2024Q3,2026-07,,False,Mistvale District Court,Central,District
001607,03,Civil,2025-01-31,2026-01-28,Disposed,362.0,False,,362.0,False,False,,2025-01,2025Q1,2026-01,,False,Harbourview High Court,Northern,High
001608,04,Civil,2026-02-06,2026-05-14,Disposed,,False,,97.0,False,False,,2026-02,2026Q1,2026-05,,False,Riverton District Court,Central,District
001609,12,Criminal,2025-02-11,2025-03-25,Disposed,42.0,False,,42.0,False,False,,2025-02,2025Q1,2025-03,,False,Willow Creek District Court,Southern,District
001610,01,Family,2024-08-08,2025-03-07,Disposed,211.0,False,,211.0,False,False,,2024-08,2024Q3,2025-03,,False,Northbridge District Court,Northern,District
001611,10,Civil,2026-05-05,,Active,,False,,,False,True,119.0,2026-05,2026Q2,,3-12 months,False,Fernbay District Court,Southern,District
001612,07,Criminal,2026-05-07,,Active,,False,,,False,True,117.0,2026-05,2026Q2,,3-12 months,False,Eastfield District Court,Eastern,District
001613,09,Civil,2026-04-25,,Active,,False,,,False,True,129.0,2026-04,2026Q2,,3-12 months,False,Southgate District Court,Southern,District
001614,12,Youth,2025-10-09,2025-10-03,Disposed,52.0,True,disposed before filed,-6.0,True,False,,2025-10,2025Q4,2025-10,,False,Willow Creek District Court,Southern,District
001615,07,Civil,2025-10-16,2026-08-26,Disposed,314.0,False,,314.0,False,False,,2025-10,2025Q4,2026-08,,False,Eastfield District Court,Eastern,District
001616,07,Family,2024-08-10,,Active,,False,,,False,True,752.0,2024-08,2024Q3,,12+ months,True,Eastfield District Court,Eastern,District
001617,04,Criminal,2025-08-09,2026-02-18,Disposed,193.0,False,,193.0,False,False,,2025-08,2025Q3,2026-02,,False,Riverton District Court,Central,District
001618,01,Civil,2025-09-10,2025-11-19,Disposed,70.0,False,,70.0,False,False,,2025-09,2025Q3,2025-11,,False,Northbridge District Court,Northern,District
001619,01,Family,2025-04-14,2026-02-11,Disposed,303.0,False,,303.0,False,False,,2025-04,2025Q2,2026-02,,False,Northbridge District Court,Northern,District
001620,05,Family,2025-03-18,2025-10-10,Disposed,206.0,False,,206.0,False,False,,2025-03,2025Q1,2025-10,,False,Mistvale District Court,Central,District
001621,08,Criminal,2024-07-04,2024-08-11,Disposed,38.0,False,,38.0,False,False,,2024-07,2024Q3,2024-08,,False,Cape Lawson District Court,Eastern,District
001622,06,Civil,2025-09-27,2026-02-13,Disposed,139.0,False,,139.0,False,False,,2025-09,2025Q3,2026-02,,False,Central Plains High Court,Central,High
001623,09,Criminal,2024-11-12,2025-09-29,Disposed,321.0,False,,321.0,False,False,,2024-11,2024Q4,2025-09,,False,Southgate District Court,Southern,District
001624,01,Youth,2025-11-29,2026-01-26,Disposed,58.0,False,,58.0,False,False,,2025-11,2025Q4,2026-01,,False,Northbridge District Court,Northern,District
001625,05,Criminal,2024-12-05,2025-04-12,Disposed,128.0,False,,128.0,False,False,,2024-12,2024Q4,2025-04,,False,Mistvale District Court,Central,District
001626,12,Criminal,2025-11-05,2026-02-07,Disposed,94.0,False,,94.0,False,False,,2025-11,2025Q4,2026-02,,False,Willow Creek District Court,Southern,District
001627,09,Criminal,2025-10-06,2026-03-04,Disposed,149.0,False,,149.0,False,False,,2025-10,2025Q4,2026-03,,False,Southgate District Court,Southern,District
001628,10,Family,2025-10-10,2026-04-10,Disposed,182.0,False,,182.0,False,False,,2025-10,2025Q4,2026-04,,False,Fernbay District Court,Southern,District
001629,07,Criminal,2024-07-10,2025-01-18,Disposed,192.0,False,,192.0,False,False,,2024-07,2024Q3,2025-01,,False,Eastfield District Court,Eastern,District
001630,10,Criminal,2026-04-23,,Active,,False,,,False,True,131.0,2026-04,2026Q2,,3-12 months,False,Fernbay District Court,Southern,District
001631,05,Criminal,2026-06-08,,Active,,False,,,False,True,85.0,2026-06,2026Q2,,0-3 months,False,Mistvale District Court,Central,District
001632,10,Family,2024-10-25,2025-08-17,Disposed,296.0,False,,296.0,False,False,,2024-10,2024Q4,2025-08,,False,Fernbay District Court,Southern,District
001633,07,Family,2026-06-08,,Active,,False,,,False,True,85.0,2026-06,2026Q2,,0-3 months,False,Eastfield District Court,Eastern,District
001634,08,Family,2024-10-16,2026-06-17,Disposed,609.0,False,,609.0,False,False,,2024-10,2024Q4,2026-06,,False,Cape Lawson District Court,Eastern,District
001635,08,Civil,2025-07-12,2025-09-09,Disposed,59.0,False,,59.0,False,False,,2025-07,2025Q3,2025-09,,False,Cape Lawson District Court,Eastern,District
001636,05,Criminal,2024-09-13,2025-02-04,Disposed,144.0,False,,144.0,False,False,,2024-09,2024Q3,2025-02,,False,Mistvale District Court,Central,District
001637,03,Family,2026-04-26,,Active,,False,,,False,True,128.0,2026-04,2026Q2,,3-12 months,False,Harbourview High Court,Northern,High
001638,02,Civil,2026-04-04,2026-06-01,Disposed,58.0,False,,58.0,False,False,,2026-04,2026Q2,2026-06,,False,Kauri Point District Court,Northern,District
001639,07,Criminal,2025-07-14,2025-08-28,Disposed,45.0,False,,45.0,False,False,,2025-07,2025Q3,2025-08,,False,Eastfield District Court,Eastern,District
001640,09,Family,2025-08-06,2025-12-18,Disposed,134.0,False,,134.0,False,False,,2025-08,2025Q3,2025-12,,False,Southgate District Court,Southern,District
001641,01,Family,2026-06-27,,Active,,False,,,False,True,66.0,2026-06,2026Q2,,0-3 months,False,Northbridge District Court,Northern,District
001642,05,Family,2024-08-11,2024-09-20,Disposed,40.0,False,,40.0,False,False,,2024-08,2024Q3,2024-09,,False,Mistvale District Court,Central,District
001643,12,Youth,2025-09-24,2025-11-22,Disposed,59.0,False,,59.0,False,False,,2025-09,2025Q3,2025-11,,False,Willow Creek District Court,Southern,District
001644,05,Family,2025-05-04,2026-02-22,Disposed,294.0,False,,294.0,False,False,,2025-05,2025Q2,2026-02,,False,Mistvale District Court,Central,District
001645,11,Civil,2024-07-08,2024-09-22,Disposed,76.0,False,,76.0,False,False,,2024-07,2024Q3,2024-09,,False,Southern Ranges High Court,Southern,High
001646,02,Criminal,2025-08-29,2025-11-30,Disposed,93.0,False,,93.0,False,False,,2025-08,2025Q3,2025-11,,False,Kauri Point District Court,Northern,District
001647,05,Criminal,2026-02-05,,Active,,False,,,False,True,208.0,2026-02,2026Q1,,3-12 months,False,Mistvale District Court,Central,District
001648,10,Family,2025-07-12,2026-04-17,Disposed,279.0,False,,279.0,False,False,,2025-07,2025Q3,2026-04,,False,Fernbay District Court,Southern,District
001649,10,Criminal,2026-01-07,2026-06-22,Disposed,166.0,False,,166.0,False,False,,2026-01,2026Q1,2026-06,,False,Fernbay District Court,Southern,District
001650,11,Family,2025-03-20,2025-07-11,Disposed,113.0,False,,113.0,False,False,,2025-03,2025Q1,2025-07,,False,Southern Ranges High Court,Southern,High
001651,12,Civil,2026-02-24,,Active,,False,,,False,True,189.0,2026-02,2026Q1,,3-12 months,False,Willow Creek District Court,Southern,District
001652,10,Civil,2025-12-12,2026-02-04,Disposed,54.0,False,,54.0,False,False,,2025-12,2025Q4,2026-02,,False,Fernbay District Court,Southern,District
001653,07,Criminal,2024-11-06,2025-02-21,Disposed,107.0,False,,107.0,False,False,,2024-11,2024Q4,2025-02,,False,Eastfield District Court,Eastern,District
001654,07,Civil,2025-05-27,2025-07-04,Disposed,38.0,False,,38.0,False,False,,2025-05,2025Q2,2025-07,,False,Eastfield District Court,Eastern,District
001655,04,Youth,2025-08-04,2025-12-20,Disposed,138.0,False,,138.0,False,False,,2025-08,2025Q3,2025-12,,False,Riverton District Court,Central,District
001656,10,Civil,2026-01-02,2026-03-07,Disposed,64.0,False,,64.0,False,False,,2026-01,2026Q1,2026-03,,False,Fernbay District Court,Southern,District
001657,05,Criminal,2025-07-27,2025-10-31,Disposed,96.0,False,,96.0,False,False,,2025-07,2025Q3,2025-10,,False,Mistvale District Court,Central,District
001658,05,Civil,2025-01-19,2025-10-15,Disposed,269.0,False,,269.0,False,False,,2025-01,2025Q1,2025-10,,False,Mistvale District Court,Central,District
001659,06,Criminal,2024-11-15,2025-05-05,Disposed,171.0,False,,171.0,False,False,,2024-11,2024Q4,2025-05,,False,Central Plains High Court,Central,High
001660,06,Criminal,2026-06-30,2026-08-31,Disposed,62.0,False,,62.0,False,False,,2026-06,2026Q2,2026-08,,False,Central Plains High Court,Central,High
001661,11,Criminal,2024-09-04,,Active,,False,,,False,True,727.0,2024-09,2024Q3,,12+ months,True,Southern Ranges High Court,Southern,High
001662,,Criminal,2026-03-17,2026-06-24,Disposed,,True,court_id not in lookup,99.0,False,False,,2026-03,2026Q1,2026-06,,False,,,
001663,12,Family,2026-02-11,2026-04-30,Disposed,78.0,False,,78.0,False,False,,2026-02,2026Q1,2026-04,,False,Willow Creek District Court,Southern,District
001664,09,Criminal,2026-06-20,,Active,,False,,,False,True,73.0,2026-06,2026Q2,,0-3 months,False,Southgate District Court,Southern,District
001665,10,Youth,2024-08-01,2024-10-16,Disposed,76.0,False,,76.0,False,False,,2024-08,2024Q3,2024-10,,False,Fernbay District Court,Southern,District
001666,05,Criminal,2025-08-31,2025-11-06,Disposed,67.0,False,,67.0,False,False,,2025-08,2025Q3,2025-11,,False,Mistvale District Court,Central,District
001667,02,Family,2026-05-17,,Active,,False,,,False,True,107.0,2026-05,2026Q2,,3-12 months,False,Kauri Point District Court,Northern,District
001668,03,Family,2025-08-25,2026-01-27,Disposed,155.0,False,,155.0,False,False,,2025-08,2025Q3,2026-01,,False,Harbourview High Court,Northern,High
001669,01,Criminal,2025-08-16,2026-07-20,Disposed,338.0,False,,338.0,False,False,,2025-08,2025Q3,2026-07,,False,Northbridge District Court,Northern,District
001670,12,Criminal,2025-04-07,2025-10-16,Disposed,192.0,False,,192.0,False,False,,2025-04,2025Q2,2025-10,,False,Willow Creek District Court,Southern,District
001671,11,Criminal,2026-01-18,2026-04-09,Disposed,81.0,False,,81.0,False,False,,2026-01,2026Q1,2026-04,,False,Southern Ranges High Court,Southern,High
001672,01,Civil,2025-09-08,2026-01-26,Disposed,140.0,False,,140.0,False,False,,2025-09,2025Q3,2026-01,,False,Northbridge District Court,Northern,District
001673,05,Criminal,2026-05-16,2026-08-26,Disposed,102.0,False,,102.0,False,False,,2026-05,2026Q2,2026-08,,False,Mistvale District Court,Central,District
001674,06,Criminal,2026-05-26,,Active,,False,,,False,True,98.0,2026-05,2026Q2,,3-12 months,False,Central Plains High Court,Central,High
001675,01,Family,2025-03-11,2025-11-18,Disposed,252.0,False,,252.0,False,False,,2025-03,2025Q1,2025-11,,False,Northbridge District Court,Northern,District
001676,01,Family,2026-06-06,,Active,,False,,,False,True,87.0,2026-06,2026Q2,,0-3 months,False,Northbridge District Court,Northern,District
001677,12,Youth,2024-09-17,2025-01-23,Disposed,128.0,False,,128.0,False,False,,2024-09,2024Q3,2025-01,,False,Willow Creek District Court,Southern,District
001678,01,Family,2024-09-19,2024-12-09,Disposed,81.0,False,,81.0,False,False,,2024-09,2024Q3,2024-12,,False,Northbridge District Court,Northern,District
001679,07,Civil,2024-09-04,2025-03-19,Disposed,196.0,False,,196.0,False,False,,2024-09,2024Q3,2025-03,,False,Eastfield District Court,Eastern,District
001680,02,Criminal,2025-05-13,2025-06-26,Disposed,44.0,False,,44.0,False,False,,2025-05,2025Q2,2025-06,,False,Kauri Point District Court,Northern,District
001681,06,Family,2026-02-10,,Active,,False,,,False,True,203.0,2026-02,2026Q1,,3-12 months,False,Central Plains High Court,Central,High
001682,05,Criminal,2025-05-11,,Active,,False,,,False,True,478.0,2025-05,2025Q2,,12+ months,True,Mistvale District Court,Central,District
001683,09,Family,2024-11-24,,Active,,False,,,False,True,646.0,2024-11,2024Q4,,12+ months,True,Southgate District Court,Southern,District
001684,09,Criminal,2025-07-19,2025-10-13,Disposed,86.0,False,,86.0,False,False,,2025-07,2025Q3,2025-10,,False,Southgate District Court,Southern,District
001685,02,Criminal,2024-10-05,2025-02-20,Disposed,138.0,False,,138.0,False,False,,2024-10,2024Q4,2025-02,,False,Kauri Point District Court,Northern,District
001686,03,Civil,2025-11-29,2026-02-04,Disposed,67.0,False,,67.0,False,False,,2025-11,2025Q4,2026-02,,False,Harbourview High Court,Northern,High
001687,03,Criminal,2026-06-30,,Active,,False,,,False,True,63.0,2026-06,2026Q2,,0-3 months,False,Harbourview High Court,Northern,High
001688,07,Criminal,2026-05-22,2026-07-30,Disposed,69.0,False,,69.0,False,False,,2026-05,2026Q2,2026-07,,False,Eastfield District Court,Eastern,District
001689,08,Civil,2025-09-06,,Active,,False,,,False,True,360.0,2025-09,2025Q3,,3-12 months,False,Cape Lawson District Court,Eastern,District
001690,11,Family,2025-10-25,2026-05-05,Disposed,192.0,False,,192.0,False,False,,2025-10,2025Q4,2026-05,,False,Southern Ranges High Court,Southern,High
001691,05,Criminal,2025-01-13,2026-01-22,Disposed,374.0,False,,374.0,False,False,,2025-01,2025Q1,2026-01,,False,Mistvale District Court,Central,District
001692,10,Family,2025-07-05,2026-04-26,Disposed,295.0,False,,295.0,False,False,,2025-07,2025Q3,2026-04,,False,Fernbay District Court,Southern,District
001693,01,Civil,2024-12-30,2025-04-16,Disposed,107.0,False,,107.0,False,False,,2024-12,2024Q4,2025-04,,False,Northbridge District Court,Northern,District
001694,09,Youth,2024-07-23,2024-08-16,Disposed,24.0,False,,24.0,False,False,,2024-07,2024Q3,2024-08,,False,Southgate District Court,Southern,District
001695,04,Criminal,2024-07-15,2024-12-29,Disposed,167.0,False,,167.0,False,False,,2024-07,2024Q3,2024-12,,False,Riverton District Court,Central,District
001696,03,Criminal,2025-03-06,2025-06-24,Disposed,110.0,False,,110.0,False,False,,2025-03,2025Q1,2025-06,,False,Harbourview High Court,Northern,High
001697,12,Youth,2026-02-12,2026-06-06,Disposed,114.0,False,,114.0,False,False,,2026-02,2026Q1,2026-06,,False,Willow Creek District Court,Southern,District
001698,09,Youth,2024-08-17,2024-11-22,Disposed,97.0,False,,97.0,False,False,,2024-08,2024Q3,2024-11,,False,Southgate District Court,Southern,District
001699,03,Civil,2024-08-16,2025-03-20,Disposed,216.0,False,,216.0,False,False,,2024-08,2024Q3,2025-03,,False,Harbourview High Court,Northern,High
001700,01,Youth,2026-03-14,2026-05-08,Disposed,55.0,False,,55.0,False,False,,2026-03,2026Q1,2026-05,,False,Northbridge District Court,Northern,District
001701,07,Civil,2025-07-30,2026-07-01,Disposed,336.0,False,,336.0,False,False,,2025-07,2025Q3,2026-07,,False,Eastfield District Court,Eastern,District
001702,12,Criminal,2024-07-20,2024-10-03,Disposed,75.0,False,,75.0,False,False,,2024-07,2024Q3,2024-10,,False,Willow Creek District Court,Southern,District
001703,02,Family,2025-08-17,,Active,,False,,,False,True,380.0,2025-08,2025Q3,,12+ months,True,Kauri Point District Court,Northern,District
001704,11,Family,2025-11-17,2026-06-06,Disposed,201.0,False,,201.0,False,False,,2025-11,2025Q4,2026-06,,False,Southern Ranges High Court,Southern,High
001705,02,Family,2025-05-15,2025-08-22,Disposed,99.0,False,,99.0,False,False,,2025-05,2025Q2,2025-08,,False,Kauri Point District Court,Northern,District
001706,12,Family,2025-10-03,2026-05-23,Disposed,232.0,False,,232.0,False,False,,2025-10,2025Q4,2026-05,,False,Willow Creek District Court,Southern,District
001707,08,Family,2025-08-31,,Active,,False,,,False,True,366.0,2025-08,2025Q3,,12+ months,True,Cape Lawson District Court,Eastern,District
001708,10,Criminal,2024-12-12,2025-05-15,Disposed,154.0,False,,154.0,False,False,,2024-12,2024Q4,2025-05,,False,Fernbay District Court,Southern,District
001709,01,Youth,2024-12-10,2025-02-15,Disposed,67.0,False,,67.0,False,False,,2024-12,2024Q4,2025-02,,False,Northbridge District Court,Northern,District
001710,06,Civil,2024-07-21,2024-12-21,Disposed,153.0,False,,153.0,False,False,,2024-07,2024Q3,2024-12,,False,Central Plains High Court,Central,High
001711,06,Criminal,2024-07-28,2024-11-26,Disposed,121.0,False,,121.0,False,False,,2024-07,2024Q3,2024-11,,False,Central Plains High Court,Central,High
001712,06,Family,2025-09-02,,Active,,False,,,False,True,364.0,2025-09,2025Q3,,3-12 months,False,Central Plains High Court,Central,High
001713,08,Family,2025-11-26,,Active,,False,,,False,True,279.0,2025-11,2025Q4,,3-12 months,False,Cape Lawson District Court,Eastern,District
001714,01,Family,2025-01-16,2025-05-15,Disposed,119.0,False,,119.0,False,False,,2025-01,2025Q1,2025-05,,False,Northbridge District Court,Northern,District
001715,09,Civil,2025-08-21,2025-12-24,Disposed,125.0,False,,125.0,False,False,,2025-08,2025Q3,2025-12,,False,Southgate District Court,Southern,District
001716,12,Criminal,2025-03-08,2025-04-15,Disposed,38.0,False,,38.0,False,False,,2025-03,2025Q1,2025-04,,False,Willow Creek District Court,Southern,District
001717,02,Youth,2025-02-02,2025-03-17,Disposed,43.0,False,,43.0,False,False,,2025-02,2025Q1,2025-03,,False,Kauri Point District Court,Northern,District
001718,07,Civil,2026-04-08,2026-07-13,Disposed,96.0,False,,96.0,False,False,,2026-04,2026Q2,2026-07,,False,Eastfield District Court,Eastern,District
001719,07,Civil,2025-04-11,2025-09-11,Disposed,153.0,False,,153.0,False,False,,2025-04,2025Q2,2025-09,,False,Eastfield District Court,Eastern,District
001720,12,Youth,2025-08-26,2025-09-19,Disposed,24.0,False,,24.0,False,False,,2025-08,2025Q3,2025-09,,False,Willow Creek District Court,Southern,District
001721,03,Civil,2024-07-10,2025-01-05,Disposed,179.0,False,,179.0,False,False,,2024-07,2024Q3,2025-01,,False,Harbourview High Court,Northern,High
001722,10,Family,2024-11-21,2025-01-26,Disposed,66.0,False,,66.0,False,False,,2024-11,2024Q4,2025-01,,False,Fernbay District Court,Southern,District
001723,12,Civil,2024-07-15,2024-09-19,Disposed,,False,,66.0,False,False,,2024-07,2024Q3,2024-09,,False,Willow Creek District Court,Southern,District
001724,11,Criminal,2024-10-24,2025-10-13,Disposed,354.0,False,,354.0,False,False,,2024-10,2024Q4,2025-10,,False,Southern Ranges High Court,Southern,High
001725,05,Criminal,2025-08-26,2026-01-04,Disposed,131.0,False,,131.0,False,False,,2025-08,2025Q3,2026-01,,False,Mistvale District Court,Central,District
001726,11,Youth,2026-02-15,,Active,,False,,,False,True,198.0,2026-02,2026Q1,,3-12 months,False,Southern Ranges High Court,Southern,High
001727,11,Civil,2025-11-26,2026-07-13,Disposed,229.0,False,,229.0,False,False,,2025-11,2025Q4,2026-07,,False,Southern Ranges High Court,Southern,High
001728,08,Civil,2026-06-20,,Active,,False,,,False,True,73.0,2026-06,2026Q2,,0-3 months,False,Cape Lawson District Court,Eastern,District
001729,04,Family,2024-07-22,2024-10-12,Disposed,82.0,False,,82.0,False,False,,2024-07,2024Q3,2024-10,,False,Riverton District Court,Central,District
001730,04,Criminal,2025-07-21,2025-11-17,Disposed,119.0,False,,119.0,False,False,,2025-07,2025Q3,2025-11,,False,Riverton District Court,Central,District
001731,03,Criminal,2025-04-19,2025-07-26,Disposed,98.0,False,,98.0,False,False,,2025-04,2025Q2,2025-07,,False,Harbourview High Court,Northern,High
001732,07,Criminal,2026-03-25,,Active,,False,,,False,True,160.0,2026-03,2026Q1,,3-12 months,False,Eastfield District Court,Eastern,District
001733,08,Criminal,2025-03-09,2025-11-15,Disposed,251.0,False,,251.0,False,False,,2025-03,2025Q1,2025-11,,False,Cape Lawson District Court,Eastern,District
001734,09,Criminal,2025-05-20,2025-10-08,Disposed,141.0,False,,141.0,False,False,,2025-05,2025Q2,2025-10,,False,Southgate District Court,Southern,District
001735,12,Family,2024-08-06,2024-12-22,Disposed,138.0,False,,138.0,False,False,,2024-08,2024Q3,2024-12,,False,Willow Creek District Court,Southern,District
001736,07,Family,2024-07-21,2025-06-20,Disposed,334.0,False,,334.0,False,False,,2024-07,2024Q3,2025-06,,False,Eastfield District Court,Eastern,District
001737,11,Family,2026-01-25,,Active,,False,,,False,True,219.0,2026-01,2026Q1,,3-12 months,False,Southern Ranges High Court,Southern,High
001738,01,Civil,2024-11-05,2025-03-17,Disposed,132.0,False,,132.0,False,False,,2024-11,2024Q4,2025-03,,False,Northbridge District Court,Northern,District
001739,08,Family,2024-08-01,,Active,,False,,,False,True,761.0,2024-08,2024Q3,,12+ months,True,Cape Lawson District Court,Eastern,District
001740,04,Youth,2025-09-29,,Active,,False,,,False,True,337.0,2025-09,2025Q3,,3-12 months,False,Riverton District Court,Central,District
001741,04,Criminal,2025-04-09,2025-06-25,Disposed,77.0,False,,77.0,False,False,,2025-04,2025Q2,2025-06,,False,Riverton District Court,Central,District
001742,04,Family,2025-07-01,2026-01-30,Disposed,213.0,False,,213.0,False,False,,2025-07,2025Q3,2026-01,,False,Riverton District Court,Central,District
001743,05,Criminal,2026-04-28,,Active,,False,,,False,True,126.0,2026-04,2026Q2,,3-12 months,False,Mistvale District Court,Central,District
001744,10,Family,2026-05-27,,Active,,False,,,False,True,97.0,2026-05,2026Q2,,3-12 months,False,Fernbay District Court,Southern,District
001745,02,Youth,2026-05-02,2026-06-10,Disposed,39.0,False,,39.0,False,False,,2026-05,2026Q2,2026-06,,False,Kauri Point District Court,Northern,District
001746,11,Criminal,2024-10-29,2025-04-20,Disposed,173.0,False,,173.0,False,False,,2024-10,2024Q4,2025-04,,False,Southern Ranges High Court,Southern,High
001747,12,Civil,2024-09-11,2025-03-10,Disposed,180.0,False,,180.0,False,False,,2024-09,2024Q3,2025-03,,False,Willow Creek District Court,Southern,District
001748,05,Criminal,2024-08-28,2025-01-15,Disposed,140.0,False,,140.0,False,False,,2024-08,2024Q3,2025-01,,False,Mistvale District Court,Central,District
001749,03,Criminal,2024-11-01,,Active,,False,,,False,True,669.0,2024-11,2024Q4,,12+ months,True,Harbourview High Court,Northern,High
001750,10,Criminal,2025-08-14,2025-10-07,Disposed,54.0,False,,54.0,False,False,,2025-08,2025Q3,2025-10,,False,Fernbay District Court,Southern,District
001751,03,Criminal,2024-07-18,2024-11-08,Disposed,113.0,False,,113.0,False,False,,2024-07,2024Q3,2024-11,,False,Harbourview High Court,Northern,High
001752,12,Criminal,2025-10-16,2026-03-04,Disposed,139.0,False,,139.0,False,False,,2025-10,2025Q4,2026-03,,False,Willow Creek District Court,Southern,District
001753,07,Criminal,2026-05-20,,Active,,False,,,False,True,104.0,2026-05,2026Q2,,3-12 months,False,Eastfield District Court,Eastern,District
001754,04,Civil,2026-05-30,,Active,,False,,,False,True,94.0,2026-05,2026Q2,,3-12 months,False,Riverton District Court,Central,District
001755,12,Civil,2024-09-17,2024-10-20,Disposed,33.0,False,,33.0,False,False,,2024-09,2024Q3,2024-10,,False,Willow Creek District Court,Southern,District
001756,02,Civil,2026-02-09,2026-06-10,Disposed,121.0,False,,121.0,False,False,,2026-02,2026Q1,2026-06,,False,Kauri Point District Court,Northern,District
001757,02,Youth,2025-06-25,2025-10-11,Disposed,108.0,False,,108.0,False,False,,2025-06,2025Q2,2025-10,,False,Kauri Point District Court,Northern,District
001758,03,Family,2025-01-04,2025-10-03,Disposed,272.0,False,,272.0,False,False,,2025-01,2025Q1,2025-10,,False,Harbourview High Court,Northern,High
001759,02,Civil,2025-05-21,2025-09-07,Disposed,109.0,False,,109.0,False,False,,2025-05,2025Q2,2025-09,,False,Kauri Point District Court,Northern,District
001760,11,Criminal,2026-05-31,,Active,,False,,,False,True,93.0,2026-05,2026Q2,,3-12 months,False,Southern Ranges High Court,Southern,High
001761,04,Civil,2025-03-30,2025-08-19,Disposed,142.0,False,,142.0,False,False,,2025-03,2025Q1,2025-08,,False,Riverton District Court,Central,District
001762,12,Criminal,2025-05-02,2025-08-28,Disposed,118.0,False,,118.0,False,False,,2025-05,2025Q2,2025-08,,False,Willow Creek District Court,Southern,District
001763,02,Criminal,2025-05-06,2025-11-24,Disposed,202.0,False,,202.0,False,False,,2025-05,2025Q2,2025-11,,False,Kauri Point District Court,Northern,District
001764,08,Civil,2025-06-29,2026-02-05,Disposed,221.0,False,,221.0,False,False,,2025-06,2025Q2,2026-02,,False,Cape Lawson District Court,Eastern,District
001765,10,Criminal,2025-02-17,2025-05-26,Disposed,98.0,False,,98.0,False,False,,2025-02,2025Q1,2025-05,,False,Fernbay District Court,Southern,District
001766,09,Criminal,2026-01-03,2026-05-20,Disposed,137.0,False,,137.0,False,False,,2026-01,2026Q1,2026-05,,False,Southgate District Court,Southern,District
001767,12,Family,2025-09-15,2026-05-14,Disposed,241.0,False,,241.0,False,False,,2025-09,2025Q3,2026-05,,False,Willow Creek District Court,Southern,District
001768,02,Civil,2024-08-14,2024-09-03,Disposed,20.0,False,,20.0,False,False,,2024-08,2024Q3,2024-09,,False,Kauri Point District Court,Northern,District
001769,07,Family,2025-06-21,2025-08-24,Disposed,64.0,False,,64.0,False,False,,2025-06,2025Q2,2025-08,,False,Eastfield District Court,Eastern,District
001770,12,Family,2025-10-10,,Active,,False,,,False,True,326.0,2025-10,2025Q4,,3-12 months,False,Willow Creek District Court,Southern,District
001771,09,Youth,2025-04-28,2025-06-23,Disposed,56.0,False,,56.0,False,False,,2025-04,2025Q2,2025-06,,False,Southgate District Court,Southern,District
001772,04,Youth,2025-03-09,2025-07-27,Disposed,140.0,False,,140.0,False,False,,2025-03,2025Q1,2025-07,,False,Riverton District Court,Central,District
001773,06,Criminal,2025-08-09,2026-02-07,Disposed,182.0,False,,182.0,False,False,,2025-08,2025Q3,2026-02,,False,Central Plains High Court,Central,High
001774,10,Family,2026-03-20,2026-08-31,Disposed,164.0,False,,164.0,False,False,,2026-03,2026Q1,2026-08,,False,Fernbay District Court,Southern,District
001775,12,Criminal,2026-05-07,2026-08-21,Disposed,96.0,False,,106.0,True,False,,2026-05,2026Q2,2026-08,,False,Willow Creek District Court,Southern,District
001776,01,Civil,2024-10-27,2024-12-27,Disposed,61.0,False,,61.0,False,False,,2024-10,2024Q4,2024-12,,False,Northbridge District Court,Northern,District
001777,05,Criminal,2024-09-13,2025-02-19,Disposed,159.0,False,,159.0,False,False,,2024-09,2024Q3,2025-02,,False,Mistvale District Court,Central,District
001778,12,Criminal,2026-06-12,,Active,,False,,,False,True,81.0,2026-06,2026Q2,,0-3 months,False,Willow Creek District Court,Southern,District
001779,12,Criminal,2026-03-24,2026-06-18,Disposed,86.0,False,,86.0,False,False,,2026-03,2026Q1,2026-06,,False,Willow Creek District Court,Southern,District
001780,08,Civil,2025-02-17,,Active,,False,,,False,True,561.0,2025-02,2025Q1,,12+ months,True,Cape Lawson District Court,Eastern,District
001781,07,Civil,2025-10-27,2026-03-31,Disposed,155.0,False,,155.0,False,False,,2025-10,2025Q4,2026-03,,False,Eastfield District Court,Eastern,District
001782,04,Civil,2024-08-06,,Active,,False,,,False,True,756.0,2024-08,2024Q3,,12+ months,True,Riverton District Court,Central,District
001783,09,Youth,2026-04-09,2026-06-08,Disposed,60.0,False,,60.0,False,False,,2026-04,2026Q2,2026-06,,False,Southgate District Court,Southern,District
001784,08,Criminal,2026-01-25,,Active,,False,,,False,True,219.0,2026-01,2026Q1,,3-12 months,False,Cape Lawson District Court,Eastern,District
001785,06,Family,2026-05-30,,Active,,False,,,False,True,94.0,2026-05,2026Q2,,3-12 months,False,Central Plains High Court,Central,High
001786,08,Family,2024-07-02,2024-11-09,Disposed,,False,,130.0,False,False,,2024-07,2024Q3,2024-11,,False,Cape Lawson District Court,Eastern,District
001787,02,Youth,2026-04-15,2026-06-22,Disposed,68.0,False,,68.0,False,False,,2026-04,2026Q2,2026-06,,False,Kauri Point District Court,Northern,District
001788,10,Civil,2025-03-11,2025-08-27,Disposed,169.0,False,,169.0,False,False,,2025-03,2025Q1,2025-08,,False,Fernbay District Court,Southern,District
001789,07,Youth,2025-03-03,2025-09-29,Disposed,210.0,False,,210.0,False,False,,2025-03,2025Q1,2025-09,,False,Eastfield District Court,Eastern,District
001790,06,Civil,2025-04-13,2026-01-22,Disposed,284.0,False,,284.0,False,False,,2025-04,2025Q2,2026-01,,False,Central Plains High Court,Central,High
001791,03,Family,2026-04-19,2026-07-09,Disposed,81.0,False,,81.0,False,False,,2026-04,2026Q2,2026-07,,False,Harbourview High Court,Northern,High
001792,01,Youth,2025-11-11,2026-03-29,Disposed,138.0,False,,138.0,False,False,,2025-11,2025Q4,2026-03,,False,Northbridge District Court,Northern,District
001793,06,Youth,2025-08-18,2025-12-12,Disposed,116.0,False,,116.0,False,False,,2025-08,2025Q3,2025-12,,False,Central Plains High Court,Central,High
001794,11,Family,2025-06-13,2025-12-11,Disposed,181.0,False,,181.0,False,False,,2025-06,2025Q2,2025-12,,False,Southern Ranges High Court,Southern,High
001795,03,Youth,2025-10-06,2026-05-05,Disposed,211.0,False,,211.0,False,False,,2025-10,2025Q4,2026-05,,False,Harbourview High Court,Northern,High
001796,07,Criminal,2024-07-05,2024-09-01,Disposed,58.0,False,,58.0,False,False,,2024-07,2024Q3,2024-09,,False,Eastfield District Court,Eastern,District
001797,09,Family,2025-11-11,2026-03-19,Disposed,128.0,False,,128.0,False,False,,2025-11,2025Q4,2026-03,,False,Southgate District Court,Southern,District
001798,07,Criminal,2024-11-27,,Active,,False,,,False,True,643.0,2024-11,2024Q4,,12+ months,True,Eastfield District Court,Eastern,District
001799,05,Civil,2025-06-18,2026-04-20,Disposed,306.0,False,,306.0,False,False,,2025-06,2025Q2,2026-04,,False,Mistvale District Court,Central,District
001800,05,Civil,2026-06-02,,Active,,False,,,False,True,91.0,2026-06,2026Q2,,3-12 months,False,Mistvale District Court,Central,District
001801,12,Family,2025-10-21,2026-06-22,Disposed,244.0,False,,244.0,False,False,,2025-10,2025Q4,2026-06,,False,Willow Creek District Court,Southern,District
001802,02,Family,2024-07-22,2024-10-25,Disposed,95.0,False,,95.0,False,False,,2024-07,2024Q3,2024-10,,False,Kauri Point District Court,Northern,District
001803,02,Family,2024-12-20,2025-04-14,Disposed,115.0,False,,115.0,False,False,,2024-12,2024Q4,2025-04,,False,Kauri Point District Court,Northern,District
001804,11,Civil,2025-12-10,,Active,,False,,,False,True,265.0,2025-12,2025Q4,,3-12 months,False,Southern Ranges High Court,Southern,High
001805,02,Civil,2025-05-13,2025-08-18,Disposed,97.0,False,,97.0,False,False,,2025-05,2025Q2,2025-08,,False,Kauri Point District Court,Northern,District
001806,11,Civil,2026-03-09,2026-06-27,Disposed,110.0,False,,110.0,False,False,,2026-03,2026Q1,2026-06,,False,Southern Ranges High Court,Southern,High
001807,01,Criminal,2026-03-06,,Active,,False,,,False,True,179.0,2026-03,2026Q1,,3-12 months,False,Northbridge District Court,Northern,District
001808,08,Youth,2025-11-17,,Active,,False,,,False,True,288.0,2025-11,2025Q4,,3-12 months,False,Cape Lawson District Court,Eastern,District
001809,01,Criminal,2025-03-21,2025-06-23,Disposed,94.0,False,,94.0,False,False,,2025-03,2025Q1,2025-06,,False,Northbridge District Court,Northern,District
001810,12,Criminal,2026-04-09,2026-07-01,Disposed,83.0,False,,83.0,False,False,,2026-04,2026Q2,2026-07,,False,Willow Creek District Court,Southern,District
001811,04,Family,2026-06-27,,Active,,False,,,False,True,66.0,2026-06,2026Q2,,0-3 months,False,Riverton District Court,Central,District
001812,09,Civil,2024-12-22,2025-02-09,Disposed,,False,,49.0,False,False,,2024-12,2024Q4,2025-02,,False,Southgate District Court,Southern,District
001813,07,Civil,2025-04-11,2025-06-11,Disposed,61.0,False,,61.0,False,False,,2025-04,2025Q2,2025-06,,False,Eastfield District Court,Eastern,District
001814,06,Criminal,2026-02-03,2026-05-29,Disposed,115.0,False,,115.0,False,False,,2026-02,2026Q1,2026-05,,False,Central Plains High Court,Central,High
001815,10,Criminal,2025-02-14,2025-08-05,Disposed,172.0,False,,172.0,False,False,,2025-02,2025Q1,2025-08,,False,Fernbay District Court,Southern,District
001816,11,Youth,2025-03-19,2025-08-04,Disposed,138.0,False,,138.0,False,False,,2025-03,2025Q1,2025-08,,False,Southern Ranges High Court,Southern,High
001817,10,Civil,2024-07-13,2024-09-14,Disposed,63.0,False,,63.0,False,False,,2024-07,2024Q3,2024-09,,False,Fernbay District Court,Southern,District
001818,08,Family,2024-10-20,2024-12-08,Disposed,49.0,False,,49.0,False,False,,2024-10,2024Q4,2024-12,,False,Cape Lawson District Court,Eastern,District
001819,08,Criminal,2025-04-29,2026-02-27,Disposed,304.0,False,,304.0,False,False,,2025-04,2025Q2,2026-02,,False,Cape Lawson District Court,Eastern,District
001820,03,Criminal,2025-04-12,,Active,,False,,,False,True,507.0,2025-04,2025Q2,,12+ months,True,Harbourview High Court,Northern,High
001821,09,Family,2024-08-22,2024-12-07,Disposed,107.0,False,,107.0,False,False,,2024-08,2024Q3,2024-12,,False,Southgate District Court,Southern,District
001822,10,Family,2025-11-27,2026-03-31,Disposed,124.0,False,,124.0,False,False,,2025-11,2025Q4,2026-03,,False,Fernbay District Court,Southern,District
001823,01,Criminal,2024-09-17,2025-01-21,Disposed,126.0,False,,126.0,False,False,,2024-09,2024Q3,2025-01,,False,Northbridge District Court,Northern,District
001824,08,Civil,2025-06-02,2026-01-04,Disposed,216.0,False,,216.0,False,False,,2025-06,2025Q2,2026-01,,False,Cape Lawson District Court,Eastern,District
001825,03,Criminal,2025-12-11,2026-01-27,Disposed,47.0,False,,47.0,False,False,,2025-12,2025Q4,2026-01,,False,Harbourview High Court,Northern,High
001826,02,Criminal,2026-06-15,,Active,,False,,,False,True,78.0,2026-06,2026Q2,,0-3 months,False,Kauri Point District Court,Northern,District
001827,09,Criminal,2025-09-08,2026-02-18,Disposed,163.0,False,,163.0,False,False,,2025-09,2025Q3,2026-02,,False,Southgate District Court,Southern,District
001828,04,Criminal,2025-09-30,,Active,,False,,,False,True,336.0,2025-09,2025Q3,,3-12 months,False,Riverton District Court,Central,District
001829,10,Family,2026-02-05,,Active,,False,,,False,True,208.0,2026-02,2026Q1,,3-12 months,False,Fernbay District Court,Southern,District
001830,02,Criminal,2025-09-05,2025-10-26,Disposed,51.0,False,,51.0,False,False,,2025-09,2025Q3,2025-10,,False,Kauri Point District Court,Northern,District
001831,02,Criminal,2024-09-13,2024-11-29,Disposed,77.0,False,,77.0,False,False,,2024-09,2024Q3,2024-11,,False,Kauri Point District Court,Northern,District
001832,12,Criminal,2024-11-19,2025-02-04,Disposed,77.0,False,,77.0,False,False,,2024-11,2024Q4,2025-02,,False,Willow Creek District Court,Southern,District
001833,01,Criminal,2024-07-15,2024-09-11,Disposed,58.0,False,,58.0,False,False,,2024-07,2024Q3,2024-09,,False,Northbridge District Court,Northern,District
001834,03,Criminal,2026-02-05,2026-04-02,Disposed,56.0,False,,56.0,False,False,,2026-02,2026Q1,2026-04,,False,Harbourview High Court,Northern,High
001835,03,Family,2025-10-08,,Active,,False,,,False,True,328.0,2025-10,2025Q4,,3-12 months,False,Harbourview High Court,Northern,High
001836,12,Civil,2025-07-07,2025-09-11,Disposed,66.0,False,,66.0,False,False,,2025-07,2025Q3,2025-09,,False,Willow Creek District Court,Southern,District
001837,05,Family,2025-01-07,,Active,,False,,,False,True,602.0,2025-01,2025Q1,,12+ months,True,Mistvale District Court,Central,District
001838,10,Civil,2025-02-24,2025-07-29,Disposed,155.0,False,,155.0,False,False,,2025-02,2025Q1,2025-07,,False,Fernbay District Court,Southern,District
001839,06,Civil,2024-11-27,2025-03-30,Disposed,123.0,False,,123.0,False,False,,2024-11,2024Q4,2025-03,,False,Central Plains High Court,Central,High
001840,08,Criminal,2024-09-09,2025-03-13,Disposed,185.0,False,,185.0,False,False,,2024-09,2024Q3,2025-03,,False,Cape Lawson District Court,Eastern,District
001841,03,Youth,2024-08-23,2024-10-14,Disposed,52.0,False,,52.0,False,False,,2024-08,2024Q3,2024-10,,False,Harbourview High Court,Northern,High
001842,03,Civil,2025-11-20,2026-06-07,Disposed,,False,,199.0,False,False,,2025-11,2025Q4,2026-06,,False,Harbourview High Court,Northern,High
001843,02,Civil,2025-08-03,2025-12-25,Disposed,,False,,144.0,False,False,,2025-08,2025Q3,2025-12,,False,Kauri Point District Court,Northern,District
001844,01,Family,2026-04-26,,Active,,False,,,False,True,128.0,2026-04,2026Q2,,3-12 months,False,Northbridge District Court,Northern,District
001845,12,Family,2025-11-24,2026-03-02,Disposed,98.0,False,,98.0,False,False,,2025-11,2025Q4,2026-03,,False,Willow Creek District Court,Southern,District
001846,04,Family,2025-08-07,2026-08-05,Disposed,363.0,False,,363.0,False,False,,2025-08,2025Q3,2026-08,,False,Riverton District Court,Central,District
001847,10,Criminal,2026-06-30,,Active,,False,,,False,True,63.0,2026-06,2026Q2,,0-3 months,False,Fernbay District Court,Southern,District
001848,11,Civil,2025-01-03,2025-12-10,Disposed,341.0,False,,341.0,False,False,,2025-01,2025Q1,2025-12,,False,Southern Ranges High Court,Southern,High
001849,09,Youth,2025-09-07,2026-03-10,Disposed,184.0,False,,184.0,False,False,,2025-09,2025Q3,2026-03,,False,Southgate District Court,Southern,District
001850,12,Criminal,2024-12-31,2025-10-17,Disposed,290.0,False,,290.0,False,False,,2024-12,2024Q4,2025-10,,False,Willow Creek District Court,Southern,District
001851,12,Criminal,2025-09-06,2025-10-25,Disposed,49.0,False,,49.0,False,False,,2025-09,2025Q3,2025-10,,False,Willow Creek District Court,Southern,District
001852,10,Youth,2026-03-04,2026-04-25,Disposed,52.0,False,,52.0,False,False,,2026-03,2026Q1,2026-04,,False,Fernbay District Court,Southern,District
001853,10,Civil,2024-11-06,,Active,,False,,,False,True,664.0,2024-11,2024Q4,,12+ months,True,Fernbay District Court,Southern,District
001854,06,Criminal,2025-05-24,2025-08-30,Disposed,98.0,False,,98.0,False,False,,2025-05,2025Q2,2025-08,,False,Central Plains High Court,Central,High
001855,10,Youth,2025-11-08,2025-11-30,Disposed,22.0,False,,22.0,False,False,,2025-11,2025Q4,2025-11,,False,Fernbay District Court,Southern,District
001856,03,Criminal,2026-06-25,,Active,,False,,,False,True,68.0,2026-06,2026Q2,,0-3 months,False,Harbourview High Court,Northern,High
001857,09,Criminal,2024-08-26,2024-09-25,Disposed,30.0,False,,30.0,False,False,,2024-08,2024Q3,2024-09,,False,Southgate District Court,Southern,District
001858,05,Youth,2026-04-11,2026-07-31,Disposed,111.0,False,,111.0,False,False,,2026-04,2026Q2,2026-07,,False,Mistvale District Court,Central,District
001859,01,Criminal,2024-07-28,2024-12-02,Disposed,127.0,False,,127.0,False,False,,2024-07,2024Q3,2024-12,,False,Northbridge District Court,Northern,District
001860,12,Youth,2025-03-06,2025-07-14,Disposed,130.0,False,,130.0,False,False,,2025-03,2025Q1,2025-07,,False,Willow Creek District Court,Southern,District
001861,12,Criminal,2025-09-19,2026-01-29,Disposed,132.0,False,,132.0,False,False,,2025-09,2025Q3,2026-01,,False,Willow Creek District Court,Southern,District
001862,03,Criminal,2026-03-09,2026-06-26,Disposed,109.0,False,,109.0,False,False,,2026-03,2026Q1,2026-06,,False,Harbourview High Court,Northern,High
001863,07,Criminal,2024-09-23,,Active,,False,,,False,True,708.0,2024-09,2024Q3,,12+ months,True,Eastfield District Court,Eastern,District
001864,04,Criminal,2026-10-17,2025-03-26,Disposed,125.0,True,disposed before filed,-570.0,True,False,,2026-10,2026Q4,2025-03,,False,Riverton District Court,Central,District
001865,05,Criminal,2026-02-17,,Active,,False,,,False,True,196.0,2026-02,2026Q1,,3-12 months,False,Mistvale District Court,Central,District
001866,01,Criminal,2026-06-20,,Active,,False,,,False,True,73.0,2026-06,2026Q2,,0-3 months,False,Northbridge District Court,Northern,District
001867,05,Youth,2025-08-11,2026-02-12,Disposed,185.0,False,,185.0,False,False,,2025-08,2025Q3,2026-02,,False,Mistvale District Court,Central,District
001868,05,Youth,2025-08-12,2025-10-28,Disposed,77.0,False,,77.0,False,False,,2025-08,2025Q3,2025-10,,False,Mistvale District Court,Central,District
001869,11,Family,2025-11-29,2026-02-23,Disposed,86.0,False,,86.0,False,False,,2025-11,2025Q4,2026-02,,False,Southern Ranges High Court,Southern,High
001870,05,Criminal,2025-09-21,2026-02-26,Disposed,,False,,158.0,False,False,,2025-09,2025Q3,2026-02,,False,Mistvale District Court,Central,District
001871,07,Criminal,2026-01-11,2026-02-11,Disposed,31.0,False,,31.0,False,False,,2026-01,2026Q1,2026-02,,False,Eastfield District Court,Eastern,District
001872,01,Civil,2025-01-29,2025-10-13,Disposed,257.0,False,,257.0,False,False,,2025-01,2025Q1,2025-10,,False,Northbridge District Court,Northern,District
001873,05,Civil,2026-03-02,,Active,,False,,,False,True,183.0,2026-03,2026Q1,,3-12 months,False,Mistvale District Court,Central,District
001874,04,Family,2025-10-03,2026-02-12,Disposed,122.0,False,,132.0,True,False,,2025-10,2025Q4,2026-02,,False,Riverton District Court,Central,District
001875,04,Family,2026-06-12,,Active,,False,,,False,True,81.0,2026-06,2026Q2,,0-3 months,False,Riverton District Court,Central,District
001876,05,Criminal,2026-03-06,,Active,,False,,,False,True,179.0,2026-03,2026Q1,,3-12 months,False,Mistvale District Court,Central,District
001877,12,Criminal,2024-08-20,2025-01-16,Disposed,149.0,False,,149.0,False,False,,2024-08,2024Q3,2025-01,,False,Willow Creek District Court,Southern,District
001878,05,Criminal,2025-11-04,2026-04-22,Disposed,169.0,False,,169.0,False,False,,2025-11,2025Q4,2026-04,,False,Mistvale District Court,Central,District
001879,06,Youth,2025-12-17,,Active,,False,,,False,True,258.0,2025-12,2025Q4,,3-12 months,False,Central Plains High Court,Central,High
001880,03,Family,2026-05-18,,Active,,False,,,False,True,106.0,2026-05,2026Q2,,3-12 months,False,Harbourview High Court,Northern,High
001881,06,Youth,2025-03-16,2025-08-04,Disposed,141.0,False,,141.0,False,False,,2025-03,2025Q1,2025-08,,False,Central Plains High Court,Central,High
001882,07,Criminal,2024-10-11,,Active,,False,,,False,True,690.0,2024-10,2024Q4,,12+ months,True,Eastfield District Court,Eastern,District
001883,10,Family,2026-04-09,,Active,,False,,,False,True,145.0,2026-04,2026Q2,,3-12 months,False,Fernbay District Court,Southern,District
001884,06,Civil,2026-06-20,,Active,,False,,,False,True,73.0,2026-06,2026Q2,,0-3 months,False,Central Plains High Court,Central,High
001885,09,Criminal,2026-05-01,2026-08-02,Disposed,93.0,False,,93.0,False,False,,2026-05,2026Q2,2026-08,,False,Southgate District Court,Southern,District
001886,11,Criminal,2024-07-10,2025-02-27,Disposed,232.0,False,,232.0,False,False,,2024-07,2024Q3,2025-02,,False,Southern Ranges High Court,Southern,High
001887,08,Civil,2024-08-06,2025-06-26,Disposed,,False,,324.0,False,False,,2024-08,2024Q3,2025-06,,False,Cape Lawson District Court,Eastern,District
001888,12,Criminal,2026-02-21,2026-04-01,Disposed,39.0,False,,39.0,False,False,,2026-02,2026Q1,2026-04,,False,Willow Creek District Court,Southern,District
001889,02,Civil,2026-02-12,2026-05-28,Disposed,105.0,False,,105.0,False,False,,2026-02,2026Q1,2026-05,,False,Kauri Point District Court,Northern,District
001890,09,Family,2026-02-05,2026-06-15,Disposed,130.0,False,,130.0,False,False,,2026-02,2026Q1,2026-06,,False,Southgate District Court,Southern,District
001891,09,Youth,2025-02-07,2025-03-20,Disposed,41.0,False,,41.0,False,False,,2025-02,2025Q1,2025-03,,False,Southgate District Court,Southern,District
001892,04,Civil,2025-08-04,2026-05-01,Disposed,270.0,False,,270.0,False,False,,2025-08,2025Q3,2026-05,,False,Riverton District Court,Central,District
001893,06,Civil,2026-02-03,,Active,,False,,,False,True,210.0,2026-02,2026Q1,,3-12 months,False,Central Plains High Court,Central,High
001894,11,Criminal,2025-02-08,2025-05-16,Disposed,97.0,False,,97.0,False,False,,2025-02,2025Q1,2025-05,,False,Southern Ranges High Court,Southern,High
001895,03,Criminal,2026-04-19,,Active,,False,,,False,True,135.0,2026-04,2026Q2,,3-12 months,False,Harbourview High Court,Northern,High
001896,09,Family,2025-06-10,,Active,,False,,,False,True,448.0,2025-06,2025Q2,,12+ months,True,Southgate District Court,Southern,District
001897,12,Criminal,2025-05-29,2025-11-24,Disposed,179.0,False,,179.0,False,False,,2025-05,2025Q2,2025-11,,False,Willow Creek District Court,Southern,District
001898,09,Criminal,2025-07-26,2025-12-14,Disposed,141.0,False,,141.0,False,False,,2025-07,2025Q3,2025-12,,False,Southgate District Court,Southern,District
001899,10,Civil,2026-03-06,2026-08-08,Disposed,155.0,False,,155.0,False,False,,2026-03,2026Q1,2026-08,,False,Fernbay District Court,Southern,District
001900,03,Criminal,2026-02-27,,Active,,False,,,False,True,186.0,2026-02,2026Q1,,3-12 months,False,Harbourview High Court,Northern,High
001901,05,Criminal,2024-07-29,2025-01-28,Disposed,183.0,False,,183.0,False,False,,2024-07,2024Q3,2025-01,,False,Mistvale District Court,Central,District
001902,08,Family,2025-07-02,2026-02-03,Disposed,216.0,False,,216.0,False,False,,2025-07,2025Q3,2026-02,,False,Cape Lawson District Court,Eastern,District
001903,12,Civil,2026-02-17,2026-05-24,Disposed,96.0,False,,96.0,False,False,,2026-02,2026Q1,2026-05,,False,Willow Creek District Court,Southern,District
001904,06,Civil,2025-07-08,2025-12-31,Disposed,176.0,False,,176.0,False,False,,2025-07,2025Q3,2025-12,,False,Central Plains High Court,Central,High
001905,12,Civil,2025-03-30,2025-10-01,Disposed,185.0,False,,185.0,False,False,,2025-03,2025Q1,2025-10,,False,Willow Creek District Court,Southern,District
001906,05,Criminal,2026-02-19,2026-08-25,Disposed,187.0,False,,187.0,False,False,,2026-02,2026Q1,2026-08,,False,Mistvale District Court,Central,District
001907,08,Civil,2025-07-30,2026-06-30,Disposed,335.0,False,,335.0,False,False,,2025-07,2025Q3,2026-06,,False,Cape Lawson District Court,Eastern,District
001908,05,Criminal,2025-03-15,2025-09-09,Disposed,178.0,False,,178.0,False,False,,2025-03,2025Q1,2025-09,,False,Mistvale District Court,Central,District
001909,03,Criminal,2024-09-29,2026-06-27,Disposed,636.0,False,,636.0,False,False,,2024-09,2024Q3,2026-06,,False,Harbourview High Court,Northern,High
001910,10,Civil,2026-03-04,2026-05-27,Disposed,84.0,False,,84.0,False,False,,2026-03,2026Q1,2026-05,,False,Fernbay District Court,Southern,District
001911,06,Criminal,2024-12-21,2025-02-15,Disposed,56.0,False,,56.0,False,False,,2024-12,2024Q4,2025-02,,False,Central Plains High Court,Central,High
001912,12,Civil,2025-02-28,2025-05-27,Disposed,88.0,False,,88.0,False,False,,2025-02,2025Q1,2025-05,,False,Willow Creek District Court,Southern,District
001913,07,Criminal,2024-07-10,2024-12-30,Disposed,173.0,False,,173.0,False,False,,2024-07,2024Q3,2024-12,,False,Eastfield District Court,Eastern,District
001914,10,Criminal,2026-01-09,2026-04-08,Disposed,,False,,89.0,False,False,,2026-01,2026Q1,2026-04,,False,Fernbay District Court,Southern,District
001915,03,Civil,2025-05-09,2026-01-12,Disposed,248.0,False,,248.0,False,False,,2025-05,2025Q2,2026-01,,False,Harbourview High Court,Northern,High
001916,06,Criminal,2025-12-18,2026-05-03,Disposed,136.0,False,,136.0,False,False,,2025-12,2025Q4,2026-05,,False,Central Plains High Court,Central,High
001917,11,Family,2024-11-11,2025-09-01,Disposed,294.0,False,,294.0,False,False,,2024-11,2024Q4,2025-09,,False,Southern Ranges High Court,Southern,High
001918,06,Civil,2025-11-13,2026-01-21,Disposed,69.0,False,,69.0,False,False,,2025-11,2025Q4,2026-01,,False,Central Plains High Court,Central,High
001919,09,Civil,2025-05-17,2025-07-13,Disposed,57.0,False,,57.0,False,False,,2025-05,2025Q2,2025-07,,False,Southgate District Court,Southern,District
001920,08,Family,2024-11-18,2025-10-21,Disposed,337.0,False,,337.0,False,False,,2024-11,2024Q4,2025-10,,False,Cape Lawson District Court,Eastern,District
001921,02,Criminal,2024-10-25,2024-11-21,Disposed,27.0,False,,27.0,False,False,,2024-10,2024Q4,2024-11,,False,Kauri Point District Court,Northern,District
001922,05,Youth,2025-02-11,,Active,,False,,,False,True,567.0,2025-02,2025Q1,,12+ months,True,Mistvale District Court,Central,District
001923,07,Youth,2026-04-23,2026-06-22,Disposed,60.0,False,,60.0,False,False,,2026-04,2026Q2,2026-06,,False,Eastfield District Court,Eastern,District
001924,01,Family,2025-03-27,2026-02-09,Disposed,319.0,False,,319.0,False,False,,2025-03,2025Q1,2026-02,,False,Northbridge District Court,Northern,District
001925,08,Family,2025-01-06,2025-10-03,Disposed,270.0,False,,270.0,False,False,,2025-01,2025Q1,2025-10,,False,Cape Lawson District Court,Eastern,District
001926,06,Civil,2024-08-13,2024-12-27,Disposed,136.0,False,,136.0,False,False,,2024-08,2024Q3,2024-12,,False,Central Plains High Court,Central,High
001927,04,Criminal,2024-10-06,2025-03-21,Disposed,166.0,False,,166.0,False,False,,2024-10,2024Q4,2025-03,,False,Riverton District Court,Central,District
001928,03,Civil,2024-08-31,2025-08-22,Disposed,356.0,False,,356.0,False,False,,2024-08,2024Q3,2025-08,,False,Harbourview High Court,Northern,High
001929,07,Family,2024-09-06,2025-04-13,Disposed,219.0,False,,219.0,False,False,,2024-09,2024Q3,2025-04,,False,Eastfield District Court,Eastern,District
001930,10,Civil,2025-11-06,2026-03-30,Disposed,144.0,False,,144.0,False,False,,2025-11,2025Q4,2026-03,,False,Fernbay District Court,Southern,District
001931,01,Criminal,2025-06-09,2025-08-28,Disposed,80.0,False,,80.0,False,False,,2025-06,2025Q2,2025-08,,False,Northbridge District Court,Northern,District
001932,02,Family,2024-07-21,2024-10-26,Disposed,97.0,False,,97.0,False,False,,2024-07,2024Q3,2024-10,,False,Kauri Point District Court,Northern,District
001933,03,Criminal,2024-10-06,2025-02-11,Disposed,128.0,False,,128.0,False,False,,2024-10,2024Q4,2025-02,,False,Harbourview High Court,Northern,High
001934,04,Criminal,2025-12-08,2026-02-15,Disposed,69.0,False,,69.0,False,False,,2025-12,2025Q4,2026-02,,False,Riverton District Court,Central,District
001935,01,Youth,2024-07-25,2024-09-14,Disposed,51.0,False,,51.0,False,False,,2024-07,2024Q3,2024-09,,False,Northbridge District Court,Northern,District
001936,05,Criminal,2025-03-01,2025-06-22,Disposed,,False,,113.0,False,False,,2025-03,2025Q1,2025-06,,False,Mistvale District Court,Central,District
001937,07,Family,2024-10-27,2025-03-06,Disposed,130.0,False,,130.0,False,False,,2024-10,2024Q4,2025-03,,False,Eastfield District Court,Eastern,District
001938,12,Civil,2026-01-27,2026-05-04,Disposed,97.0,False,,97.0,False,False,,2026-01,2026Q1,2026-05,,False,Willow Creek District Court,Southern,District
001939,09,Civil,2024-08-16,2025-01-14,Disposed,151.0,False,,151.0,False,False,,2024-08,2024Q3,2025-01,,False,Southgate District Court,Southern,District
001940,09,Civil,2025-03-08,2025-06-19,Disposed,103.0,False,,103.0,False,False,,2025-03,2025Q1,2025-06,,False,Southgate District Court,Southern,District
001941,01,Criminal,2024-09-24,2024-12-31,Disposed,98.0,False,,98.0,False,False,,2024-09,2024Q3,2024-12,,False,Northbridge District Court,Northern,District
001942,08,Civil,2026-05-18,,Active,,False,,,False,True,106.0,2026-05,2026Q2,,3-12 months,False,Cape Lawson District Court,Eastern,District
001943,06,Youth,2025-03-28,2025-06-21,Disposed,85.0,False,,85.0,False,False,,2025-03,2025Q1,2025-06,,False,Central Plains High Court,Central,High
001944,13,Criminal,2024-07-29,2024-11-02,Disposed,96.0,True,court_id not in lookup,96.0,False,False,,2024-07,2024Q3,2024-11,,False,,,
001945,08,Civil,2026-03-12,,Active,,False,,,False,True,173.0,2026-03,2026Q1,,3-12 months,False,Cape Lawson District Court,Eastern,District
001946,10,Criminal,2025-03-04,2025-06-28,Disposed,116.0,False,,116.0,False,False,,2025-03,2025Q1,2025-06,,False,Fernbay District Court,Southern,District
001947,12,Civil,2024-11-24,2025-03-15,Disposed,111.0,False,,111.0,False,False,,2024-11,2024Q4,2025-03,,False,Willow Creek District Court,Southern,District
001948,04,Civil,2026-06-19,,Active,,False,,,False,True,74.0,2026-06,2026Q2,,0-3 months,False,Riverton District Court,Central,District
001949,05,Civil,2025-11-14,,Active,,False,,,False,True,291.0,2025-11,2025Q4,,3-12 months,False,Mistvale District Court,Central,District
001950,05,Criminal,2026-05-04,,Active,,False,,,False,True,120.0,2026-05,2026Q2,,3-12 months,False,Mistvale District Court,Central,District
001951,11,Civil,2025-08-21,2026-03-11,Disposed,202.0,False,,202.0,False,False,,2025-08,2025Q3,2026-03,,False,Southern Ranges High Court,Southern,High
001952,04,Civil,2026-05-05,2026-08-09,Disposed,96.0,False,,96.0,False,False,,2026-05,2026Q2,2026-08,,False,Riverton District Court,Central,District
001953,11,Criminal,2024-07-22,2024-11-12,Disposed,113.0,False,,113.0,False,False,,2024-07,2024Q3,2024-11,,False,Southern Ranges High Court,Southern,High
001954,06,Civil,2025-08-23,2026-04-08,Disposed,228.0,False,,228.0,False,False,,2025-08,2025Q3,2026-04,,False,Central Plains High Court,Central,High
001955,07,Civil,2025-06-01,2025-12-10,Disposed,192.0,False,,192.0,False,False,,2025-06,2025Q2,2025-12,,False,Eastfield District Court,Eastern,District
001956,08,Criminal,2025-06-23,,Active,,False,,,False,True,435.0,2025-06,2025Q2,,12+ months,True,Cape Lawson District Court,Eastern,District
001957,11,Youth,2026-05-16,2026-08-23,Disposed,99.0,False,,99.0,False,False,,2026-05,2026Q2,2026-08,,False,Southern Ranges High Court,Southern,High
001958,01,Youth,2024-09-27,2024-11-10,Disposed,44.0,False,,44.0,False,False,,2024-09,2024Q3,2024-11,,False,Northbridge District Court,Northern,District
001959,04,Youth,2026-05-29,,Active,,False,,,False,True,95.0,2026-05,2026Q2,,3-12 months,False,Riverton District Court,Central,District
001960,01,Criminal,2026-04-24,,Active,,False,,,False,True,130.0,2026-04,2026Q2,,3-12 months,False,Northbridge District Court,Northern,District
001961,05,Civil,2026-03-29,,Active,,False,,,False,True,156.0,2026-03,2026Q1,,3-12 months,False,Mistvale District Court,Central,District
001962,12,Youth,2025-12-18,2026-03-07,Disposed,79.0,False,,79.0,False,False,,2025-12,2025Q4,2026-03,,False,Willow Creek District Court,Southern,District
001963,05,Criminal,2026-03-05,2026-08-28,Disposed,176.0,False,,176.0,False,False,,2026-03,2026Q1,2026-08,,False,Mistvale District Court,Central,District
001964,09,Criminal,2025-10-11,2025-12-02,Disposed,52.0,False,,52.0,False,False,,2025-10,2025Q4,2025-12,,False,Southgate District Court,Southern,District
001965,08,Criminal,2024-12-28,2025-07-01,Disposed,185.0,False,,185.0,False,False,,2024-12,2024Q4,2025-07,,False,Cape Lawson District Court,Eastern,District
001966,11,Civil,2026-04-22,,Active,,False,,,False,True,132.0,2026-04,2026Q2,,3-12 months,False,Southern Ranges High Court,Southern,High
001967,06,Criminal,2026-02-04,2026-03-31,Disposed,55.0,False,,55.0,False,False,,2026-02,2026Q1,2026-03,,False,Central Plains High Court,Central,High
001968,10,Family,2024-10-14,2025-05-19,Disposed,217.0,False,,217.0,False,False,,2024-10,2024Q4,2025-05,,False,Fernbay District Court,Southern,District
001969,10,Family,2025-07-10,2026-08-12,Disposed,398.0,False,,398.0,False,False,,2025-07,2025Q3,2026-08,,False,Fernbay District Court,Southern,District
001970,07,Youth,2025-04-01,2025-09-14,Disposed,166.0,False,,166.0,False,False,,2025-04,2025Q2,2025-09,,False,Eastfield District Court,Eastern,District
001971,04,Criminal,2025-04-16,2026-05-29,Disposed,408.0,False,,408.0,False,False,,2025-04,2025Q2,2026-05,,False,Riverton District Court,Central,District
001972,08,Civil,2025-03-31,2026-08-27,Disposed,514.0,False,,514.0,False,False,,2025-03,2025Q1,2026-08,,False,Cape Lawson District Court,Eastern,District
001973,10,Civil,2025-06-09,2025-10-25,Disposed,138.0,False,,138.0,False,False,,2025-06,2025Q2,2025-10,,False,Fernbay District Court,Southern,District
001974,12,Family,2025-07-08,2026-01-03,Disposed,179.0,False,,179.0,False,False,,2025-07,2025Q3,2026-01,,False,Willow Creek District Court,Southern,District
001975,07,Family,2026-04-13,,Active,,False,,,False,True,141.0,2026-04,2026Q2,,3-12 months,False,Eastfield District Court,Eastern,District
001976,04,Criminal,2025-06-25,2025-07-29,Disposed,34.0,False,,34.0,False,False,,2025-06,2025Q2,2025-07,,False,Riverton District Court,Central,District
001977,09,Criminal,2025-03-26,2025-07-06,Disposed,102.0,False,,102.0,False,False,,2025-03,2025Q1,2025-07,,False,Southgate District Court,Southern,District
001978,08,Criminal,2025-03-29,2025-11-22,Disposed,238.0,False,,238.0,False,False,,2025-03,2025Q1,2025-11,,False,Cape Lawson District Court,Eastern,District
001979,06,Criminal,2026-06-15,,Active,,False,,,False,True,78.0,2026-06,2026Q2,,0-3 months,False,Central Plains High Court,Central,High
001980,05,Family,2026-02-23,2026-06-21,Disposed,118.0,False,,118.0,False,False,,2026-02,2026Q1,2026-06,,False,Mistvale District Court,Central,District
001981,12,Criminal,2026-05-15,,Active,,False,,,False,True,109.0,2026-05,2026Q2,,3-12 months,False,Willow Creek District Court,Southern,District
001982,09,Civil,2025-04-17,2025-07-02,Disposed,76.0,False,,76.0,False,False,,2025-04,2025Q2,2025-07,,False,Southgate District Court,Southern,District
001983,01,Youth,2026-05-02,2026-06-25,Disposed,54.0,False,,54.0,False,False,,2026-05,2026Q2,2026-06,,False,Northbridge District Court,Northern,District
001984,07,Civil,2025-07-09,2025-08-29,Disposed,51.0,False,,51.0,False,False,,2025-07,2025Q3,2025-08,,False,Eastfield District Court,Eastern,District
001985,05,Family,2025-12-13,2026-04-29,Disposed,137.0,False,,137.0,False,False,,2025-12,2025Q4,2026-04,,False,Mistvale District Court,Central,District
001986,10,Civil,2026-06-14,2026-07-30,Disposed,46.0,False,,46.0,False,False,,2026-06,2026Q2,2026-07,,False,Fernbay District Court,Southern,District
001987,05,Family,2026-03-31,,Active,,False,,,False,True,154.0,2026-03,2026Q1,,3-12 months,False,Mistvale District Court,Central,District
001988,08,Family,2025-11-09,,Active,,False,,,False,True,296.0,2025-11,2025Q4,,3-12 months,False,Cape Lawson District Court,Eastern,District
001989,09,Civil,2024-07-28,2024-10-29,Disposed,93.0,False,,93.0,False,False,,2024-07,2024Q3,2024-10,,False,Southgate District Court,Southern,District
001990,09,Youth,2024-09-29,2024-11-18,Disposed,50.0,False,,50.0,False,False,,2024-09,2024Q3,2024-11,,False,Southgate District Court,Southern,District
001991,01,Youth,2025-06-11,2025-07-17,Disposed,36.0,False,,36.0,False,False,,2025-06,2025Q2,2025-07,,False,Northbridge District Court,Northern,District
001992,01,Family,2025-06-09,,Active,,False,,,False,True,449.0,2025-06,2025Q2,,12+ months,True,Northbridge District Court,Northern,District
001993,09,Criminal,2025-08-30,2025-10-24,Disposed,55.0,False,,55.0,False,False,,2025-08,2025Q3,2025-10,,False,Southgate District Court,Southern,District
001994,13,Family,2024-08-27,2025-10-12,Disposed,411.0,True,court_id not in lookup,411.0,False,False,,2024-08,2024Q3,2025-10,,False,,,
001995,07,Family,2025-10-29,2026-07-12,Disposed,256.0,False,,256.0,False,False,,2025-10,2025Q4,2026-07,,False,Eastfield District Court,Eastern,District
001996,01,Civil,2025-01-13,2025-06-04,Disposed,142.0,False,,142.0,False,False,,2025-01,2025Q1,2025-06,,False,Northbridge District Court,Northern,District
001997,03,Criminal,2025-12-13,2026-04-03,Disposed,111.0,False,,111.0,False,False,,2025-12,2025Q4,2026-04,,False,Harbourview High Court,Northern,High
001998,10,Civil,2024-10-02,2025-03-13,Disposed,162.0,False,,162.0,False,False,,2024-10,2024Q4,2025-03,,False,Fernbay District Court,Southern,District
001999,05,Family,2024-11-19,2025-10-21,Disposed,336.0,False,,336.0,False,False,,2024-11,2024Q4,2025-10,,False,Mistvale District Court,Central,District
002000,10,Youth,2025-10-15,2025-12-03,Disposed,49.0,False,,49.0,False,False,,2025-10,2025Q4,2025-12,,False,Fernbay District Court,Southern,District
002001,06,Criminal,2025-06-18,2025-11-27,Disposed,162.0,False,,162.0,False,False,,2025-06,2025Q2,2025-11,,False,Central Plains High Court,Central,High
002002,03,Criminal,2025-02-03,2025-05-19,Disposed,105.0,False,,105.0,False,False,,2025-02,2025Q1,2025-05,,False,Harbourview High Court,Northern,High
002003,07,Youth,2025-08-07,,Active,,False,,,False,True,390.0,2025-08,2025Q3,,12+ months,True,Eastfield District Court,Eastern,District
002004,03,Criminal,2025-03-12,2025-05-06,Disposed,55.0,False,,55.0,False,False,,2025-03,2025Q1,2025-05,,False,Harbourview High Court,Northern,High
002005,07,Youth,2026-04-29,,Active,,False,,,False,True,125.0,2026-04,2026Q2,,3-12 months,False,Eastfield District Court,Eastern,District
002006,04,Civil,2025-07-06,2025-10-16,Disposed,102.0,False,,102.0,False,False,,2025-07,2025Q3,2025-10,,False,Riverton District Court,Central,District
002007,03,Criminal,2025-10-04,2026-01-30,Disposed,118.0,False,,118.0,False,False,,2025-10,2025Q4,2026-01,,False,Harbourview High Court,Northern,High
002008,11,Civil,2026-03-01,,Active,,False,,,False,True,184.0,2026-03,2026Q1,,3-12 months,False,Southern Ranges High Court,Southern,High
002009,12,Family,2024-08-18,2025-04-18,Disposed,243.0,False,,243.0,False,False,,2024-08,2024Q3,2025-04,,False,Willow Creek District Court,Southern,District
002010,01,Civil,2025-11-19,,Active,,False,,,False,True,286.0,2025-11,2025Q4,,3-12 months,False,Northbridge District Court,Northern,District
002011,01,Criminal,2026-03-10,2026-04-06,Disposed,27.0,False,,27.0,False,False,,2026-03,2026Q1,2026-04,,False,Northbridge District Court,Northern,District
002012,03,Youth,2024-07-12,2024-10-24,Disposed,104.0,False,,104.0,False,False,,2024-07,2024Q3,2024-10,,False,Harbourview High Court,Northern,High
002013,01,Family,2026-03-03,,Active,,False,,,False,True,182.0,2026-03,2026Q1,,3-12 months,False,Northbridge District Court,Northern,District
002014,01,Criminal,2026-04-04,,Active,,False,,,False,True,150.0,2026-04,2026Q2,,3-12 months,False,Northbridge District Court,Northern,District
002015,05,Family,2025-05-01,2026-02-17,Disposed,292.0,False,,292.0,False,False,,2025-05,2025Q2,2026-02,,False,Mistvale District Court,Central,District
002016,12,Criminal,2025-03-05,2025-04-11,Disposed,37.0,False,,37.0,False,False,,2025-03,2025Q1,2025-04,,False,Willow Creek District Court,Southern,District
002017,10,Civil,2026-06-27,2026-08-16,Disposed,50.0,False,,50.0,False,False,,2026-06,2026Q2,2026-08,,False,Fernbay District Court,Southern,District
002018,09,Youth,2024-07-25,2024-10-14,Disposed,81.0,False,,81.0,False,False,,2024-07,2024Q3,2024-10,,False,Southgate District Court,Southern,District
002019,09,Family,2025-04-13,2025-12-20,Disposed,251.0,False,,251.0,False,False,,2025-04,2025Q2,2025-12,,False,Southgate District Court,Southern,District
002020,04,Criminal,2026-02-10,2026-03-25,Disposed,43.0,False,,43.0,False,False,,2026-02,2026Q1,2026-03,,False,Riverton District Court,Central,District
002021,07,Family,2025-11-06,2026-06-27,Disposed,233.0,False,,233.0,False,False,,2025-11,2025Q4,2026-06,,False,Eastfield District Court,Eastern,District
002022,09,Criminal,2025-05-11,2025-12-10,Disposed,213.0,False,,213.0,False,False,,2025-05,2025Q2,2025-12,,False,Southgate District Court,Southern,District
002023,11,Criminal,2026-05-25,2026-08-08,Disposed,75.0,False,,75.0,False,False,,2026-05,2026Q2,2026-08,,False,Southern Ranges High Court,Southern,High
002024,11,Criminal,2026-01-12,,Active,,False,,,False,True,232.0,2026-01,2026Q1,,3-12 months,False,Southern Ranges High Court,Southern,High
002025,03,Family,2025-08-09,2026-07-04,Disposed,329.0,False,,329.0,False,False,,2025-08,2025Q3,2026-07,,False,Harbourview High Court,Northern,High
002026,04,Criminal,2025-01-23,2025-02-23,Disposed,31.0,False,,31.0,False,False,,2025-01,2025Q1,2025-02,,False,Riverton District Court,Central,District
002027,08,Civil,2026-01-03,2026-05-01,Disposed,118.0,False,,118.0,False,False,,2026-01,2026Q1,2026-05,,False,Cape Lawson District Court,Eastern,District
002028,10,Criminal,2025-11-02,2026-01-30,Disposed,89.0,False,,89.0,False,False,,2025-11,2025Q4,2026-01,,False,Fernbay District Court,Southern,District
002029,10,Civil,2024-09-06,2024-12-04,Disposed,89.0,False,,89.0,False,False,,2024-09,2024Q3,2024-12,,False,Fernbay District Court,Southern,District
002030,10,Family,2025-03-05,2025-09-11,Disposed,190.0,False,,190.0,False,False,,2025-03,2025Q1,2025-09,,False,Fernbay District Court,Southern,District
002031,06,Family,2025-01-31,2025-06-22,Disposed,142.0,False,,142.0,False,False,,2025-01,2025Q1,2025-06,,False,Central Plains High Court,Central,High
002032,03,Criminal,2026-04-02,,Active,,False,,,False,True,152.0,2026-04,2026Q2,,3-12 months,False,Harbourview High Court,Northern,High
002033,09,Criminal,2024-10-04,2024-12-27,Disposed,84.0,False,,84.0,False,False,,2024-10,2024Q4,2024-12,,False,Southgate District Court,Southern,District
002034,12,Civil,2026-06-13,,Active,,False,,,False,True,80.0,2026-06,2026Q2,,0-3 months,False,Willow Creek District Court,Southern,District
002035,09,Criminal,2025-06-20,2025-11-08,Disposed,141.0,False,,141.0,False,False,,2025-06,2025Q2,2025-11,,False,Southgate District Court,Southern,District
002036,12,Family,2025-06-14,2026-03-15,Disposed,274.0,False,,274.0,False,False,,2025-06,2025Q2,2026-03,,False,Willow Creek District Court,Southern,District
002037,01,Criminal,2026-03-28,,Active,,False,,,False,True,157.0,2026-03,2026Q1,,3-12 months,False,Northbridge District Court,Northern,District
002038,01,Criminal,2024-11-28,2025-02-24,Disposed,88.0,False,,88.0,False,False,,2024-11,2024Q4,2025-02,,False,Northbridge District Court,Northern,District
002039,04,Youth,2026-03-18,2026-05-20,Disposed,63.0,False,,63.0,False,False,,2026-03,2026Q1,2026-05,,False,Riverton District Court,Central,District
002040,10,Family,2025-04-26,2025-07-02,Disposed,67.0,False,,67.0,False,False,,2025-04,2025Q2,2025-07,,False,Fernbay District Court,Southern,District
002041,03,Family,2025-04-05,2026-07-31,Disposed,,False,,482.0,False,False,,2025-04,2025Q2,2026-07,,False,Harbourview High Court,Northern,High
002042,09,Criminal,2026-04-24,2026-08-18,Disposed,116.0,False,,116.0,False,False,,2026-04,2026Q2,2026-08,,False,Southgate District Court,Southern,District
002043,10,Criminal,2024-07-13,2024-10-06,Disposed,85.0,False,,85.0,False,False,,2024-07,2024Q3,2024-10,,False,Fernbay District Court,Southern,District
002044,09,Criminal,2025-04-23,2025-07-07,Disposed,,False,,75.0,False,False,,2025-04,2025Q2,2025-07,,False,Southgate District Court,Southern,District
002045,01,Civil,2025-11-04,2026-01-18,Disposed,75.0,False,,75.0,False,False,,2025-11,2025Q4,2026-01,,False,Northbridge District Court,Northern,District
002046,04,Family,2025-04-10,2025-09-21,Disposed,164.0,False,,164.0,False,False,,2025-04,2025Q2,2025-09,,False,Riverton District Court,Central,District
002047,01,Civil,2025-03-07,2025-05-05,Disposed,59.0,False,,59.0,False,False,,2025-03,2025Q1,2025-05,,False,Northbridge District Court,Northern,District
002048,11,Family,2025-09-15,2026-01-12,Disposed,119.0,False,,119.0,False,False,,2025-09,2025Q3,2026-01,,False,Southern Ranges High Court,Southern,High
002049,09,Civil,2026-03-17,2026-05-30,Disposed,74.0,False,,74.0,False,False,,2026-03,2026Q1,2026-05,,False,Southgate District Court,Southern,District
002050,03,Family,2026-06-08,,Active,,False,,,False,True,85.0,2026-06,2026Q2,,0-3 months,False,Harbourview High Court,Northern,High
002051,09,Youth,2024-08-01,2025-01-26,Disposed,178.0,False,,178.0,False,False,,2024-08,2024Q3,2025-01,,False,Southgate District Court,Southern,District
002052,07,Family,2024-07-23,2024-11-13,Disposed,113.0,False,,113.0,False,False,,2024-07,2024Q3,2024-11,,False,Eastfield District Court,Eastern,District
002053,07,Criminal,2026-03-11,,Active,,False,,,False,True,174.0,2026-03,2026Q1,,3-12 months,False,Eastfield District Court,Eastern,District
002054,05,Family,2025-04-18,2026-05-30,Disposed,407.0,False,,407.0,False,False,,2025-04,2025Q2,2026-05,,False,Mistvale District Court,Central,District
002055,11,Civil,2024-10-06,2025-07-20,Disposed,287.0,False,,287.0,False,False,,2024-10,2024Q4,2025-07,,False,Southern Ranges High Court,Southern,High
002056,11,Criminal,2024-12-14,2025-03-14,Disposed,90.0,False,,90.0,False,False,,2024-12,2024Q4,2025-03,,False,Southern Ranges High Court,Southern,High
002057,10,Criminal,2024-11-08,2024-12-08,Disposed,,False,,30.0,False,False,,2024-11,2024Q4,2024-12,,False,Fernbay District Court,Southern,District
002058,12,Civil,2024-09-29,2025-03-12,Disposed,164.0,False,,164.0,False,False,,2024-09,2024Q3,2025-03,,False,Willow Creek District Court,Southern,District
002059,09,Family,2026-05-03,2026-08-13,Disposed,102.0,False,,102.0,False,False,,2026-05,2026Q2,2026-08,,False,Southgate District Court,Southern,District
002060,12,Civil,2025-04-13,2025-06-19,Disposed,67.0,False,,67.0,False,False,,2025-04,2025Q2,2025-06,,False,Willow Creek District Court,Southern,District
002061,12,Family,2025-04-25,2025-08-31,Disposed,128.0,False,,128.0,False,False,,2025-04,2025Q2,2025-08,,False,Willow Creek District Court,Southern,District
002062,04,Criminal,2026-01-05,2026-05-02,Disposed,117.0,False,,117.0,False,False,,2026-01,2026Q1,2026-05,,False,Riverton District Court,Central,District
002063,05,Civil,2024-09-17,2025-10-25,Disposed,403.0,False,,403.0,False,False,,2024-09,2024Q3,2025-10,,False,Mistvale District Court,Central,District
002064,06,Criminal,2024-11-12,2025-08-22,Disposed,283.0,False,,283.0,False,False,,2024-11,2024Q4,2025-08,,False,Central Plains High Court,Central,High
002065,06,Civil,2024-09-24,2025-02-23,Disposed,152.0,False,,152.0,False,False,,2024-09,2024Q3,2025-02,,False,Central Plains High Court,Central,High
002066,03,Criminal,2024-10-28,2025-01-03,Disposed,67.0,False,,67.0,False,False,,2024-10,2024Q4,2025-01,,False,Harbourview High Court,Northern,High
002067,08,Civil,2026-06-11,,Active,,False,,,False,True,82.0,2026-06,2026Q2,,0-3 months,False,Cape Lawson District Court,Eastern,District
002068,13,Criminal,2024-12-15,2025-02-23,Disposed,70.0,True,court_id not in lookup,70.0,False,False,,2024-12,2024Q4,2025-02,,False,,,
002069,09,Criminal,2026-02-24,,Active,,False,,,False,True,189.0,2026-02,2026Q1,,3-12 months,False,Southgate District Court,Southern,District
002070,10,Criminal,2026-01-27,2026-06-11,Disposed,135.0,False,,135.0,False,False,,2026-01,2026Q1,2026-06,,False,Fernbay District Court,Southern,District
002071,02,Family,2025-05-07,2026-01-17,Disposed,255.0,False,,255.0,False,False,,2025-05,2025Q2,2026-01,,False,Kauri Point District Court,Northern,District
002072,02,Civil,2025-08-14,2026-02-04,Disposed,174.0,False,,174.0,False,False,,2025-08,2025Q3,2026-02,,False,Kauri Point District Court,Northern,District
002073,12,Family,2025-10-06,,Active,,False,,,False,True,330.0,2025-10,2025Q4,,3-12 months,False,Willow Creek District Court,Southern,District
002074,10,Criminal,2025-10-27,2025-12-30,Disposed,64.0,False,,64.0,False,False,,2025-10,2025Q4,2025-12,,False,Fernbay District Court,Southern,District
002075,04,Civil,2026-05-27,,Active,,False,,,False,True,97.0,2026-05,2026Q2,,3-12 months,False,Riverton District Court,Central,District
002076,08,Civil,2026-02-16,,Active,,False,,,False,True,197.0,2026-02,2026Q1,,3-12 months,False,Cape Lawson District Court,Eastern,District
002077,06,Youth,2025-06-24,2025-12-26,Disposed,230.0,False,,185.0,True,False,,2025-06,2025Q2,2025-12,,False,Central Plains High Court,Central,High
002078,01,Youth,2026-03-31,2026-06-20,Disposed,81.0,False,,81.0,False,False,,2026-03,2026Q1,2026-06,,False,Northbridge District Court,Northern,District
002079,09,Family,2025-10-19,2026-01-02,Disposed,75.0,False,,75.0,False,False,,2025-10,2025Q4,2026-01,,False,Southgate District Court,Southern,District
002080,04,Civil,2026-06-24,,Active,,False,,,False,True,69.0,2026-06,2026Q2,,0-3 months,False,Riverton District Court,Central,District
002081,08,Family,2026-05-06,,Active,,False,,,False,True,118.0,2026-05,2026Q2,,3-12 months,False,Cape Lawson District Court,Eastern,District
002082,08,Criminal,2024-08-06,2024-10-25,Disposed,80.0,False,,80.0,False,False,,2024-08,2024Q3,2024-10,,False,Cape Lawson District Court,Eastern,District
002083,12,Civil,2024-11-03,,Active,,False,,,False,True,667.0,2024-11,2024Q4,,12+ months,True,Willow Creek District Court,Southern,District
002084,05,Family,2024-12-21,2025-10-30,Disposed,313.0,False,,313.0,False,False,,2024-12,2024Q4,2025-10,,False,Mistvale District Court,Central,District
002085,04,Civil,2026-03-24,2026-07-17,Disposed,115.0,False,,115.0,False,False,,2026-03,2026Q1,2026-07,,False,Riverton District Court,Central,District
002086,05,Criminal,2025-03-03,2025-07-18,Disposed,137.0,False,,137.0,False,False,,2025-03,2025Q1,2025-07,,False,Mistvale District Court,Central,District
002087,03,Civil,2025-06-27,2025-11-09,Disposed,135.0,False,,135.0,False,False,,2025-06,2025Q2,2025-11,,False,Harbourview High Court,Northern,High
002088,03,Youth,2026-03-12,,Active,,False,,,False,True,173.0,2026-03,2026Q1,,3-12 months,False,Harbourview High Court,Northern,High
002089,04,Civil,2026-06-02,,Active,,False,,,False,True,91.0,2026-06,2026Q2,,3-12 months,False,Riverton District Court,Central,District
002090,01,Criminal,2024-10-10,2025-07-27,Disposed,290.0,False,,290.0,False,False,,2024-10,2024Q4,2025-07,,False,Northbridge District Court,Northern,District
002091,06,Criminal,2024-10-26,2025-03-17,Disposed,142.0,False,,142.0,False,False,,2024-10,2024Q4,2025-03,,False,Central Plains High Court,Central,High
002092,07,Civil,2024-08-15,2024-10-25,Disposed,61.0,False,,71.0,True,False,,2024-08,2024Q3,2024-10,,False,Eastfield District Court,Eastern,District
002093,07,Civil,2024-10-05,2025-01-11,Disposed,98.0,False,,98.0,False,False,,2024-10,2024Q4,2025-01,,False,Eastfield District Court,Eastern,District
002094,12,Criminal,2025-04-14,2025-07-05,Disposed,82.0,False,,82.0,False,False,,2025-04,2025Q2,2025-07,,False,Willow Creek District Court,Southern,District
002095,04,Criminal,2026-03-06,,Active,,False,,,False,True,179.0,2026-03,2026Q1,,3-12 months,False,Riverton District Court,Central,District
002096,04,Family,2025-10-17,2026-01-21,Disposed,96.0,False,,96.0,False,False,,2025-10,2025Q4,2026-01,,False,Riverton District Court,Central,District
002097,06,Civil,2026-03-15,2026-07-04,Disposed,111.0,False,,111.0,False,False,,2026-03,2026Q1,2026-07,,False,Central Plains High Court,Central,High
002098,02,Youth,2024-09-29,2025-02-16,Disposed,140.0,False,,140.0,False,False,,2024-09,2024Q3,2025-02,,False,Kauri Point District Court,Northern,District
002099,05,Civil,2025-02-20,2025-07-08,Disposed,138.0,False,,138.0,False,False,,2025-02,2025Q1,2025-07,,False,Mistvale District Court,Central,District
002100,04,Criminal,2024-07-09,2025-05-23,Disposed,318.0,False,,318.0,False,False,,2024-07,2024Q3,2025-05,,False,Riverton District Court,Central,District
002101,10,Youth,2024-07-15,2024-08-01,Disposed,17.0,False,,17.0,False,False,,2024-07,2024Q3,2024-08,,False,Fernbay District Court,Southern,District
002102,12,Criminal,2024-08-15,2024-10-13,Disposed,59.0,False,,59.0,False,False,,2024-08,2024Q3,2024-10,,False,Willow Creek District Court,Southern,District
002103,09,Criminal,2025-07-07,2025-10-27,Disposed,112.0,False,,112.0,False,False,,2025-07,2025Q3,2025-10,,False,Southgate District Court,Southern,District
002104,12,Criminal,2025-08-16,2025-09-25,Disposed,40.0,False,,40.0,False,False,,2025-08,2025Q3,2025-09,,False,Willow Creek District Court,Southern,District
002105,12,Youth,2025-02-24,2025-04-12,Disposed,47.0,False,,47.0,False,False,,2025-02,2025Q1,2025-04,,False,Willow Creek District Court,Southern,District
002106,01,Youth,2024-07-31,2024-10-06,Disposed,67.0,False,,67.0,False,False,,2024-07,2024Q3,2024-10,,False,Northbridge District Court,Northern,District
002107,08,Criminal,2024-11-01,2025-01-06,Disposed,66.0,False,,66.0,False,False,,2024-11,2024Q4,2025-01,,False,Cape Lawson District Court,Eastern,District
002108,11,Youth,2025-01-28,2025-05-10,Disposed,102.0,False,,102.0,False,False,,2025-01,2025Q1,2025-05,,False,Southern Ranges High Court,Southern,High
002109,12,Family,2024-07-13,2025-01-01,Disposed,172.0,False,,172.0,False,False,,2024-07,2024Q3,2025-01,,False,Willow Creek District Court,Southern,District
002110,03,Youth,2025-05-25,2025-09-22,Disposed,120.0,False,,120.0,False,False,,2025-05,2025Q2,2025-09,,False,Harbourview High Court,Northern,High
002111,03,Family,2025-02-25,,Active,,False,,,False,True,553.0,2025-02,2025Q1,,12+ months,True,Harbourview High Court,Northern,High
002112,04,Family,2025-08-22,2025-11-12,Disposed,82.0,False,,82.0,False,False,,2025-08,2025Q3,2025-11,,False,Riverton District Court,Central,District
002113,12,Civil,2026-06-28,,Active,,False,,,False,True,65.0,2026-06,2026Q2,,0-3 months,False,Willow Creek District Court,Southern,District
002114,10,Civil,2025-06-09,2026-03-17,Disposed,281.0,False,,281.0,False,False,,2025-06,2025Q2,2026-03,,False,Fernbay District Court,Southern,District
002115,04,Youth,2024-08-29,2024-11-09,Disposed,72.0,False,,72.0,False,False,,2024-08,2024Q3,2024-11,,False,Riverton District Court,Central,District
002116,01,Civil,2025-11-06,2026-08-20,Disposed,287.0,False,,287.0,False,False,,2025-11,2025Q4,2026-08,,False,Northbridge District Court,Northern,District
002117,01,Youth,2026-04-01,2026-05-21,Disposed,50.0,False,,50.0,False,False,,2026-04,2026Q2,2026-05,,False,Northbridge District Court,Northern,District
002118,08,Family,2026-04-27,,Active,,False,,,False,True,127.0,2026-04,2026Q2,,3-12 months,False,Cape Lawson District Court,Eastern,District
002119,04,Criminal,2025-09-23,2026-01-05,Disposed,104.0,False,,104.0,False,False,,2025-09,2025Q3,2026-01,,False,Riverton District Court,Central,District
002120,11,Youth,2026-05-07,,Active,,False,,,False,True,117.0,2026-05,2026Q2,,3-12 months,False,Southern Ranges High Court,Southern,High
002121,09,Family,2026-02-20,,Active,,False,,,False,True,193.0,2026-02,2026Q1,,3-12 months,False,Southgate District Court,Southern,District
002122,09,Criminal,2026-01-18,2026-08-20,Disposed,,False,,214.0,False,False,,2026-01,2026Q1,2026-08,,False,Southgate District Court,Southern,District
002123,03,Criminal,2025-10-13,2026-04-07,Disposed,176.0,False,,176.0,False,False,,2025-10,2025Q4,2026-04,,False,Harbourview High Court,Northern,High
002124,11,Criminal,2025-06-05,2025-09-20,Disposed,107.0,False,,107.0,False,False,,2025-06,2025Q2,2025-09,,False,Southern Ranges High Court,Southern,High
002125,08,Youth,2025-05-29,2025-08-22,Disposed,85.0,False,,85.0,False,False,,2025-05,2025Q2,2025-08,,False,Cape Lawson District Court,Eastern,District
002126,12,Youth,2026-01-06,2026-05-14,Disposed,128.0,False,,128.0,False,False,,2026-01,2026Q1,2026-05,,False,Willow Creek District Court,Southern,District
002127,06,Criminal,2024-10-14,2025-01-02,Disposed,80.0,False,,80.0,False,False,,2024-10,2024Q4,2025-01,,False,Central Plains High Court,Central,High
002128,05,Civil,2026-03-27,,Active,,False,,,False,True,158.0,2026-03,2026Q1,,3-12 months,False,Mistvale District Court,Central,District
002129,11,Family,2025-06-16,2025-10-31,Disposed,137.0,False,,137.0,False,False,,2025-06,2025Q2,2025-10,,False,Southern Ranges High Court,Southern,High
002130,03,Criminal,2025-09-25,2025-12-28,Disposed,94.0,False,,94.0,False,False,,2025-09,2025Q3,2025-12,,False,Harbourview High Court,Northern,High
002131,04,Family,2026-03-09,,Active,,False,,,False,True,176.0,2026-03,2026Q1,,3-12 months,False,Riverton District Court,Central,District
002132,10,Family,2025-09-09,,Active,,False,,,False,True,357.0,2025-09,2025Q3,,3-12 months,False,Fernbay District Court,Southern,District
002133,01,Civil,2025-05-22,2025-08-30,Disposed,100.0,False,,100.0,False,False,,2025-05,2025Q2,2025-08,,False,Northbridge District Court,Northern,District
002134,04,Criminal,2026-03-24,2026-06-04,Disposed,72.0,False,,72.0,False,False,,2026-03,2026Q1,2026-06,,False,Riverton District Court,Central,District
002135,01,Youth,2025-08-23,2025-10-21,Disposed,59.0,False,,59.0,False,False,,2025-08,2025Q3,2025-10,,False,Northbridge District Court,Northern,District
002136,06,Civil,2025-02-02,2025-05-26,Disposed,113.0,False,,113.0,False,False,,2025-02,2025Q1,2025-05,,False,Central Plains High Court,Central,High
002137,11,Criminal,2025-04-16,2025-07-12,Disposed,87.0,False,,87.0,False,False,,2025-04,2025Q2,2025-07,,False,Southern Ranges High Court,Southern,High
002138,03,Family,2024-07-12,,Active,,False,,,False,True,781.0,2024-07,2024Q3,,12+ months,True,Harbourview High Court,Northern,High
002139,12,Criminal,2026-04-26,2026-06-27,Disposed,62.0,False,,62.0,False,False,,2026-04,2026Q2,2026-06,,False,Willow Creek District Court,Southern,District
002140,07,Youth,2024-09-08,2024-12-01,Disposed,84.0,False,,84.0,False,False,,2024-09,2024Q3,2024-12,,False,Eastfield District Court,Eastern,District
002141,03,Civil,2025-08-01,2026-04-20,Disposed,262.0,False,,262.0,False,False,,2025-08,2025Q3,2026-04,,False,Harbourview High Court,Northern,High
002142,05,Family,2025-11-14,2026-07-05,Disposed,233.0,False,,233.0,False,False,,2025-11,2025Q4,2026-07,,False,Mistvale District Court,Central,District
002143,03,Youth,2024-11-29,2025-01-19,Disposed,51.0,False,,51.0,False,False,,2024-11,2024Q4,2025-01,,False,Harbourview High Court,Northern,High
002144,07,Youth,2026-03-22,2026-06-02,Disposed,72.0,False,,72.0,False,False,,2026-03,2026Q1,2026-06,,False,Eastfield District Court,Eastern,District
002145,07,Family,2026-04-16,,Active,,False,,,False,True,138.0,2026-04,2026Q2,,3-12 months,False,Eastfield District Court,Eastern,District
002146,03,Criminal,2024-12-27,2025-04-08,Disposed,102.0,False,,102.0,False,False,,2024-12,2024Q4,2025-04,,False,Harbourview High Court,Northern,High
002147,08,Criminal,2024-08-12,2025-04-10,Disposed,241.0,False,,241.0,False,False,,2024-08,2024Q3,2025-04,,False,Cape Lawson District Court,Eastern,District
002148,07,Civil,2026-04-18,,Active,,False,,,False,True,136.0,2026-04,2026Q2,,3-12 months,False,Eastfield District Court,Eastern,District
002149,09,Criminal,2025-08-07,2025-10-10,Disposed,64.0,False,,64.0,False,False,,2025-08,2025Q3,2025-10,,False,Southgate District Court,Southern,District
002150,07,Criminal,2026-05-23,,Active,,False,,,False,True,101.0,2026-05,2026Q2,,3-12 months,False,Eastfield District Court,Eastern,District
002151,01,Criminal,2025-07-20,2025-12-05,Disposed,138.0,False,,138.0,False,False,,2025-07,2025Q3,2025-12,,False,Northbridge District Court,Northern,District
002152,10,Criminal,2025-02-28,2025-04-28,Disposed,59.0,False,,59.0,False,False,,2025-02,2025Q1,2025-04,,False,Fernbay District Court,Southern,District
002153,04,Criminal,2024-08-01,2025-01-27,Disposed,179.0,False,,179.0,False,False,,2024-08,2024Q3,2025-01,,False,Riverton District Court,Central,District
002154,06,Civil,2025-04-03,2025-08-28,Disposed,147.0,False,,147.0,False,False,,2025-04,2025Q2,2025-08,,False,Central Plains High Court,Central,High
002155,08,Family,2024-08-11,2025-05-22,Disposed,284.0,False,,284.0,False,False,,2024-08,2024Q3,2025-05,,False,Cape Lawson District Court,Eastern,District
002156,08,Civil,2026-05-27,,Active,,False,,,False,True,97.0,2026-05,2026Q2,,3-12 months,False,Cape Lawson District Court,Eastern,District
002157,04,Family,2025-05-29,2026-05-02,Disposed,338.0,False,,338.0,False,False,,2025-05,2025Q2,2026-05,,False,Riverton District Court,Central,District
002158,04,Civil,2026-05-25,2026-07-05,Disposed,41.0,False,,41.0,False,False,,2026-05,2026Q2,2026-07,,False,Riverton District Court,Central,District
002159,04,Civil,2025-08-27,2026-05-14,Disposed,260.0,False,,260.0,False,False,,2025-08,2025Q3,2026-05,,False,Riverton District Court,Central,District
002160,08,Criminal,2025-07-12,2025-10-05,Disposed,85.0,False,,85.0,False,False,,2025-07,2025Q3,2025-10,,False,Cape Lawson District Court,Eastern,District
002161,01,Youth,2024-12-14,2025-01-23,Disposed,40.0,False,,40.0,False,False,,2024-12,2024Q4,2025-01,,False,Northbridge District Court,Northern,District
002162,09,Civil,2024-08-10,2025-02-17,Disposed,191.0,False,,191.0,False,False,,2024-08,2024Q3,2025-02,,False,Southgate District Court,Southern,District
002163,07,Criminal,2026-02-06,2026-05-03,Disposed,86.0,False,,86.0,False,False,,2026-02,2026Q1,2026-05,,False,Eastfield District Court,Eastern,District
002164,02,Criminal,2026-05-08,2026-05-30,Disposed,22.0,False,,22.0,False,False,,2026-05,2026Q2,2026-05,,False,Kauri Point District Court,Northern,District
002165,03,Family,2026-01-05,,Active,,False,,,False,True,239.0,2026-01,2026Q1,,3-12 months,False,Harbourview High Court,Northern,High
002166,03,Civil,2025-04-21,2025-11-19,Disposed,212.0,False,,212.0,False,False,,2025-04,2025Q2,2025-11,,False,Harbourview High Court,Northern,High
002167,08,Youth,2026-02-28,,Active,,False,,,False,True,185.0,2026-02,2026Q1,,3-12 months,False,Cape Lawson District Court,Eastern,District
002168,02,Criminal,2025-10-21,2025-12-21,Disposed,61.0,False,,61.0,False,False,,2025-10,2025Q4,2025-12,,False,Kauri Point District Court,Northern,District
002169,03,Criminal,2025-01-27,,Active,,False,,,False,True,582.0,2025-01,2025Q1,,12+ months,True,Harbourview High Court,Northern,High
002170,08,Family,2025-06-19,2026-05-07,Disposed,322.0,False,,322.0,False,False,,2025-06,2025Q2,2026-05,,False,Cape Lawson District Court,Eastern,District
002171,09,Criminal,2025-10-31,2026-01-08,Disposed,69.0,False,,69.0,False,False,,2025-10,2025Q4,2026-01,,False,Southgate District Court,Southern,District
002172,08,Family,2026-01-02,2026-06-02,Disposed,151.0,False,,151.0,False,False,,2026-01,2026Q1,2026-06,,False,Cape Lawson District Court,Eastern,District
002173,03,Family,2025-04-15,2026-01-24,Disposed,284.0,False,,284.0,False,False,,2025-04,2025Q2,2026-01,,False,Harbourview High Court,Northern,High
002174,11,Civil,2026-02-02,,Active,,False,,,False,True,211.0,2026-02,2026Q1,,3-12 months,False,Southern Ranges High Court,Southern,High
002175,12,Youth,2025-03-25,2025-12-31,Disposed,281.0,False,,281.0,False,False,,2025-03,2025Q1,2025-12,,False,Willow Creek District Court,Southern,District
002176,01,Youth,2025-11-09,2026-01-08,Disposed,60.0,False,,60.0,False,False,,2025-11,2025Q4,2026-01,,False,Northbridge District Court,Northern,District
002177,03,Civil,2025-12-21,,Active,,False,,,False,True,254.0,2025-12,2025Q4,,3-12 months,False,Harbourview High Court,Northern,High
002178,12,Criminal,2024-08-28,2025-03-16,Disposed,200.0,False,,200.0,False,False,,2024-08,2024Q3,2025-03,,False,Willow Creek District Court,Southern,District
002179,10,Criminal,2025-06-16,2025-10-23,Disposed,129.0,False,,129.0,False,False,,2025-06,2025Q2,2025-10,,False,Fernbay District Court,Southern,District
002180,03,Family,2025-12-19,2026-03-22,Disposed,93.0,False,,93.0,False,False,,2025-12,2025Q4,2026-03,,False,Harbourview High Court,Northern,High
002181,02,Family,2026-06-20,,Active,,False,,,False,True,73.0,2026-06,2026Q2,,0-3 months,False,Kauri Point District Court,Northern,District
002182,09,Civil,2025-11-03,,Active,,False,,,False,True,302.0,2025-11,2025Q4,,3-12 months,False,Southgate District Court,Southern,District
002183,02,Criminal,2024-09-22,2024-10-22,Disposed,30.0,False,,30.0,False,False,,2024-09,2024Q3,2024-10,,False,Kauri Point District Court,Northern,District
002184,07,Family,2025-06-11,2026-03-02,Disposed,264.0,False,,264.0,False,False,,2025-06,2025Q2,2026-03,,False,Eastfield District Court,Eastern,District
002185,09,Youth,2025-10-31,2026-03-06,Disposed,126.0,False,,126.0,False,False,,2025-10,2025Q4,2026-03,,False,Southgate District Court,Southern,District
002186,01,Civil,2026-04-27,,Active,,False,,,False,True,127.0,2026-04,2026Q2,,3-12 months,False,Northbridge District Court,Northern,District
002187,04,Civil,2025-12-11,2026-04-11,Disposed,121.0,False,,121.0,False,False,,2025-12,2025Q4,2026-04,,False,Riverton District Court,Central,District
002188,03,Criminal,2024-09-19,2025-01-05,Disposed,108.0,False,,108.0,False,False,,2024-09,2024Q3,2025-01,,False,Harbourview High Court,Northern,High
002189,11,Civil,2026-02-28,,Active,,False,,,False,True,185.0,2026-02,2026Q1,,3-12 months,False,Southern Ranges High Court,Southern,High
002190,04,Youth,2025-06-30,2025-08-31,Disposed,62.0,False,,62.0,False,False,,2025-06,2025Q2,2025-08,,False,Riverton District Court,Central,District
002191,04,Civil,2026-04-15,,Active,,False,,,False,True,139.0,2026-04,2026Q2,,3-12 months,False,Riverton District Court,Central,District
002192,11,Criminal,2025-10-12,2026-08-18,Disposed,310.0,False,,310.0,False,False,,2025-10,2025Q4,2026-08,,False,Southern Ranges High Court,Southern,High
002193,03,Civil,2026-05-15,,Active,,False,,,False,True,109.0,2026-05,2026Q2,,3-12 months,False,Harbourview High Court,Northern,High
002194,04,Civil,2024-11-15,2025-03-14,Disposed,119.0,False,,119.0,False,False,,2024-11,2024Q4,2025-03,,False,Riverton District Court,Central,District
002195,11,Family,2025-01-07,2025-07-20,Disposed,194.0,False,,194.0,False,False,,2025-01,2025Q1,2025-07,,False,Southern Ranges High Court,Southern,High
002196,10,Family,2025-05-06,2025-09-29,Disposed,146.0,False,,146.0,False,False,,2025-05,2025Q2,2025-09,,False,Fernbay District Court,Southern,District
002197,05,Criminal,2025-10-11,2025-12-29,Disposed,79.0,False,,79.0,False,False,,2025-10,2025Q4,2025-12,,False,Mistvale District Court,Central,District
002198,05,Family,2026-05-24,,Active,,False,,,False,True,100.0,2026-05,2026Q2,,3-12 months,False,Mistvale District Court,Central,District
002199,08,Family,2024-10-26,2025-10-01,Disposed,340.0,False,,340.0,False,False,,2024-10,2024Q4,2025-10,,False,Cape Lawson District Court,Eastern,District
002200,06,Civil,2025-05-10,2025-11-22,Disposed,196.0,False,,196.0,False,False,,2025-05,2025Q2,2025-11,,False,Central Plains High Court,Central,High
002201,09,Civil,2024-08-16,2025-05-08,Disposed,265.0,False,,265.0,False,False,,2024-08,2024Q3,2025-05,,False,Southgate District Court,Southern,District
002202,08,Civil,2025-08-30,2026-01-13,Disposed,136.0,False,,136.0,False,False,,2025-08,2025Q3,2026-01,,False,Cape Lawson District Court,Eastern,District
002203,07,Criminal,2026-02-28,2026-06-19,Disposed,111.0,False,,111.0,False,False,,2026-02,2026Q1,2026-06,,False,Eastfield District Court,Eastern,District
002204,03,Youth,2024-09-05,2024-12-04,Disposed,90.0,False,,90.0,False,False,,2024-09,2024Q3,2024-12,,False,Harbourview High Court,Northern,High
002205,08,Criminal,2025-09-28,2026-02-11,Disposed,136.0,False,,136.0,False,False,,2025-09,2025Q3,2026-02,,False,Cape Lawson District Court,Eastern,District
002206,08,Criminal,2025-03-13,2025-09-14,Disposed,185.0,False,,185.0,False,False,,2025-03,2025Q1,2025-09,,False,Cape Lawson District Court,Eastern,District
002207,10,Family,2026-03-12,,Active,,False,,,False,True,173.0,2026-03,2026Q1,,3-12 months,False,Fernbay District Court,Southern,District
002208,01,Youth,2024-10-01,2025-01-28,Disposed,119.0,False,,119.0,False,False,,2024-10,2024Q4,2025-01,,False,Northbridge District Court,Northern,District
002209,11,Criminal,2025-02-07,2025-03-15,Disposed,36.0,False,,36.0,False,False,,2025-02,2025Q1,2025-03,,False,Southern Ranges High Court,Southern,High
002210,05,Criminal,2025-07-05,2025-11-10,Disposed,128.0,False,,128.0,False,False,,2025-07,2025Q3,2025-11,,False,Mistvale District Court,Central,District
002211,01,Youth,2025-09-14,2026-02-18,Disposed,157.0,False,,157.0,False,False,,2025-09,2025Q3,2026-02,,False,Northbridge District Court,Northern,District
002212,07,Family,2026-06-09,,Active,,False,,,False,True,84.0,2026-06,2026Q2,,0-3 months,False,Eastfield District Court,Eastern,District
002213,01,Civil,2026-03-18,2026-08-03,Disposed,138.0,False,,138.0,False,False,,2026-03,2026Q1,2026-08,,False,Northbridge District Court,Northern,District
002214,11,Youth,2025-05-20,2025-09-13,Disposed,116.0,False,,116.0,False,False,,2025-05,2025Q2,2025-09,,False,Southern Ranges High Court,Southern,High
002215,02,Family,2026-02-12,,Active,,False,,,False,True,201.0,2026-02,2026Q1,,3-12 months,False,Kauri Point District Court,Northern,District
002216,11,Civil,2024-07-07,2024-12-24,Disposed,170.0,False,,170.0,False,False,,2024-07,2024Q3,2024-12,,False,Southern Ranges High Court,Southern,High
002217,04,Family,2025-11-18,2026-07-16,Disposed,240.0,False,,240.0,False,False,,2025-11,2025Q4,2026-07,,False,Riverton District Court,Central,District
002218,05,Criminal,2025-03-01,2026-04-30,Disposed,425.0,False,,425.0,False,False,,2025-03,2025Q1,2026-04,,False,Mistvale District Court,Central,District
002219,03,Criminal,2025-08-26,2025-11-10,Disposed,76.0,False,,76.0,False,False,,2025-08,2025Q3,2025-11,,False,Harbourview High Court,Northern,High
002220,02,Family,2024-12-15,2025-08-15,Disposed,243.0,False,,243.0,False,False,,2024-12,2024Q4,2025-08,,False,Kauri Point District Court,Northern,District
002221,12,Criminal,2026-04-09,2026-07-28,Disposed,110.0,False,,110.0,False,False,,2026-04,2026Q2,2026-07,,False,Willow Creek District Court,Southern,District
002222,05,Civil,2026-06-07,,Active,,False,,,False,True,86.0,2026-06,2026Q2,,0-3 months,False,Mistvale District Court,Central,District
002223,08,Family,2025-05-09,2026-05-17,Disposed,373.0,False,,373.0,False,False,,2025-05,2025Q2,2026-05,,False,Cape Lawson District Court,Eastern,District
002224,04,Family,2026-03-20,,Active,,False,,,False,True,165.0,2026-03,2026Q1,,3-12 months,False,Riverton District Court,Central,District
002225,01,Youth,2024-07-03,2025-01-23,Disposed,204.0,False,,204.0,False,False,,2024-07,2024Q3,2025-01,,False,Northbridge District Court,Northern,District
002226,12,Civil,2026-04-21,2026-08-01,Disposed,102.0,False,,102.0,False,False,,2026-04,2026Q2,2026-08,,False,Willow Creek District Court,Southern,District
002227,06,Civil,2024-07-10,2024-11-08,Disposed,121.0,False,,121.0,False,False,,2024-07,2024Q3,2024-11,,False,Central Plains High Court,Central,High
002228,05,Family,2024-10-25,2025-07-07,Disposed,255.0,False,,255.0,False,False,,2024-10,2024Q4,2025-07,,False,Mistvale District Court,Central,District
002229,10,Youth,2026-03-22,2026-06-09,Disposed,79.0,False,,79.0,False,False,,2026-03,2026Q1,2026-06,,False,Fernbay District Court,Southern,District
002230,03,Youth,2024-11-04,2024-12-13,Disposed,39.0,False,,39.0,False,False,,2024-11,2024Q4,2024-12,,False,Harbourview High Court,Northern,High
002231,01,Criminal,2025-07-25,2026-05-02,Disposed,281.0,False,,281.0,False,False,,2025-07,2025Q3,2026-05,,False,Northbridge District Court,Northern,District
002232,09,Civil,2026-01-11,,Active,,False,,,False,True,233.0,2026-01,2026Q1,,3-12 months,False,Southgate District Court,Southern,District
002233,11,Youth,2025-03-08,2025-05-23,Disposed,76.0,False,,76.0,False,False,,2025-03,2025Q1,2025-05,,False,Southern Ranges High Court,Southern,High
002234,03,Civil,2026-06-20,,Active,,False,,,False,True,73.0,2026-06,2026Q2,,0-3 months,False,Harbourview High Court,Northern,High
002235,01,Criminal,2025-02-14,2025-08-20,Disposed,,False,,187.0,False,False,,2025-02,2025Q1,2025-08,,False,Northbridge District Court,Northern,District
002236,10,Criminal,2026-02-28,2026-07-20,Disposed,142.0,False,,142.0,False,False,,2026-02,2026Q1,2026-07,,False,Fernbay District Court,Southern,District
002237,06,Family,2025-06-08,2025-12-23,Disposed,,False,,198.0,False,False,,2025-06,2025Q2,2025-12,,False,Central Plains High Court,Central,High
002238,06,Civil,2025-02-20,2025-09-09,Disposed,201.0,False,,201.0,False,False,,2025-02,2025Q1,2025-09,,False,Central Plains High Court,Central,High
002239,10,Criminal,2025-05-30,2025-07-12,Disposed,43.0,False,,43.0,False,False,,2025-05,2025Q2,2025-07,,False,Fernbay District Court,Southern,District
002240,12,Criminal,2026-03-09,2026-05-25,Disposed,77.0,False,,77.0,False,False,,2026-03,2026Q1,2026-05,,False,Willow Creek District Court,Southern,District
002241,06,Criminal,2024-11-28,2025-02-09,Disposed,73.0,False,,73.0,False,False,,2024-11,2024Q4,2025-02,,False,Central Plains High Court,Central,High
002242,04,Youth,2025-10-13,2025-12-25,Disposed,73.0,False,,73.0,False,False,,2025-10,2025Q4,2025-12,,False,Riverton District Court,Central,District
002243,11,Youth,2025-09-14,2026-01-23,Disposed,131.0,False,,131.0,False,False,,2025-09,2025Q3,2026-01,,False,Southern Ranges High Court,Southern,High
002244,05,Civil,2025-05-29,2026-05-23,Disposed,,False,,359.0,False,False,,2025-05,2025Q2,2026-05,,False,Mistvale District Court,Central,District
002245,02,Civil,2025-02-10,2025-05-12,Disposed,91.0,False,,91.0,False,False,,2025-02,2025Q1,2025-05,,False,Kauri Point District Court,Northern,District
002246,12,Family,2025-09-05,2026-02-11,Disposed,159.0,False,,159.0,False,False,,2025-09,2025Q3,2026-02,,False,Willow Creek District Court,Southern,District
002247,11,Criminal,2025-06-30,2025-12-17,Disposed,170.0,False,,170.0,False,False,,2025-06,2025Q2,2025-12,,False,Southern Ranges High Court,Southern,High
002248,11,Family,2025-11-11,2026-05-01,Disposed,171.0,False,,171.0,False,False,,2025-11,2025Q4,2026-05,,False,Southern Ranges High Court,Southern,High
002249,06,Criminal,2025-12-23,,Active,,False,,,False,True,252.0,2025-12,2025Q4,,3-12 months,False,Central Plains High Court,Central,High
002250,09,Family,2025-04-20,,Active,,False,,,False,True,499.0,2025-04,2025Q2,,12+ months,True,Southgate District Court,Southern,District
002251,06,Family,2026-05-05,,Active,,False,,,False,True,119.0,2026-05,2026Q2,,3-12 months,False,Central Plains High Court,Central,High
002252,07,Criminal,2025-07-09,2026-06-21,Disposed,347.0,False,,347.0,False,False,,2025-07,2025Q3,2026-06,,False,Eastfield District Court,Eastern,District
002253,01,Youth,2025-02-19,2025-04-21,Disposed,61.0,False,,61.0,False,False,,2025-02,2025Q1,2025-04,,False,Northbridge District Court,Northern,District
002254,08,Youth,2025-02-27,2025-04-26,Disposed,58.0,False,,58.0,False,False,,2025-02,2025Q1,2025-04,,False,Cape Lawson District Court,Eastern,District
002255,07,Youth,2026-03-11,2026-04-22,Disposed,42.0,False,,42.0,False,False,,2026-03,2026Q1,2026-04,,False,Eastfield District Court,Eastern,District
002256,07,Criminal,2025-03-29,2025-06-29,Disposed,92.0,False,,92.0,False,False,,2025-03,2025Q1,2025-06,,False,Eastfield District Court,Eastern,District
002257,05,Youth,2025-08-14,2025-10-30,Disposed,77.0,False,,77.0,False,False,,2025-08,2025Q3,2025-10,,False,Mistvale District Court,Central,District
002258,11,Criminal,2024-11-11,2025-11-12,Disposed,366.0,False,,366.0,False,False,,2024-11,2024Q4,2025-11,,False,Southern Ranges High Court,Southern,High
002259,05,Civil,2024-11-28,,Active,,False,,,False,True,642.0,2024-11,2024Q4,,12+ months,True,Mistvale District Court,Central,District
002260,09,Civil,2026-01-21,,Active,,False,,,False,True,223.0,2026-01,2026Q1,,3-12 months,False,Southgate District Court,Southern,District
002261,11,Civil,2026-03-09,,Active,,False,,,False,True,176.0,2026-03,2026Q1,,3-12 months,False,Southern Ranges High Court,Southern,High
002262,11,Civil,2024-07-06,2024-11-03,Disposed,120.0,False,,120.0,False,False,,2024-07,2024Q3,2024-11,,False,Southern Ranges High Court,Southern,High
002263,03,Civil,2026-04-22,2026-09-01,Disposed,132.0,False,,132.0,False,False,,2026-04,2026Q2,2026-09,,False,Harbourview High Court,Northern,High
002264,03,Family,2026-02-25,,Active,,False,,,False,True,188.0,2026-02,2026Q1,,3-12 months,False,Harbourview High Court,Northern,High
002265,11,Civil,2025-02-01,2025-07-04,Disposed,153.0,False,,153.0,False,False,,2025-02,2025Q1,2025-07,,False,Southern Ranges High Court,Southern,High
002266,02,Civil,2024-11-22,2025-03-05,Disposed,103.0,False,,103.0,False,False,,2024-11,2024Q4,2025-03,,False,Kauri Point District Court,Northern,District
002267,02,Civil,2025-12-27,2026-05-05,Disposed,129.0,False,,129.0,False,False,,2025-12,2025Q4,2026-05,,False,Kauri Point District Court,Northern,District
002268,06,Criminal,2025-02-01,2025-07-02,Disposed,151.0,False,,151.0,False,False,,2025-02,2025Q1,2025-07,,False,Central Plains High Court,Central,High
002269,14,Family,2025-11-16,,Active,,True,court_id not in lookup,,False,True,289.0,2025-11,2025Q4,,3-12 months,False,,,
002270,01,Civil,2024-11-15,2025-02-19,Disposed,96.0,False,,96.0,False,False,,2024-11,2024Q4,2025-02,,False,Northbridge District Court,Northern,District
002271,11,Criminal,2024-11-14,2025-05-05,Disposed,172.0,False,,172.0,False,False,,2024-11,2024Q4,2025-05,,False,Southern Ranges High Court,Southern,High
002272,11,Criminal,2025-05-03,2025-11-12,Disposed,193.0,False,,193.0,False,False,,2025-05,2025Q2,2025-11,,False,Southern Ranges High Court,Southern,High
002273,10,Criminal,2025-02-11,2025-07-02,Disposed,141.0,False,,141.0,False,False,,2025-02,2025Q1,2025-07,,False,Fernbay District Court,Southern,District
002274,05,Youth,2024-09-25,2025-07-08,Disposed,286.0,False,,286.0,False,False,,2024-09,2024Q3,2025-07,,False,Mistvale District Court,Central,District
002275,01,Criminal,2024-09-12,2025-02-07,Disposed,148.0,False,,148.0,False,False,,2024-09,2024Q3,2025-02,,False,Northbridge District Court,Northern,District
002276,12,Criminal,2025-02-08,2026-05-15,Disposed,461.0,False,,461.0,False,False,,2025-02,2025Q1,2026-05,,False,Willow Creek District Court,Southern,District
002277,01,Civil,2024-09-12,2025-03-04,Disposed,173.0,False,,173.0,False,False,,2024-09,2024Q3,2025-03,,False,Northbridge District Court,Northern,District
002278,01,Criminal,2024-07-02,2024-09-15,Disposed,75.0,False,,75.0,False,False,,2024-07,2024Q3,2024-09,,False,Northbridge District Court,Northern,District
002279,09,Civil,2024-09-08,2024-11-08,Disposed,61.0,False,,61.0,False,False,,2024-09,2024Q3,2024-11,,False,Southgate District Court,Southern,District
002280,08,Criminal,2026-04-16,2026-07-19,Disposed,94.0,False,,94.0,False,False,,2026-04,2026Q2,2026-07,,False,Cape Lawson District Court,Eastern,District
002281,01,Civil,2024-09-09,2024-12-28,Disposed,110.0,False,,110.0,False,False,,2024-09,2024Q3,2024-12,,False,Northbridge District Court,Northern,District
002282,11,Civil,2024-10-01,2025-01-14,Disposed,105.0,False,,105.0,False,False,,2024-10,2024Q4,2025-01,,False,Southern Ranges High Court,Southern,High
002283,02,Civil,2026-06-29,,Active,,False,,,False,True,64.0,2026-06,2026Q2,,0-3 months,False,Kauri Point District Court,Northern,District
002284,09,Criminal,2025-05-29,2025-08-21,Disposed,84.0,False,,84.0,False,False,,2025-05,2025Q2,2025-08,,False,Southgate District Court,Southern,District
002285,01,Family,2026-04-06,2026-07-29,Disposed,114.0,False,,114.0,False,False,,2026-04,2026Q2,2026-07,,False,Northbridge District Court,Northern,District
002286,04,Criminal,2026-04-04,2026-06-18,Disposed,75.0,False,,75.0,False,False,,2026-04,2026Q2,2026-06,,False,Riverton District Court,Central,District
002287,08,Civil,2025-06-19,,Active,,False,,,False,True,439.0,2025-06,2025Q2,,12+ months,True,Cape Lawson District Court,Eastern,District
002288,12,Criminal,2025-12-09,2026-07-14,Disposed,217.0,False,,217.0,False,False,,2025-12,2025Q4,2026-07,,False,Willow Creek District Court,Southern,District
002289,05,Family,2024-10-15,2025-08-03,Disposed,292.0,False,,292.0,False,False,,2024-10,2024Q4,2025-08,,False,Mistvale District Court,Central,District
002290,03,Criminal,2025-09-05,2025-12-09,Disposed,95.0,False,,95.0,False,False,,2025-09,2025Q3,2025-12,,False,Harbourview High Court,Northern,High
002291,04,Family,2025-01-19,2025-04-20,Disposed,91.0,False,,91.0,False,False,,2025-01,2025Q1,2025-04,,False,Riverton District Court,Central,District
002292,11,Civil,2026-04-03,,Active,,False,,,False,True,151.0,2026-04,2026Q2,,3-12 months,False,Southern Ranges High Court,Southern,High
002293,09,Criminal,2025-04-29,2025-10-16,Disposed,170.0,False,,170.0,False,False,,2025-04,2025Q2,2025-10,,False,Southgate District Court,Southern,District
002294,04,Criminal,2024-09-01,2024-12-16,Disposed,106.0,False,,106.0,False,False,,2024-09,2024Q3,2024-12,,False,Riverton District Court,Central,District
002295,02,Youth,2024-07-14,2024-08-30,Disposed,47.0,False,,47.0,False,False,,2024-07,2024Q3,2024-08,,False,Kauri Point District Court,Northern,District
002296,03,Civil,2026-05-11,2026-08-27,Disposed,108.0,False,,108.0,False,False,,2026-05,2026Q2,2026-08,,False,Harbourview High Court,Northern,High
002297,05,Civil,2026-02-03,,Active,,False,,,False,True,210.0,2026-02,2026Q1,,3-12 months,False,Mistvale District Court,Central,District
002298,11,Family,2026-01-23,2026-05-07,Disposed,104.0,False,,104.0,False,False,,2026-01,2026Q1,2026-05,,False,Southern Ranges High Court,Southern,High
002299,01,Civil,2025-07-25,2026-01-03,Disposed,162.0,False,,162.0,False,False,,2025-07,2025Q3,2026-01,,False,Northbridge District Court,Northern,District
002300,05,Family,2025-08-29,2025-11-27,Disposed,90.0,False,,90.0,False,False,,2025-08,2025Q3,2025-11,,False,Mistvale District Court,Central,District
002301,04,Youth,2026-06-16,,Active,,False,,,False,True,77.0,2026-06,2026Q2,,0-3 months,False,Riverton District Court,Central,District
002302,10,Criminal,2025-03-28,2025-10-29,Disposed,215.0,False,,215.0,False,False,,2025-03,2025Q1,2025-10,,False,Fernbay District Court,Southern,District
002303,06,Youth,2025-10-13,2025-12-18,Disposed,66.0,False,,66.0,False,False,,2025-10,2025Q4,2025-12,,False,Central Plains High Court,Central,High
002304,05,Criminal,2024-09-13,2024-12-31,Disposed,109.0,False,,109.0,False,False,,2024-09,2024Q3,2024-12,,False,Mistvale District Court,Central,District
002305,03,Family,2026-02-22,2026-07-19,Disposed,147.0,False,,147.0,False,False,,2026-02,2026Q1,2026-07,,False,Harbourview High Court,Northern,High
002306,10,Civil,2026-03-26,,Active,,False,,,False,True,159.0,2026-03,2026Q1,,3-12 months,False,Fernbay District Court,Southern,District
002307,09,Family,2026-05-21,,Active,,False,,,False,True,103.0,2026-05,2026Q2,,3-12 months,False,Southgate District Court,Southern,District
002308,02,Youth,2025-04-15,2025-06-16,Disposed,62.0,False,,62.0,False,False,,2025-04,2025Q2,2025-06,,False,Kauri Point District Court,Northern,District
002309,05,Family,2025-05-25,2026-05-16,Disposed,356.0,False,,356.0,False,False,,2025-05,2025Q2,2026-05,,False,Mistvale District Court,Central,District
002310,11,Criminal,2025-09-21,2025-12-13,Disposed,83.0,False,,83.0,False,False,,2025-09,2025Q3,2025-12,,False,Southern Ranges High Court,Southern,High
002311,02,Criminal,2025-10-16,2026-01-27,Disposed,103.0,False,,103.0,False,False,,2025-10,2025Q4,2026-01,,False,Kauri Point District Court,Northern,District
002312,03,Criminal,2025-11-22,2026-05-18,Disposed,177.0,False,,177.0,False,False,,2025-11,2025Q4,2026-05,,False,Harbourview High Court,Northern,High
002313,12,Criminal,2026-03-11,2026-06-12,Disposed,93.0,False,,93.0,False,False,,2026-03,2026Q1,2026-06,,False,Willow Creek District Court,Southern,District
002314,03,Youth,2024-12-10,2025-06-11,Disposed,183.0,False,,183.0,False,False,,2024-12,2024Q4,2025-06,,False,Harbourview High Court,Northern,High
002315,09,Criminal,2025-03-16,2026-02-13,Disposed,334.0,False,,334.0,False,False,,2025-03,2025Q1,2026-02,,False,Southgate District Court,Southern,District
002316,11,Criminal,2026-06-25,2026-08-04,Disposed,40.0,False,,40.0,False,False,,2026-06,2026Q2,2026-08,,False,Southern Ranges High Court,Southern,High
002317,06,Criminal,2026-01-02,2026-04-15,Disposed,103.0,False,,103.0,False,False,,2026-01,2026Q1,2026-04,,False,Central Plains High Court,Central,High
002318,06,Criminal,2025-06-21,2025-12-11,Disposed,173.0,False,,173.0,False,False,,2025-06,2025Q2,2025-12,,False,Central Plains High Court,Central,High
002319,03,Criminal,2025-01-29,2025-06-20,Disposed,142.0,False,,142.0,False,False,,2025-01,2025Q1,2025-06,,False,Harbourview High Court,Northern,High
002320,01,Criminal,2024-11-25,2025-03-03,Disposed,98.0,False,,98.0,False,False,,2024-11,2024Q4,2025-03,,False,Northbridge District Court,Northern,District
002321,08,Family,2026-02-11,,Active,,False,,,False,True,202.0,2026-02,2026Q1,,3-12 months,False,Cape Lawson District Court,Eastern,District
002322,04,Criminal,2024-12-30,2025-07-10,Disposed,192.0,False,,192.0,False,False,,2024-12,2024Q4,2025-07,,False,Riverton District Court,Central,District
002323,02,Family,2025-12-06,2026-01-06,Disposed,31.0,False,,31.0,False,False,,2025-12,2025Q4,2026-01,,False,Kauri Point District Court,Northern,District
002324,09,Civil,2026-02-15,2026-03-21,Disposed,,False,,34.0,False,False,,2026-02,2026Q1,2026-03,,False,Southgate District Court,Southern,District
002325,01,Criminal,2025-08-14,2025-11-14,Disposed,92.0,False,,92.0,False,False,,2025-08,2025Q3,2025-11,,False,Northbridge District Court,Northern,District
002326,07,Criminal,2025-12-12,,Active,,False,,,False,True,263.0,2025-12,2025Q4,,3-12 months,False,Eastfield District Court,Eastern,District
002327,11,Family,2024-09-25,2025-02-03,Disposed,131.0,False,,131.0,False,False,,2024-09,2024Q3,2025-02,,False,Southern Ranges High Court,Southern,High
002328,04,Family,2025-04-11,,Active,,False,,,False,True,508.0,2025-04,2025Q2,,12+ months,True,Riverton District Court,Central,District
002329,11,Youth,2026-06-03,,Active,,False,,,False,True,90.0,2026-06,2026Q2,,0-3 months,False,Southern Ranges High Court,Southern,High
002330,07,Family,2027-01-11,2026-08-12,Disposed,233.0,True,disposed before filed,-152.0,True,False,,2027-01,2027Q1,2026-08,,False,Eastfield District Court,Eastern,District
002331,05,Civil,2024-07-03,2024-10-13,Disposed,102.0,False,,102.0,False,False,,2024-07,2024Q3,2024-10,,False,Mistvale District Court,Central,District
002332,07,Civil,2026-02-10,2026-07-30,Disposed,170.0,False,,170.0,False,False,,2026-02,2026Q1,2026-07,,False,Eastfield District Court,Eastern,District
002333,08,Criminal,2024-11-13,2025-03-07,Disposed,114.0,False,,114.0,False,False,,2024-11,2024Q4,2025-03,,False,Cape Lawson District Court,Eastern,District
002334,12,Family,2025-02-18,2026-01-11,Disposed,327.0,False,,327.0,False,False,,2025-02,2025Q1,2026-01,,False,Willow Creek District Court,Southern,District
002335,11,Youth,2025-04-24,2025-06-27,Disposed,64.0,False,,64.0,False,False,,2025-04,2025Q2,2025-06,,False,Southern Ranges High Court,Southern,High
002336,11,Family,2025-02-19,2025-09-22,Disposed,215.0,False,,215.0,False,False,,2025-02,2025Q1,2025-09,,False,Southern Ranges High Court,Southern,High
002337,12,Criminal,2025-03-26,2025-06-03,Disposed,69.0,False,,69.0,False,False,,2025-03,2025Q1,2025-06,,False,Willow Creek District Court,Southern,District
002338,04,Youth,2024-09-16,2024-10-31,Disposed,45.0,False,,45.0,False,False,,2024-09,2024Q3,2024-10,,False,Riverton District Court,Central,District
002339,09,Family,2025-09-06,,Active,,False,,,False,True,360.0,2025-09,2025Q3,,3-12 months,False,Southgate District Court,Southern,District
002340,01,Criminal,2026-03-21,2026-06-26,Disposed,97.0,False,,97.0,False,False,,2026-03,2026Q1,2026-06,,False,Northbridge District Court,Northern,District
002341,07,Criminal,2025-07-27,2025-11-17,Disposed,113.0,False,,113.0,False,False,,2025-07,2025Q3,2025-11,,False,Eastfield District Court,Eastern,District
002342,14,Criminal,2026-03-09,,Active,,True,court_id not in lookup,,False,True,176.0,2026-03,2026Q1,,3-12 months,False,,,
002343,01,Criminal,2026-04-13,2026-07-19,Disposed,97.0,False,,97.0,False,False,,2026-04,2026Q2,2026-07,,False,Northbridge District Court,Northern,District
002344,12,Youth,2025-06-06,2025-07-24,Disposed,48.0,False,,48.0,False,False,,2025-06,2025Q2,2025-07,,False,Willow Creek District Court,Southern,District
002345,08,Criminal,2024-11-05,2025-02-02,Disposed,89.0,False,,89.0,False,False,,2024-11,2024Q4,2025-02,,False,Cape Lawson District Court,Eastern,District
002346,10,Criminal,2025-09-30,2026-02-09,Disposed,132.0,False,,132.0,False,False,,2025-09,2025Q3,2026-02,,False,Fernbay District Court,Southern,District
002347,11,Criminal,2024-11-26,,Active,,False,,,False,True,644.0,2024-11,2024Q4,,12+ months,True,Southern Ranges High Court,Southern,High
002348,06,Criminal,2025-10-17,2026-03-22,Disposed,156.0,False,,156.0,False,False,,2025-10,2025Q4,2026-03,,False,Central Plains High Court,Central,High
002349,08,Civil,2025-06-13,2026-05-31,Disposed,352.0,False,,352.0,False,False,,2025-06,2025Q2,2026-05,,False,Cape Lawson District Court,Eastern,District
002350,02,Civil,2025-06-21,2025-08-25,Disposed,65.0,False,,65.0,False,False,,2025-06,2025Q2,2025-08,,False,Kauri Point District Court,Northern,District
002351,07,Family,2025-05-03,2025-09-21,Disposed,141.0,False,,141.0,False,False,,2025-05,2025Q2,2025-09,,False,Eastfield District Court,Eastern,District
002352,06,Criminal,2024-07-25,2025-02-17,Disposed,207.0,False,,207.0,False,False,,2024-07,2024Q3,2025-02,,False,Central Plains High Court,Central,High
002353,09,Family,2024-11-22,2026-01-08,Disposed,412.0,False,,412.0,False,False,,2024-11,2024Q4,2026-01,,False,Southgate District Court,Southern,District
002354,08,Family,2025-08-28,,Active,,False,,,False,True,369.0,2025-08,2025Q3,,12+ months,True,Cape Lawson District Court,Eastern,District
002355,07,Civil,2025-10-02,2026-06-08,Disposed,249.0,False,,249.0,False,False,,2025-10,2025Q4,2026-06,,False,Eastfield District Court,Eastern,District
002356,11,Civil,2025-10-16,2026-02-21,Disposed,128.0,False,,128.0,False,False,,2025-10,2025Q4,2026-02,,False,Southern Ranges High Court,Southern,High
002357,11,Civil,2024-08-08,2025-04-28,Disposed,263.0,False,,263.0,False,False,,2024-08,2024Q3,2025-04,,False,Southern Ranges High Court,Southern,High
002358,08,Criminal,2025-11-22,2026-08-05,Disposed,256.0,False,,256.0,False,False,,2025-11,2025Q4,2026-08,,False,Cape Lawson District Court,Eastern,District
002359,06,Civil,2026-02-05,,Active,,False,,,False,True,208.0,2026-02,2026Q1,,3-12 months,False,Central Plains High Court,Central,High
002360,12,Civil,2026-02-24,,Active,,False,,,False,True,189.0,2026-02,2026Q1,,3-12 months,False,Willow Creek District Court,Southern,District
002361,07,Youth,2024-12-24,2025-02-04,Disposed,42.0,False,,42.0,False,False,,2024-12,2024Q4,2025-02,,False,Eastfield District Court,Eastern,District
002362,01,Civil,2026-03-06,2026-06-28,Disposed,114.0,False,,114.0,False,False,,2026-03,2026Q1,2026-06,,False,Northbridge District Court,Northern,District
002363,09,Family,2025-01-01,,Active,,False,,,False,True,608.0,2025-01,2025Q1,,12+ months,True,Southgate District Court,Southern,District
002364,02,Civil,2026-04-17,2026-08-13,Disposed,118.0,False,,118.0,False,False,,2026-04,2026Q2,2026-08,,False,Kauri Point District Court,Northern,District
002365,11,Family,2025-11-16,2026-02-17,Disposed,93.0,False,,93.0,False,False,,2025-11,2025Q4,2026-02,,False,Southern Ranges High Court,Southern,High
002366,05,Family,2026-05-15,,Active,,False,,,False,True,109.0,2026-05,2026Q2,,3-12 months,False,Mistvale District Court,Central,District
002367,08,Criminal,2026-03-08,,Active,,False,,,False,True,177.0,2026-03,2026Q1,,3-12 months,False,Cape Lawson District Court,Eastern,District
002368,08,Criminal,2025-02-12,2025-03-23,Disposed,39.0,False,,39.0,False,False,,2025-02,2025Q1,2025-03,,False,Cape Lawson District Court,Eastern,District
002369,04,Civil,2025-08-06,2025-10-02,Disposed,57.0,False,,57.0,False,False,,2025-08,2025Q3,2025-10,,False,Riverton District Court,Central,District
002370,07,Criminal,2025-06-24,2025-10-29,Disposed,127.0,False,,127.0,False,False,,2025-06,2025Q2,2025-10,,False,Eastfield District Court,Eastern,District
002371,06,Civil,2025-06-28,2026-06-20,Disposed,357.0,False,,357.0,False,False,,2025-06,2025Q2,2026-06,,False,Central Plains High Court,Central,High
002372,08,Family,2024-07-18,2024-12-22,Disposed,157.0,False,,157.0,False,False,,2024-07,2024Q3,2024-12,,False,Cape Lawson District Court,Eastern,District
002373,09,Civil,2026-05-15,,Active,,False,,,False,True,109.0,2026-05,2026Q2,,3-12 months,False,Southgate District Court,Southern,District
002374,03,Youth,2026-04-25,2026-05-30,Disposed,35.0,False,,35.0,False,False,,2026-04,2026Q2,2026-05,,False,Harbourview High Court,Northern,High
002375,08,Family,2025-12-12,,Active,,False,,,False,True,263.0,2025-12,2025Q4,,3-12 months,False,Cape Lawson District Court,Eastern,District
002376,08,Civil,2025-01-07,2025-08-02,Disposed,207.0,False,,207.0,False,False,,2025-01,2025Q1,2025-08,,False,Cape Lawson District Court,Eastern,District
002377,12,Criminal,2025-10-11,2026-01-12,Disposed,93.0,False,,93.0,False,False,,2025-10,2025Q4,2026-01,,False,Willow Creek District Court,Southern,District
002378,05,Family,2025-04-19,2025-03-26,Disposed,125.0,True,disposed before filed,-24.0,True,False,,2025-04,2025Q2,2025-03,,False,Mistvale District Court,Central,District
002379,03,Criminal,2026-03-22,,Active,,False,,,False,True,163.0,2026-03,2026Q1,,3-12 months,False,Harbourview High Court,Northern,High
002380,11,Youth,2024-09-06,2024-11-09,Disposed,64.0,False,,64.0,False,False,,2024-09,2024Q3,2024-11,,False,Southern Ranges High Court,Southern,High
002381,04,Family,2025-11-09,2026-02-26,Disposed,109.0,False,,109.0,False,False,,2025-11,2025Q4,2026-02,,False,Riverton District Court,Central,District
002382,04,Criminal,2026-05-11,2026-07-23,Disposed,73.0,False,,73.0,False,False,,2026-05,2026Q2,2026-07,,False,Riverton District Court,Central,District
002383,08,Family,2026-02-06,2026-08-04,Disposed,179.0,False,,179.0,False,False,,2026-02,2026Q1,2026-08,,False,Cape Lawson District Court,Eastern,District
002384,07,Civil,2024-11-24,2025-03-17,Disposed,113.0,False,,113.0,False,False,,2024-11,2024Q4,2025-03,,False,Eastfield District Court,Eastern,District
002385,02,Family,2025-08-26,2025-11-06,Disposed,72.0,False,,72.0,False,False,,2025-08,2025Q3,2025-11,,False,Kauri Point District Court,Northern,District
002386,09,Family,2025-10-15,2026-02-01,Disposed,109.0,False,,109.0,False,False,,2025-10,2025Q4,2026-02,,False,Southgate District Court,Southern,District
002387,03,Civil,2024-09-11,2024-11-17,Disposed,67.0,False,,67.0,False,False,,2024-09,2024Q3,2024-11,,False,Harbourview High Court,Northern,High
002388,01,Civil,2026-05-06,,Active,,False,,,False,True,118.0,2026-05,2026Q2,,3-12 months,False,Northbridge District Court,Northern,District
002389,07,Criminal,2024-10-28,2025-02-18,Disposed,113.0,False,,113.0,False,False,,2024-10,2024Q4,2025-02,,False,Eastfield District Court,Eastern,District
002390,07,Civil,2025-01-20,2026-02-08,Disposed,384.0,False,,384.0,False,False,,2025-01,2025Q1,2026-02,,False,Eastfield District Court,Eastern,District
002391,08,Civil,2024-11-22,2025-01-06,Disposed,45.0,False,,45.0,False,False,,2024-11,2024Q4,2025-01,,False,Cape Lawson District Court,Eastern,District
002392,07,Youth,2025-10-14,2026-01-01,Disposed,79.0,False,,79.0,False,False,,2025-10,2025Q4,2026-01,,False,Eastfield District Court,Eastern,District
002393,05,Family,2025-02-09,2025-06-27,Disposed,138.0,False,,138.0,False,False,,2025-02,2025Q1,2025-06,,False,Mistvale District Court,Central,District
002394,08,Youth,2025-01-22,2025-10-22,Disposed,273.0,False,,273.0,False,False,,2025-01,2025Q1,2025-10,,False,Cape Lawson District Court,Eastern,District
002395,11,Youth,2025-05-30,2025-08-14,Disposed,76.0,False,,76.0,False,False,,2025-05,2025Q2,2025-08,,False,Southern Ranges High Court,Southern,High
002396,05,Family,2024-09-05,2025-08-26,Disposed,355.0,False,,355.0,False,False,,2024-09,2024Q3,2025-08,,False,Mistvale District Court,Central,District
002397,07,Criminal,2025-05-28,2025-11-05,Disposed,161.0,False,,161.0,False,False,,2025-05,2025Q2,2025-11,,False,Eastfield District Court,Eastern,District
002398,13,Family,2025-01-15,2025-12-01,Disposed,,True,court_id not in lookup,320.0,False,False,,2025-01,2025Q1,2025-12,,False,,,
002399,08,Criminal,2026-05-13,2026-08-11,Disposed,90.0,False,,90.0,False,False,,2026-05,2026Q2,2026-08,,False,Cape Lawson District Court,Eastern,District
002400,04,Criminal,2024-10-07,2025-05-19,Disposed,224.0,False,,224.0,False,False,,2024-10,2024Q4,2025-05,,False,Riverton District Court,Central,District
002401,04,Civil,2025-06-11,2025-07-16,Disposed,35.0,False,,35.0,False,False,,2025-06,2025Q2,2025-07,,False,Riverton District Court,Central,District
002402,04,Family,2025-10-05,2026-03-05,Disposed,151.0,False,,151.0,False,False,,2025-10,2025Q4,2026-03,,False,Riverton District Court,Central,District
002403,10,Criminal,2025-12-24,2026-04-03,Disposed,100.0,False,,100.0,False,False,,2025-12,2025Q4,2026-04,,False,Fernbay District Court,Southern,District
002404,11,Criminal,2026-06-27,,Active,,False,,,False,True,66.0,2026-06,2026Q2,,0-3 months,False,Southern Ranges High Court,Southern,High
002405,06,Civil,2025-03-08,2025-05-01,Disposed,54.0,False,,54.0,False,False,,2025-03,2025Q1,2025-05,,False,Central Plains High Court,Central,High
002406,03,Civil,2025-03-24,2025-08-04,Disposed,133.0,False,,133.0,False,False,,2025-03,2025Q1,2025-08,,False,Harbourview High Court,Northern,High
002407,02,Criminal,2024-11-18,2025-01-21,Disposed,64.0,False,,64.0,False,False,,2024-11,2024Q4,2025-01,,False,Kauri Point District Court,Northern,District
002408,06,Criminal,2025-02-14,2025-10-02,Disposed,230.0,False,,230.0,False,False,,2025-02,2025Q1,2025-10,,False,Central Plains High Court,Central,High
002409,07,Criminal,2025-12-09,2026-05-16,Disposed,158.0,False,,158.0,False,False,,2025-12,2025Q4,2026-05,,False,Eastfield District Court,Eastern,District
002410,07,Youth,2025-04-21,2025-05-23,Disposed,32.0,False,,32.0,False,False,,2025-04,2025Q2,2025-05,,False,Eastfield District Court,Eastern,District
002411,02,Family,2025-10-23,2026-03-21,Disposed,149.0,False,,149.0,False,False,,2025-10,2025Q4,2026-03,,False,Kauri Point District Court,Northern,District
002412,04,Family,2025-12-23,2026-06-19,Disposed,178.0,False,,178.0,False,False,,2025-12,2025Q4,2026-06,,False,Riverton District Court,Central,District
002413,08,Criminal,2025-06-17,2026-03-28,Disposed,284.0,False,,284.0,False,False,,2025-06,2025Q2,2026-03,,False,Cape Lawson District Court,Eastern,District
002414,05,Family,2026-05-10,,Active,,False,,,False,True,114.0,2026-05,2026Q2,,3-12 months,False,Mistvale District Court,Central,District
002415,09,Youth,2026-04-23,,Active,,False,,,False,True,131.0,2026-04,2026Q2,,3-12 months,False,Southgate District Court,Southern,District
002416,01,Family,2024-07-24,2024-09-28,Disposed,66.0,False,,66.0,False,False,,2024-07,2024Q3,2024-09,,False,Northbridge District Court,Northern,District
002417,07,Family,2024-10-06,2025-04-10,Disposed,186.0,False,,186.0,False,False,,2024-10,2024Q4,2025-04,,False,Eastfield District Court,Eastern,District
002418,12,Family,2026-02-26,2026-07-10,Disposed,134.0,False,,134.0,False,False,,2026-02,2026Q1,2026-07,,False,Willow Creek District Court,Southern,District
002419,06,Civil,2026-05-25,,Active,,False,,,False,True,99.0,2026-05,2026Q2,,3-12 months,False,Central Plains High Court,Central,High
002420,02,Criminal,2026-02-21,2026-03-16,Disposed,23.0,False,,23.0,False,False,,2026-02,2026Q1,2026-03,,False,Kauri Point District Court,Northern,District
002421,03,Civil,2025-06-17,2025-11-09,Disposed,145.0,False,,145.0,False,False,,2025-06,2025Q2,2025-11,,False,Harbourview High Court,Northern,High
002422,04,Family,2024-07-10,2024-08-30,Disposed,51.0,False,,51.0,False,False,,2024-07,2024Q3,2024-08,,False,Riverton District Court,Central,District
002423,02,Civil,2025-05-25,2025-11-20,Disposed,179.0,False,,179.0,False,False,,2025-05,2025Q2,2025-11,,False,Kauri Point District Court,Northern,District
002424,07,Criminal,2025-04-13,2025-06-07,Disposed,55.0,False,,55.0,False,False,,2025-04,2025Q2,2025-06,,False,Eastfield District Court,Eastern,District
002425,,Family,2026-03-15,,Active,,True,court_id not in lookup,,False,True,170.0,2026-03,2026Q1,,3-12 months,False,,,
002426,10,Youth,2026-06-22,,Active,,False,,,False,True,71.0,2026-06,2026Q2,,0-3 months,False,Fernbay District Court,Southern,District
002427,02,Family,2025-09-02,2026-02-23,Disposed,174.0,False,,174.0,False,False,,2025-09,2025Q3,2026-02,,False,Kauri Point District Court,Northern,District
002428,03,Family,2025-02-20,2025-05-29,Disposed,98.0,False,,98.0,False,False,,2025-02,2025Q1,2025-05,,False,Harbourview High Court,Northern,High
002429,02,Criminal,2024-09-03,2025-03-08,Disposed,186.0,False,,186.0,False,False,,2024-09,2024Q3,2025-03,,False,Kauri Point District Court,Northern,District
002430,03,Criminal,2024-12-26,2025-05-26,Disposed,151.0,False,,151.0,False,False,,2024-12,2024Q4,2025-05,,False,Harbourview High Court,Northern,High
002431,06,Civil,2024-11-27,2025-03-23,Disposed,,False,,116.0,False,False,,2024-11,2024Q4,2025-03,,False,Central Plains High Court,Central,High
002432,03,Criminal,2025-01-10,2025-04-10,Disposed,90.0,False,,90.0,False,False,,2025-01,2025Q1,2025-04,,False,Harbourview High Court,Northern,High
002433,04,Civil,2024-10-04,,Active,,False,,,False,True,697.0,2024-10,2024Q4,,12+ months,True,Riverton District Court,Central,District
002434,11,Criminal,2026-04-03,,Active,,False,,,False,True,151.0,2026-04,2026Q2,,3-12 months,False,Southern Ranges High Court,Southern,High
002435,10,Family,2026-12-05,2026-07-10,Disposed,261.0,True,disposed before filed,-148.0,True,False,,2026-12,2026Q4,2026-07,,False,Fernbay District Court,Southern,District
002436,02,Civil,2026-01-28,2026-08-28,Disposed,212.0,False,,212.0,False,False,,2026-01,2026Q1,2026-08,,False,Kauri Point District Court,Northern,District
002437,05,Civil,2024-11-08,2025-11-22,Disposed,379.0,False,,379.0,False,False,,2024-11,2024Q4,2025-11,,False,Mistvale District Court,Central,District
002438,12,Civil,2025-04-02,2025-07-19,Disposed,108.0,False,,108.0,False,False,,2025-04,2025Q2,2025-07,,False,Willow Creek District Court,Southern,District
002439,04,Youth,2025-08-12,2025-11-09,Disposed,89.0,False,,89.0,False,False,,2025-08,2025Q3,2025-11,,False,Riverton District Court,Central,District
002440,01,Criminal,2025-11-14,,Active,,False,,,False,True,291.0,2025-11,2025Q4,,3-12 months,False,Northbridge District Court,Northern,District
002441,11,Civil,2025-07-25,2025-09-27,Disposed,64.0,False,,64.0,False,False,,2025-07,2025Q3,2025-09,,False,Southern Ranges High Court,Southern,High
002442,03,Criminal,2026-04-03,2026-05-12,Disposed,39.0,False,,39.0,False,False,,2026-04,2026Q2,2026-05,,False,Harbourview High Court,Northern,High
002443,01,Family,2024-09-13,2025-07-07,Disposed,267.0,False,,297.0,True,False,,2024-09,2024Q3,2025-07,,False,Northbridge District Court,Northern,District
002444,09,Criminal,2026-06-24,,Active,,False,,,False,True,69.0,2026-06,2026Q2,,0-3 months,False,Southgate District Court,Southern,District
002445,11,Civil,2025-07-15,2026-08-22,Disposed,403.0,False,,403.0,False,False,,2025-07,2025Q3,2026-08,,False,Southern Ranges High Court,Southern,High
002446,02,Family,2025-05-20,2026-01-23,Disposed,248.0,False,,248.0,False,False,,2025-05,2025Q2,2026-01,,False,Kauri Point District Court,Northern,District
002447,05,Youth,2025-11-23,2026-04-23,Disposed,151.0,False,,151.0,False,False,,2025-11,2025Q4,2026-04,,False,Mistvale District Court,Central,District
002448,06,Civil,2024-07-21,2025-08-04,Disposed,379.0,False,,379.0,False,False,,2024-07,2024Q3,2025-08,,False,Central Plains High Court,Central,High
002449,03,Civil,2025-05-13,2025-07-31,Disposed,79.0,False,,79.0,False,False,,2025-05,2025Q2,2025-07,,False,Harbourview High Court,Northern,High
002450,06,Family,2025-03-18,2025-06-25,Disposed,99.0,False,,99.0,False,False,,2025-03,2025Q1,2025-06,,False,Central Plains High Court,Central,High
002451,04,Civil,2024-12-10,2025-11-17,Disposed,342.0,False,,342.0,False,False,,2024-12,2024Q4,2025-11,,False,Riverton District Court,Central,District
002452,03,Criminal,2024-07-30,2024-11-03,Disposed,96.0,False,,96.0,False,False,,2024-07,2024Q3,2024-11,,False,Harbourview High Court,Northern,High
002453,05,Civil,2024-10-08,2025-04-16,Disposed,190.0,False,,190.0,False,False,,2024-10,2024Q4,2025-04,,False,Mistvale District Court,Central,District
002454,07,Family,2025-06-24,2025-10-22,Disposed,120.0,False,,120.0,False,False,,2025-06,2025Q2,2025-10,,False,Eastfield District Court,Eastern,District
002455,02,Criminal,2024-12-05,2025-05-31,Disposed,177.0,False,,177.0,False,False,,2024-12,2024Q4,2025-05,,False,Kauri Point District Court,Northern,District
002456,01,Criminal,2026-06-22,,Active,,False,,,False,True,71.0,2026-06,2026Q2,,0-3 months,False,Northbridge District Court,Northern,District
002457,12,Family,2025-04-13,2026-04-16,Disposed,368.0,False,,368.0,False,False,,2025-04,2025Q2,2026-04,,False,Willow Creek District Court,Southern,District
002458,07,Youth,2025-03-21,2025-07-31,Disposed,132.0,False,,132.0,False,False,,2025-03,2025Q1,2025-07,,False,Eastfield District Court,Eastern,District
002459,04,Criminal,2024-11-29,2025-04-11,Disposed,133.0,False,,133.0,False,False,,2024-11,2024Q4,2025-04,,False,Riverton District Court,Central,District
002460,07,Civil,2025-07-15,2025-11-06,Disposed,114.0,False,,114.0,False,False,,2025-07,2025Q3,2025-11,,False,Eastfield District Court,Eastern,District
002461,09,Civil,2026-03-06,,Active,,False,,,False,True,179.0,2026-03,2026Q1,,3-12 months,False,Southgate District Court,Southern,District
002462,12,Family,2024-07-31,2025-01-23,Disposed,176.0,False,,176.0,False,False,,2024-07,2024Q3,2025-01,,False,Willow Creek District Court,Southern,District
002463,07,Family,2025-03-01,2025-09-13,Disposed,196.0,False,,196.0,False,False,,2025-03,2025Q1,2025-09,,False,Eastfield District Court,Eastern,District
002464,01,Criminal,2025-07-19,2025-10-22,Disposed,95.0,False,,95.0,False,False,,2025-07,2025Q3,2025-10,,False,Northbridge District Court,Northern,District
002465,04,Family,2026-05-09,,Active,,False,,,False,True,115.0,2026-05,2026Q2,,3-12 months,False,Riverton District Court,Central,District
002466,01,Youth,2026-01-29,2026-04-30,Disposed,91.0,False,,91.0,False,False,,2026-01,2026Q1,2026-04,,False,Northbridge District Court,Northern,District
002467,11,Criminal,2025-09-30,2026-02-28,Disposed,151.0,False,,151.0,False,False,,2025-09,2025Q3,2026-02,,False,Southern Ranges High Court,Southern,High
002468,05,Civil,2025-03-18,2025-09-20,Disposed,186.0,False,,186.0,False,False,,2025-03,2025Q1,2025-09,,False,Mistvale District Court,Central,District
002469,02,Youth,2025-05-19,2025-08-08,Disposed,81.0,False,,81.0,False,False,,2025-05,2025Q2,2025-08,,False,Kauri Point District Court,Northern,District
002470,11,Criminal,2025-05-22,2025-07-12,Disposed,51.0,False,,51.0,False,False,,2025-05,2025Q2,2025-07,,False,Southern Ranges High Court,Southern,High
002471,09,Youth,2025-04-23,2026-07-07,Disposed,440.0,False,,440.0,False,False,,2025-04,2025Q2,2026-07,,False,Southgate District Court,Southern,District
002472,08,Civil,2024-12-14,2025-06-20,Disposed,188.0,False,,188.0,False,False,,2024-12,2024Q4,2025-06,,False,Cape Lawson District Court,Eastern,District
002473,12,Youth,2026-03-31,,Active,,False,,,False,True,154.0,2026-03,2026Q1,,3-12 months,False,Willow Creek District Court,Southern,District
002474,01,Youth,2026-04-27,2026-06-06,Disposed,40.0,False,,40.0,False,False,,2026-04,2026Q2,2026-06,,False,Northbridge District Court,Northern,District
002475,02,Criminal,2024-09-25,2025-04-07,Disposed,194.0,False,,194.0,False,False,,2024-09,2024Q3,2025-04,,False,Kauri Point District Court,Northern,District
002476,01,Criminal,2025-10-16,2026-01-09,Disposed,85.0,False,,85.0,False,False,,2025-10,2025Q4,2026-01,,False,Northbridge District Court,Northern,District
002477,08,Civil,2025-11-27,2026-06-30,Disposed,,False,,215.0,False,False,,2025-11,2025Q4,2026-06,,False,Cape Lawson District Court,Eastern,District
002478,10,Family,2025-10-24,2026-04-08,Disposed,166.0,False,,166.0,False,False,,2025-10,2025Q4,2026-04,,False,Fernbay District Court,Southern,District
002479,02,Criminal,2025-08-04,2025-12-20,Disposed,183.0,False,,138.0,True,False,,2025-08,2025Q3,2025-12,,False,Kauri Point District Court,Northern,District
002480,02,Criminal,2024-08-19,,Active,,False,,,False,True,743.0,2024-08,2024Q3,,12+ months,True,Kauri Point District Court,Northern,District
002481,03,Civil,2025-01-14,2025-11-15,Disposed,305.0,False,,305.0,False,False,,2025-01,2025Q1,2025-11,,False,Harbourview High Court,Northern,High
002482,07,Criminal,2025-08-25,2026-05-07,Disposed,255.0,False,,255.0,False,False,,2025-08,2025Q3,2026-05,,False,Eastfield District Court,Eastern,District
002483,01,Family,2026-04-29,,Active,,False,,,False,True,125.0,2026-04,2026Q2,,3-12 months,False,Northbridge District Court,Northern,District
002484,06,Family,2026-03-04,,Active,,False,,,False,True,181.0,2026-03,2026Q1,,3-12 months,False,Central Plains High Court,Central,High
002485,04,Family,2025-06-15,2026-07-27,Disposed,407.0,False,,407.0,False,False,,2025-06,2025Q2,2026-07,,False,Riverton District Court,Central,District
002486,08,Family,2025-09-21,2026-01-22,Disposed,123.0,False,,123.0,False,False,,2025-09,2025Q3,2026-01,,False,Cape Lawson District Court,Eastern,District
002487,09,Criminal,2024-07-03,2024-08-19,Disposed,47.0,False,,47.0,False,False,,2024-07,2024Q3,2024-08,,False,Southgate District Court,Southern,District
002488,08,Criminal,2024-09-05,2025-01-28,Disposed,145.0,False,,145.0,False,False,,2024-09,2024Q3,2025-01,,False,Cape Lawson District Court,Eastern,District
002489,08,Family,2024-11-12,2025-09-22,Disposed,314.0,False,,314.0,False,False,,2024-11,2024Q4,2025-09,,False,Cape Lawson District Court,Eastern,District
002490,02,Civil,2025-10-15,2026-03-28,Disposed,164.0,False,,164.0,False,False,,2025-10,2025Q4,2026-03,,False,Kauri Point District Court,Northern,District
002491,03,Family,2024-11-13,2025-04-04,Disposed,142.0,False,,142.0,False,False,,2024-11,2024Q4,2025-04,,False,Harbourview High Court,Northern,High
002492,10,Civil,2025-11-19,2026-01-17,Disposed,59.0,False,,59.0,False,False,,2025-11,2025Q4,2026-01,,False,Fernbay District Court,Southern,District
002493,08,Criminal,2024-07-31,2025-02-14,Disposed,198.0,False,,198.0,False,False,,2024-07,2024Q3,2025-02,,False,Cape Lawson District Court,Eastern,District
002494,13,Civil,2026-05-21,,Active,,True,court_id not in lookup,,False,True,103.0,2026-05,2026Q2,,3-12 months,False,,,
002495,05,Family,2026-06-22,,Active,,False,,,False,True,71.0,2026-06,2026Q2,,0-3 months,False,Mistvale District Court,Central,District
002496,05,Family,2026-02-27,,Active,,False,,,False,True,186.0,2026-02,2026Q1,,3-12 months,False,Mistvale District Court,Central,District
002497,12,Criminal,2025-07-27,2025-11-14,Disposed,110.0,False,,110.0,False,False,,2025-07,2025Q3,2025-11,,False,Willow Creek District Court,Southern,District
002498,09,Youth,2025-06-24,2025-08-08,Disposed,45.0,False,,45.0,False,False,,2025-06,2025Q2,2025-08,,False,Southgate District Court,Southern,District
002499,12,Family,2025-10-22,2026-01-30,Disposed,100.0,False,,100.0,False,False,,2025-10,2025Q4,2026-01,,False,Willow Creek District Court,Southern,District
002500,09,Criminal,2025-05-15,2025-08-29,Disposed,106.0,False,,106.0,False,False,,2025-05,2025Q2,2025-08,,False,Southgate District Court,Southern,District
002501,02,Family,2026-02-02,2026-08-19,Disposed,198.0,False,,198.0,False,False,,2026-02,2026Q1,2026-08,,False,Kauri Point District Court,Northern,District
002502,05,Family,2026-02-02,,Active,,False,,,False,True,211.0,2026-02,2026Q1,,3-12 months,False,Mistvale District Court,Central,District
002503,11,Youth,2025-12-05,2026-07-17,Disposed,224.0,False,,224.0,False,False,,2025-12,2025Q4,2026-07,,False,Southern Ranges High Court,Southern,High
002504,05,Civil,2026-06-29,,Active,,False,,,False,True,64.0,2026-06,2026Q2,,0-3 months,False,Mistvale District Court,Central,District
002505,03,Youth,2025-09-20,2025-10-31,Disposed,41.0,False,,41.0,False,False,,2025-09,2025Q3,2025-10,,False,Harbourview High Court,Northern,High
002506,03,Criminal,2024-12-16,2025-02-08,Disposed,54.0,False,,54.0,False,False,,2024-12,2024Q4,2025-02,,False,Harbourview High Court,Northern,High
002507,10,Family,2025-02-24,2025-09-18,Disposed,206.0,False,,206.0,False,False,,2025-02,2025Q1,2025-09,,False,Fernbay District Court,Southern,District
002508,08,Criminal,2025-02-08,2025-11-15,Disposed,280.0,False,,280.0,False,False,,2025-02,2025Q1,2025-11,,False,Cape Lawson District Court,Eastern,District
002509,01,Youth,2025-02-22,2025-04-22,Disposed,,False,,59.0,False,False,,2025-02,2025Q1,2025-04,,False,Northbridge District Court,Northern,District
002510,02,Criminal,2024-07-15,2024-05-19,Disposed,109.0,True,disposed before filed,-57.0,True,False,,2024-07,2024Q3,2024-05,,False,Kauri Point District Court,Northern,District
002511,10,Criminal,2026-02-13,,Active,,False,,,False,True,200.0,2026-02,2026Q1,,3-12 months,False,Fernbay District Court,Southern,District
002512,02,Civil,2026-04-17,2026-05-12,Disposed,25.0,False,,25.0,False,False,,2026-04,2026Q2,2026-05,,False,Kauri Point District Court,Northern,District
002513,02,Criminal,2024-09-10,2025-04-03,Disposed,205.0,False,,205.0,False,False,,2024-09,2024Q3,2025-04,,False,Kauri Point District Court,Northern,District
002514,07,Family,2026-04-12,2026-07-27,Disposed,,False,,106.0,False,False,,2026-04,2026Q2,2026-07,,False,Eastfield District Court,Eastern,District
002515,07,Criminal,2026-04-14,,Active,,False,,,False,True,140.0,2026-04,2026Q2,,3-12 months,False,Eastfield District Court,Eastern,District
002516,12,Civil,2024-10-09,,Active,,False,,,False,True,692.0,2024-10,2024Q4,,12+ months,True,Willow Creek District Court,Southern,District
002517,08,Civil,2024-11-28,2025-07-21,Disposed,235.0,False,,235.0,False,False,,2024-11,2024Q4,2025-07,,False,Cape Lawson District Court,Eastern,District
002518,07,Family,2026-04-11,2026-08-03,Disposed,114.0,False,,114.0,False,False,,2026-04,2026Q2,2026-08,,False,Eastfield District Court,Eastern,District
002519,12,Civil,2025-04-03,2025-11-21,Disposed,232.0,False,,232.0,False,False,,2025-04,2025Q2,2025-11,,False,Willow Creek District Court,Southern,District
002520,01,Family,2026-06-06,,Active,,False,,,False,True,87.0,2026-06,2026Q2,,0-3 months,False,Northbridge District Court,Northern,District
002521,11,Criminal,2026-06-09,2026-08-10,Disposed,62.0,False,,62.0,False,False,,2026-06,2026Q2,2026-08,,False,Southern Ranges High Court,Southern,High
002522,09,Family,2025-02-22,2025-12-23,Disposed,304.0,False,,304.0,False,False,,2025-02,2025Q1,2025-12,,False,Southgate District Court,Southern,District
002523,02,Criminal,2024-11-28,2025-03-04,Disposed,96.0,False,,96.0,False,False,,2024-11,2024Q4,2025-03,,False,Kauri Point District Court,Northern,District
002524,11,Criminal,2024-07-06,2024-09-11,Disposed,67.0,False,,67.0,False,False,,2024-07,2024Q3,2024-09,,False,Southern Ranges High Court,Southern,High
002525,02,Criminal,2026-05-01,,Active,,False,,,False,True,123.0,2026-05,2026Q2,,3-12 months,False,Kauri Point District Court,Northern,District
002526,10,Youth,2025-06-22,2025-08-02,Disposed,41.0,False,,41.0,False,False,,2025-06,2025Q2,2025-08,,False,Fernbay District Court,Southern,District
002527,06,Youth,2024-07-11,2024-11-20,Disposed,132.0,False,,132.0,False,False,,2024-07,2024Q3,2024-11,,False,Central Plains High Court,Central,High
002528,10,Criminal,2025-10-21,2026-02-01,Disposed,103.0,False,,103.0,False,False,,2025-10,2025Q4,2026-02,,False,Fernbay District Court,Southern,District
002529,03,Family,2025-08-13,2026-01-04,Disposed,144.0,False,,144.0,False,False,,2025-08,2025Q3,2026-01,,False,Harbourview High Court,Northern,High
002530,10,Family,2024-12-13,2025-05-19,Disposed,157.0,False,,157.0,False,False,,2024-12,2024Q4,2025-05,,False,Fernbay District Court,Southern,District
002531,09,Civil,2025-07-09,2025-10-05,Disposed,88.0,False,,88.0,False,False,,2025-07,2025Q3,2025-10,,False,Southgate District Court,Southern,District
002532,04,Criminal,2024-07-11,2024-09-09,Disposed,60.0,False,,60.0,False,False,,2024-07,2024Q3,2024-09,,False,Riverton District Court,Central,District
002533,06,Family,2026-02-01,2026-06-11,Disposed,130.0,False,,130.0,False,False,,2026-02,2026Q1,2026-06,,False,Central Plains High Court,Central,High
002534,07,Criminal,2025-04-09,2025-09-10,Disposed,154.0,False,,154.0,False,False,,2025-04,2025Q2,2025-09,,False,Eastfield District Court,Eastern,District
002535,05,Criminal,2025-12-11,,Active,,False,,,False,True,264.0,2025-12,2025Q4,,3-12 months,False,Mistvale District Court,Central,District
002536,02,Criminal,2025-07-23,2025-11-21,Disposed,121.0,False,,121.0,False,False,,2025-07,2025Q3,2025-11,,False,Kauri Point District Court,Northern,District
002537,12,Family,2025-11-13,2026-06-29,Disposed,228.0,False,,228.0,False,False,,2025-11,2025Q4,2026-06,,False,Willow Creek District Court,Southern,District
002538,02,Youth,2024-12-15,2025-02-07,Disposed,54.0,False,,54.0,False,False,,2024-12,2024Q4,2025-02,,False,Kauri Point District Court,Northern,District
002539,06,Criminal,2025-10-05,2026-04-24,Disposed,201.0,False,,201.0,False,False,,2025-10,2025Q4,2026-04,,False,Central Plains High Court,Central,High
002540,08,Civil,2025-07-06,2026-08-10,Disposed,400.0,False,,400.0,False,False,,2025-07,2025Q3,2026-08,,False,Cape Lawson District Court,Eastern,District
002541,06,Criminal,2024-09-17,2024-11-05,Disposed,49.0,False,,49.0,False,False,,2024-09,2024Q3,2024-11,,False,Central Plains High Court,Central,High
002542,05,Family,2024-09-17,2025-04-05,Disposed,200.0,False,,200.0,False,False,,2024-09,2024Q3,2025-04,,False,Mistvale District Court,Central,District
002543,08,Family,2025-02-17,2025-08-17,Disposed,181.0,False,,181.0,False,False,,2025-02,2025Q1,2025-08,,False,Cape Lawson District Court,Eastern,District
002544,06,Criminal,2025-01-18,2025-08-05,Disposed,199.0,False,,199.0,False,False,,2025-01,2025Q1,2025-08,,False,Central Plains High Court,Central,High
002545,01,Civil,2025-08-21,2026-04-07,Disposed,229.0,False,,229.0,False,False,,2025-08,2025Q3,2026-04,,False,Northbridge District Court,Northern,District
002546,12,Criminal,2025-01-13,2025-02-15,Disposed,33.0,False,,33.0,False,False,,2025-01,2025Q1,2025-02,,False,Willow Creek District Court,Southern,District
002547,05,Youth,2024-08-21,2025-07-15,Disposed,328.0,False,,328.0,False,False,,2024-08,2024Q3,2025-07,,False,Mistvale District Court,Central,District
002548,03,Criminal,2024-07-26,2024-12-30,Disposed,157.0,False,,157.0,False,False,,2024-07,2024Q3,2024-12,,False,Harbourview High Court,Northern,High
002549,03,Criminal,2025-07-15,2025-11-30,Disposed,138.0,False,,138.0,False,False,,2025-07,2025Q3,2025-11,,False,Harbourview High Court,Northern,High
002550,11,Criminal,2024-09-09,2024-12-16,Disposed,98.0,False,,98.0,False,False,,2024-09,2024Q3,2024-12,,False,Southern Ranges High Court,Southern,High
002551,,Family,2025-06-17,2025-10-04,Disposed,109.0,True,court_id not in lookup,109.0,False,False,,2025-06,2025Q2,2025-10,,False,,,
002552,02,Family,2026-02-15,2026-03-28,Disposed,41.0,False,,41.0,False,False,,2026-02,2026Q1,2026-03,,False,Kauri Point District Court,Northern,District
002553,09,Youth,2026-03-16,2026-05-15,Disposed,60.0,False,,60.0,False,False,,2026-03,2026Q1,2026-05,,False,Southgate District Court,Southern,District
002554,11,Civil,2026-04-28,,Active,,False,,,False,True,126.0,2026-04,2026Q2,,3-12 months,False,Southern Ranges High Court,Southern,High
002555,09,Family,2024-08-18,2025-01-02,Disposed,137.0,False,,137.0,False,False,,2024-08,2024Q3,2025-01,,False,Southgate District Court,Southern,District
002556,11,Criminal,2025-11-03,2026-04-12,Disposed,160.0,False,,160.0,False,False,,2025-11,2025Q4,2026-04,,False,Southern Ranges High Court,Southern,High
002557,12,Civil,2025-07-17,2025-10-15,Disposed,90.0,False,,90.0,False,False,,2025-07,2025Q3,2025-10,,False,Willow Creek District Court,Southern,District
002558,03,Criminal,2024-08-13,2025-01-13,Disposed,153.0,False,,153.0,False,False,,2024-08,2024Q3,2025-01,,False,Harbourview High Court,Northern,High
002559,07,Civil,2025-08-01,2026-07-01,Disposed,334.0,False,,334.0,False,False,,2025-08,2025Q3,2026-07,,False,Eastfield District Court,Eastern,District
002560,02,Criminal,2026-03-30,,Active,,False,,,False,True,155.0,2026-03,2026Q1,,3-12 months,False,Kauri Point District Court,Northern,District
002561,04,Youth,2026-04-20,2026-08-23,Disposed,125.0,False,,125.0,False,False,,2026-04,2026Q2,2026-08,,False,Riverton District Court,Central,District
002562,08,Family,2025-04-10,2025-09-21,Disposed,164.0,False,,164.0,False,False,,2025-04,2025Q2,2025-09,,False,Cape Lawson District Court,Eastern,District
002563,01,Family,2025-05-19,2026-01-04,Disposed,230.0,False,,230.0,False,False,,2025-05,2025Q2,2026-01,,False,Northbridge District Court,Northern,District
002564,03,Civil,2025-11-13,2026-08-16,Disposed,276.0,False,,276.0,False,False,,2025-11,2025Q4,2026-08,,False,Harbourview High Court,Northern,High
002565,10,Youth,2026-01-31,2026-05-08,Disposed,97.0,False,,97.0,False,False,,2026-01,2026Q1,2026-05,,False,Fernbay District Court,Southern,District
002566,06,Youth,2024-12-25,2025-02-13,Disposed,50.0,False,,50.0,False,False,,2024-12,2024Q4,2025-02,,False,Central Plains High Court,Central,High
002567,10,Civil,2025-05-22,2025-12-03,Disposed,195.0,False,,195.0,False,False,,2025-05,2025Q2,2025-12,,False,Fernbay District Court,Southern,District
002568,10,Civil,2025-11-13,2025-12-28,Disposed,45.0,False,,45.0,False,False,,2025-11,2025Q4,2025-12,,False,Fernbay District Court,Southern,District
002569,03,Civil,2025-12-30,2026-01-29,Disposed,30.0,False,,30.0,False,False,,2025-12,2025Q4,2026-01,,False,Harbourview High Court,Northern,High
002570,04,Family,2025-04-08,2025-03-23,Disposed,263.0,True,disposed before filed,-16.0,True,False,,2025-04,2025Q2,2025-03,,False,Riverton District Court,Central,District
002571,02,Family,2025-03-26,2026-01-26,Disposed,306.0,False,,306.0,False,False,,2025-03,2025Q1,2026-01,,False,Kauri Point District Court,Northern,District
002572,06,Criminal,2025-05-16,2025-09-03,Disposed,110.0,False,,110.0,False,False,,2025-05,2025Q2,2025-09,,False,Central Plains High Court,Central,High
002573,12,Criminal,2026-02-08,2026-08-19,Disposed,192.0,False,,192.0,False,False,,2026-02,2026Q1,2026-08,,False,Willow Creek District Court,Southern,District
002574,07,Civil,2026-06-16,,Active,,False,,,False,True,77.0,2026-06,2026Q2,,0-3 months,False,Eastfield District Court,Eastern,District
002575,05,Criminal,2024-07-18,2024-10-28,Disposed,102.0,False,,102.0,False,False,,2024-07,2024Q3,2024-10,,False,Mistvale District Court,Central,District
002576,05,Family,2024-12-01,2025-04-08,Disposed,128.0,False,,128.0,False,False,,2024-12,2024Q4,2025-04,,False,Mistvale District Court,Central,District
002577,06,Criminal,2025-06-17,2025-08-31,Disposed,75.0,False,,75.0,False,False,,2025-06,2025Q2,2025-08,,False,Central Plains High Court,Central,High
002578,01,Criminal,2025-04-01,2025-06-11,Disposed,71.0,False,,71.0,False,False,,2025-04,2025Q2,2025-06,,False,Northbridge District Court,Northern,District
002579,09,Criminal,2025-05-10,2025-11-11,Disposed,185.0,False,,185.0,False,False,,2025-05,2025Q2,2025-11,,False,Southgate District Court,Southern,District
002580,01,Civil,2024-09-09,2024-12-13,Disposed,95.0,False,,95.0,False,False,,2024-09,2024Q3,2024-12,,False,Northbridge District Court,Northern,District
002581,04,Civil,2024-10-28,2025-06-26,Disposed,241.0,False,,241.0,False,False,,2024-10,2024Q4,2025-06,,False,Riverton District Court,Central,District
002582,09,Criminal,2024-12-22,2025-01-19,Disposed,28.0,False,,28.0,False,False,,2024-12,2024Q4,2025-01,,False,Southgate District Court,Southern,District
002583,10,Family,2025-12-31,,Active,,False,,,False,True,244.0,2025-12,2025Q4,,3-12 months,False,Fernbay District Court,Southern,District
002584,04,Family,2026-06-14,,Active,,False,,,False,True,79.0,2026-06,2026Q2,,0-3 months,False,Riverton District Court,Central,District
002585,06,Civil,2025-10-08,,Active,,False,,,False,True,328.0,2025-10,2025Q4,,3-12 months,False,Central Plains High Court,Central,High
002586,10,Family,2025-07-07,2025-09-04,Disposed,59.0,False,,59.0,False,False,,2025-07,2025Q3,2025-09,,False,Fernbay District Court,Southern,District
002587,11,Civil,2024-08-01,2025-01-16,Disposed,168.0,False,,168.0,False,False,,2024-08,2024Q3,2025-01,,False,Southern Ranges High Court,Southern,High
002588,07,Criminal,2025-05-24,2025-09-21,Disposed,120.0,False,,120.0,False,False,,2025-05,2025Q2,2025-09,,False,Eastfield District Court,Eastern,District
002589,04,Criminal,2024-10-18,2025-01-15,Disposed,89.0,False,,89.0,False,False,,2024-10,2024Q4,2025-01,,False,Riverton District Court,Central,District
002590,06,Family,2024-07-11,2024-09-27,Disposed,78.0,False,,78.0,False,False,,2024-07,2024Q3,2024-09,,False,Central Plains High Court,Central,High
002591,08,Family,2025-07-10,2026-05-06,Disposed,300.0,False,,300.0,False,False,,2025-07,2025Q3,2026-05,,False,Cape Lawson District Court,Eastern,District
002592,11,Youth,2025-09-09,2026-03-10,Disposed,182.0,False,,182.0,False,False,,2025-09,2025Q3,2026-03,,False,Southern Ranges High Court,Southern,High
002593,09,Family,2025-11-20,,Active,,False,,,False,True,285.0,2025-11,2025Q4,,3-12 months,False,Southgate District Court,Southern,District
002594,07,Civil,2024-11-04,2025-07-11,Disposed,249.0,False,,249.0,False,False,,2024-11,2024Q4,2025-07,,False,Eastfield District Court,Eastern,District
002595,03,Family,2025-11-08,2026-05-28,Disposed,201.0,False,,201.0,False,False,,2025-11,2025Q4,2026-05,,False,Harbourview High Court,Northern,High
002596,04,Family,2024-07-05,2024-10-21,Disposed,108.0,False,,108.0,False,False,,2024-07,2024Q3,2024-10,,False,Riverton District Court,Central,District
002597,10,Civil,2025-01-11,2025-07-03,Disposed,173.0,False,,173.0,False,False,,2025-01,2025Q1,2025-07,,False,Fernbay District Court,Southern,District
002598,06,Criminal,2026-02-07,2026-04-28,Disposed,80.0,False,,80.0,False,False,,2026-02,2026Q1,2026-04,,False,Central Plains High Court,Central,High
002599,07,Family,2025-04-25,2025-07-16,Disposed,82.0,False,,82.0,False,False,,2025-04,2025Q2,2025-07,,False,Eastfield District Court,Eastern,District
002600,05,Criminal,2024-07-29,2025-03-04,Disposed,218.0,False,,218.0,False,False,,2024-07,2024Q3,2025-03,,False,Mistvale District Court,Central,District
002601,06,Criminal,2025-10-28,2026-05-12,Disposed,196.0,False,,196.0,False,False,,2025-10,2025Q4,2026-05,,False,Central Plains High Court,Central,High
002602,10,Civil,2026-01-18,,Active,,False,,,False,True,226.0,2026-01,2026Q1,,3-12 months,False,Fernbay District Court,Southern,District
002603,01,Criminal,2024-08-09,,Active,,False,,,False,True,753.0,2024-08,2024Q3,,12+ months,True,Northbridge District Court,Northern,District
002604,01,Civil,2026-06-16,,Active,,False,,,False,True,77.0,2026-06,2026Q2,,0-3 months,False,Northbridge District Court,Northern,District
002605,06,Youth,2026-03-03,2026-07-09,Disposed,128.0,False,,128.0,False,False,,2026-03,2026Q1,2026-07,,False,Central Plains High Court,Central,High
002606,02,Family,2024-12-04,2025-07-04,Disposed,212.0,False,,212.0,False,False,,2024-12,2024Q4,2025-07,,False,Kauri Point District Court,Northern,District
002607,03,Civil,2026-05-17,2026-07-06,Disposed,50.0,False,,50.0,False,False,,2026-05,2026Q2,2026-07,,False,Harbourview High Court,Northern,High
002608,11,Family,2026-06-08,,Active,,False,,,False,True,85.0,2026-06,2026Q2,,0-3 months,False,Southern Ranges High Court,Southern,High
002609,07,Civil,2024-10-03,2025-05-08,Disposed,217.0,False,,217.0,False,False,,2024-10,2024Q4,2025-05,,False,Eastfield District Court,Eastern,District
002610,06,Family,2024-09-14,2025-05-31,Disposed,259.0,False,,259.0,False,False,,2024-09,2024Q3,2025-05,,False,Central Plains High Court,Central,High
002611,06,Youth,2026-05-14,2026-07-05,Disposed,52.0,False,,52.0,False,False,,2026-05,2026Q2,2026-07,,False,Central Plains High Court,Central,High
002612,09,Civil,2024-10-17,2024-11-23,Disposed,37.0,False,,37.0,False,False,,2024-10,2024Q4,2024-11,,False,Southgate District Court,Southern,District
002613,12,Civil,2025-01-29,2025-07-15,Disposed,167.0,False,,167.0,False,False,,2025-01,2025Q1,2025-07,,False,Willow Creek District Court,Southern,District
002614,06,Family,2025-11-10,2026-08-22,Disposed,285.0,False,,285.0,False,False,,2025-11,2025Q4,2026-08,,False,Central Plains High Court,Central,High
002615,05,Civil,2025-02-12,2025-09-21,Disposed,221.0,False,,221.0,False,False,,2025-02,2025Q1,2025-09,,False,Mistvale District Court,Central,District
002616,02,Youth,2024-09-17,2025-02-04,Disposed,140.0,False,,140.0,False,False,,2024-09,2024Q3,2025-02,,False,Kauri Point District Court,Northern,District
002617,08,Civil,2025-02-09,2025-11-03,Disposed,267.0,False,,267.0,False,False,,2025-02,2025Q1,2025-11,,False,Cape Lawson District Court,Eastern,District
002618,06,Criminal,2025-03-21,2026-02-27,Disposed,343.0,False,,343.0,False,False,,2025-03,2025Q1,2026-02,,False,Central Plains High Court,Central,High
002619,08,Criminal,2024-07-17,2024-09-13,Disposed,28.0,False,,58.0,True,False,,2024-07,2024Q3,2024-09,,False,Cape Lawson District Court,Eastern,District
002620,04,Civil,2025-09-24,2025-11-22,Disposed,59.0,False,,59.0,False,False,,2025-09,2025Q3,2025-11,,False,Riverton District Court,Central,District
002621,09,Family,2025-06-13,2025-08-16,Disposed,64.0,False,,64.0,False,False,,2025-06,2025Q2,2025-08,,False,Southgate District Court,Southern,District
002622,09,Family,2025-09-17,,Active,,False,,,False,True,349.0,2025-09,2025Q3,,3-12 months,False,Southgate District Court,Southern,District
002623,10,Civil,2025-10-24,2026-03-16,Disposed,143.0,False,,143.0,False,False,,2025-10,2025Q4,2026-03,,False,Fernbay District Court,Southern,District
002624,10,Civil,2026-02-28,2026-05-12,Disposed,73.0,False,,73.0,False,False,,2026-02,2026Q1,2026-05,,False,Fernbay District Court,Southern,District
002625,07,Family,2026-04-25,,Active,,False,,,False,True,129.0,2026-04,2026Q2,,3-12 months,False,Eastfield District Court,Eastern,District
002626,05,Civil,2025-10-24,2026-06-15,Disposed,234.0,False,,234.0,False,False,,2025-10,2025Q4,2026-06,,False,Mistvale District Court,Central,District
002627,09,Family,2025-05-29,2026-03-01,Disposed,276.0,False,,276.0,False,False,,2025-05,2025Q2,2026-03,,False,Southgate District Court,Southern,District
002628,06,Family,2025-09-24,,Active,,False,,,False,True,342.0,2025-09,2025Q3,,3-12 months,False,Central Plains High Court,Central,High
002629,07,Youth,2025-03-08,2025-09-25,Disposed,201.0,False,,201.0,False,False,,2025-03,2025Q1,2025-09,,False,Eastfield District Court,Eastern,District
002630,03,Criminal,2024-09-27,2025-03-31,Disposed,185.0,False,,185.0,False,False,,2024-09,2024Q3,2025-03,,False,Harbourview High Court,Northern,High
002631,08,Youth,2024-10-25,2025-02-12,Disposed,110.0,False,,110.0,False,False,,2024-10,2024Q4,2025-02,,False,Cape Lawson District Court,Eastern,District
002632,11,Youth,2026-05-14,2026-06-24,Disposed,41.0,False,,41.0,False,False,,2026-05,2026Q2,2026-06,,False,Southern Ranges High Court,Southern,High
002633,07,Civil,2024-09-26,2024-11-05,Disposed,40.0,False,,40.0,False,False,,2024-09,2024Q3,2024-11,,False,Eastfield District Court,Eastern,District
002634,08,Criminal,2025-11-15,2026-05-31,Disposed,197.0,False,,197.0,False,False,,2025-11,2025Q4,2026-05,,False,Cape Lawson District Court,Eastern,District
002635,11,Criminal,2026-06-21,2026-08-30,Disposed,70.0,False,,70.0,False,False,,2026-06,2026Q2,2026-08,,False,Southern Ranges High Court,Southern,High
002636,04,Civil,2026-05-21,,Active,,False,,,False,True,103.0,2026-05,2026Q2,,3-12 months,False,Riverton District Court,Central,District
002637,12,Family,2026-03-15,,Active,,False,,,False,True,170.0,2026-03,2026Q1,,3-12 months,False,Willow Creek District Court,Southern,District
002638,10,Family,2026-06-14,,Active,,False,,,False,True,79.0,2026-06,2026Q2,,0-3 months,False,Fernbay District Court,Southern,District
002639,03,Family,2025-03-06,2025-09-25,Disposed,203.0,False,,203.0,False,False,,2025-03,2025Q1,2025-09,,False,Harbourview High Court,Northern,High
002640,06,Family,2025-03-16,2025-09-07,Disposed,175.0,False,,175.0,False,False,,2025-03,2025Q1,2025-09,,False,Central Plains High Court,Central,High
002641,06,Family,2025-10-22,2026-04-15,Disposed,175.0,False,,175.0,False,False,,2025-10,2025Q4,2026-04,,False,Central Plains High Court,Central,High
002642,02,Youth,2024-12-06,2025-01-02,Disposed,27.0,False,,27.0,False,False,,2024-12,2024Q4,2025-01,,False,Kauri Point District Court,Northern,District
002643,04,Civil,2026-04-13,2026-07-06,Disposed,84.0,False,,84.0,False,False,,2026-04,2026Q2,2026-07,,False,Riverton District Court,Central,District
002644,11,Civil,2024-07-13,2024-11-26,Disposed,136.0,False,,136.0,False,False,,2024-07,2024Q3,2024-11,,False,Southern Ranges High Court,Southern,High
002645,02,Criminal,2025-02-22,2025-03-19,Disposed,25.0,False,,25.0,False,False,,2025-02,2025Q1,2025-03,,False,Kauri Point District Court,Northern,District
002646,03,Youth,2024-08-10,2024-10-24,Disposed,75.0,False,,75.0,False,False,,2024-08,2024Q3,2024-10,,False,Harbourview High Court,Northern,High
002647,11,Civil,2026-01-04,2026-06-03,Disposed,150.0,False,,150.0,False,False,,2026-01,2026Q1,2026-06,,False,Southern Ranges High Court,Southern,High
002648,09,Criminal,2024-08-22,2025-02-01,Disposed,163.0,False,,163.0,False,False,,2024-08,2024Q3,2025-02,,False,Southgate District Court,Southern,District
002649,08,Youth,2026-04-16,2026-08-15,Disposed,121.0,False,,121.0,False,False,,2026-04,2026Q2,2026-08,,False,Cape Lawson District Court,Eastern,District
002650,06,Criminal,2025-04-13,2025-08-10,Disposed,119.0,False,,119.0,False,False,,2025-04,2025Q2,2025-08,,False,Central Plains High Court,Central,High
002651,11,Youth,2024-11-06,,Active,,False,,,False,True,664.0,2024-11,2024Q4,,12+ months,True,Southern Ranges High Court,Southern,High
002652,05,Criminal,2026-01-12,2026-07-09,Disposed,178.0,False,,178.0,False,False,,2026-01,2026Q1,2026-07,,False,Mistvale District Court,Central,District
002653,03,Criminal,2025-11-04,2026-03-28,Disposed,144.0,False,,144.0,False,False,,2025-11,2025Q4,2026-03,,False,Harbourview High Court,Northern,High
002654,12,Youth,2025-09-21,2025-10-26,Disposed,35.0,False,,35.0,False,False,,2025-09,2025Q3,2025-10,,False,Willow Creek District Court,Southern,District
002655,07,Civil,2025-09-10,2026-06-20,Disposed,283.0,False,,283.0,False,False,,2025-09,2025Q3,2026-06,,False,Eastfield District Court,Eastern,District
002656,02,Family,2026-04-23,,Active,,False,,,False,True,131.0,2026-04,2026Q2,,3-12 months,False,Kauri Point District Court,Northern,District
002657,07,Civil,2024-07-07,2024-09-17,Disposed,72.0,False,,72.0,False,False,,2024-07,2024Q3,2024-09,,False,Eastfield District Court,Eastern,District
002658,09,Civil,2026-03-26,2026-07-28,Disposed,124.0,False,,124.0,False,False,,2026-03,2026Q1,2026-07,,False,Southgate District Court,Southern,District
002659,04,Criminal,2025-09-30,2025-10-19,Disposed,19.0,False,,19.0,False,False,,2025-09,2025Q3,2025-10,,False,Riverton District Court,Central,District
002660,11,Criminal,2026-04-15,,Active,,False,,,False,True,139.0,2026-04,2026Q2,,3-12 months,False,Southern Ranges High Court,Southern,High
002661,10,Youth,2026-05-16,,Active,,False,,,False,True,108.0,2026-05,2026Q2,,3-12 months,False,Fernbay District Court,Southern,District
002662,08,Family,2025-06-30,2025-10-22,Disposed,114.0,False,,114.0,False,False,,2025-06,2025Q2,2025-10,,False,Cape Lawson District Court,Eastern,District
002663,03,Criminal,2026-01-23,,Active,,False,,,False,True,221.0,2026-01,2026Q1,,3-12 months,False,Harbourview High Court,Northern,High
002664,09,Criminal,2026-03-24,2026-07-18,Disposed,116.0,False,,116.0,False,False,,2026-03,2026Q1,2026-07,,False,Southgate District Court,Southern,District
002665,12,Criminal,2025-11-19,2026-04-12,Disposed,144.0,False,,144.0,False,False,,2025-11,2025Q4,2026-04,,False,Willow Creek District Court,Southern,District
002666,06,Youth,2025-02-05,2025-04-26,Disposed,80.0,False,,80.0,False,False,,2025-02,2025Q1,2025-04,,False,Central Plains High Court,Central,High
002667,11,Criminal,2026-04-07,2026-07-03,Disposed,87.0,False,,87.0,False,False,,2026-04,2026Q2,2026-07,,False,Southern Ranges High Court,Southern,High
002668,04,Criminal,2025-11-10,2026-02-21,Disposed,103.0,False,,103.0,False,False,,2025-11,2025Q4,2026-02,,False,Riverton District Court,Central,District
002669,01,Family,2025-03-06,2025-10-16,Disposed,224.0,False,,224.0,False,False,,2025-03,2025Q1,2025-10,,False,Northbridge District Court,Northern,District
002670,11,Family,2025-10-19,2026-02-25,Disposed,129.0,False,,129.0,False,False,,2025-10,2025Q4,2026-02,,False,Southern Ranges High Court,Southern,High
002671,10,Youth,2024-11-18,2025-02-23,Disposed,97.0,False,,97.0,False,False,,2024-11,2024Q4,2025-02,,False,Fernbay District Court,Southern,District
002672,02,Family,2025-08-18,2025-10-10,Disposed,53.0,False,,53.0,False,False,,2025-08,2025Q3,2025-10,,False,Kauri Point District Court,Northern,District
002673,05,Youth,2024-11-04,,Active,,False,,,False,True,666.0,2024-11,2024Q4,,12+ months,True,Mistvale District Court,Central,District
002674,12,Family,2025-05-14,,Active,,False,,,False,True,475.0,2025-05,2025Q2,,12+ months,True,Willow Creek District Court,Southern,District
002675,01,Youth,2024-11-29,2025-01-19,Disposed,51.0,False,,51.0,False,False,,2024-11,2024Q4,2025-01,,False,Northbridge District Court,Northern,District
002676,01,Criminal,2025-06-01,2025-08-09,Disposed,69.0,False,,69.0,False,False,,2025-06,2025Q2,2025-08,,False,Northbridge District Court,Northern,District
002677,02,Criminal,2026-04-03,2026-05-17,Disposed,44.0,False,,44.0,False,False,,2026-04,2026Q2,2026-05,,False,Kauri Point District Court,Northern,District
002678,01,Family,2025-09-27,2025-12-04,Disposed,68.0,False,,68.0,False,False,,2025-09,2025Q3,2025-12,,False,Northbridge District Court,Northern,District
002679,10,Civil,2024-09-26,2024-12-07,Disposed,72.0,False,,72.0,False,False,,2024-09,2024Q3,2024-12,,False,Fernbay District Court,Southern,District
002680,03,Civil,2025-02-22,2025-07-16,Disposed,144.0,False,,144.0,False,False,,2025-02,2025Q1,2025-07,,False,Harbourview High Court,Northern,High
002681,06,Criminal,2025-07-09,2025-10-17,Disposed,100.0,False,,100.0,False,False,,2025-07,2025Q3,2025-10,,False,Central Plains High Court,Central,High
002682,06,Criminal,2025-06-27,2025-11-01,Disposed,127.0,False,,127.0,False,False,,2025-06,2025Q2,2025-11,,False,Central Plains High Court,Central,High
002683,03,Civil,2026-03-27,,Active,,False,,,False,True,158.0,2026-03,2026Q1,,3-12 months,False,Harbourview High Court,Northern,High
002684,04,Civil,2024-10-04,2025-01-23,Disposed,111.0,False,,111.0,False,False,,2024-10,2024Q4,2025-01,,False,Riverton District Court,Central,District
002685,06,Criminal,2025-05-27,2025-12-23,Disposed,210.0,False,,210.0,False,False,,2025-05,2025Q2,2025-12,,False,Central Plains High Court,Central,High
002686,03,Civil,2024-07-25,2025-09-11,Disposed,413.0,False,,413.0,False,False,,2024-07,2024Q3,2025-09,,False,Harbourview High Court,Northern,High
002687,02,Family,2025-10-08,2026-01-17,Disposed,101.0,False,,101.0,False,False,,2025-10,2025Q4,2026-01,,False,Kauri Point District Court,Northern,District
002688,05,Youth,2024-09-05,2024-12-16,Disposed,102.0,False,,102.0,False,False,,2024-09,2024Q3,2024-12,,False,Mistvale District Court,Central,District
002689,04,Youth,2025-02-20,2025-04-06,Disposed,45.0,False,,45.0,False,False,,2025-02,2025Q1,2025-04,,False,Riverton District Court,Central,District
002690,03,Criminal,2026-03-14,,Active,,False,,,False,True,171.0,2026-03,2026Q1,,3-12 months,False,Harbourview High Court,Northern,High
002691,10,Family,2025-01-21,2025-06-10,Disposed,140.0,False,,140.0,False,False,,2025-01,2025Q1,2025-06,,False,Fernbay District Court,Southern,District
002692,10,Civil,2024-11-24,2025-04-11,Disposed,138.0,False,,138.0,False,False,,2024-11,2024Q4,2025-04,,False,Fernbay District Court,Southern,District
002693,03,Youth,2024-10-18,2024-11-26,Disposed,39.0,False,,39.0,False,False,,2024-10,2024Q4,2024-11,,False,Harbourview High Court,Northern,High
002694,04,Family,2024-10-05,2025-01-10,Disposed,97.0,False,,97.0,False,False,,2024-10,2024Q4,2025-01,,False,Riverton District Court,Central,District
002695,01,Criminal,2025-04-13,2025-10-13,Disposed,183.0,False,,183.0,False,False,,2025-04,2025Q2,2025-10,,False,Northbridge District Court,Northern,District
002696,01,Civil,2025-09-13,2025-10-21,Disposed,38.0,False,,38.0,False,False,,2025-09,2025Q3,2025-10,,False,Northbridge District Court,Northern,District
002697,07,Criminal,2025-05-10,2026-02-16,Disposed,282.0,False,,282.0,False,False,,2025-05,2025Q2,2026-02,,False,Eastfield District Court,Eastern,District
002698,06,Criminal,2024-11-14,2026-05-23,Disposed,555.0,False,,555.0,False,False,,2024-11,2024Q4,2026-05,,False,Central Plains High Court,Central,High
002699,05,Civil,2025-07-06,2026-05-10,Disposed,308.0,False,,308.0,False,False,,2025-07,2025Q3,2026-05,,False,Mistvale District Court,Central,District
002700,09,Civil,2024-10-23,2025-02-27,Disposed,127.0,False,,127.0,False,False,,2024-10,2024Q4,2025-02,,False,Southgate District Court,Southern,District
002701,01,Youth,2024-07-26,2025-01-19,Disposed,177.0,False,,177.0,False,False,,2024-07,2024Q3,2025-01,,False,Northbridge District Court,Northern,District
002702,11,Family,2025-09-24,,Active,,False,,,False,True,342.0,2025-09,2025Q3,,3-12 months,False,Southern Ranges High Court,Southern,High
002703,04,Youth,2024-08-06,2024-10-30,Disposed,85.0,False,,85.0,False,False,,2024-08,2024Q3,2024-10,,False,Riverton District Court,Central,District
002704,08,Family,2026-02-15,,Active,,False,,,False,True,198.0,2026-02,2026Q1,,3-12 months,False,Cape Lawson District Court,Eastern,District
002705,08,Youth,2025-08-20,2026-03-13,Disposed,205.0,False,,205.0,False,False,,2025-08,2025Q3,2026-03,,False,Cape Lawson District Court,Eastern,District
002706,02,Civil,2025-05-30,2025-07-25,Disposed,56.0,False,,56.0,False,False,,2025-05,2025Q2,2025-07,,False,Kauri Point District Court,Northern,District
002707,11,Family,2025-02-24,2025-08-18,Disposed,175.0,False,,175.0,False,False,,2025-02,2025Q1,2025-08,,False,Southern Ranges High Court,Southern,High
002708,02,Criminal,2025-11-02,2026-01-20,Disposed,79.0,False,,79.0,False,False,,2025-11,2025Q4,2026-01,,False,Kauri Point District Court,Northern,District
002709,01,Civil,2025-12-16,2026-04-20,Disposed,125.0,False,,125.0,False,False,,2025-12,2025Q4,2026-04,,False,Northbridge District Court,Northern,District
002710,11,Civil,2025-03-02,2025-12-29,Disposed,302.0,False,,302.0,False,False,,2025-03,2025Q1,2025-12,,False,Southern Ranges High Court,Southern,High
002711,04,Youth,2024-11-30,2025-01-17,Disposed,48.0,False,,48.0,False,False,,2024-11,2024Q4,2025-01,,False,Riverton District Court,Central,District
002712,07,Civil,2025-09-26,,Active,,False,,,False,True,340.0,2025-09,2025Q3,,3-12 months,False,Eastfield District Court,Eastern,District
002713,08,Criminal,2024-11-09,2026-03-20,Disposed,496.0,False,,496.0,False,False,,2024-11,2024Q4,2026-03,,False,Cape Lawson District Court,Eastern,District
002714,06,Criminal,2024-11-15,2025-02-15,Disposed,92.0,False,,92.0,False,False,,2024-11,2024Q4,2025-02,,False,Central Plains High Court,Central,High
002715,01,Family,2025-09-04,2026-01-13,Disposed,131.0,False,,131.0,False,False,,2025-09,2025Q3,2026-01,,False,Northbridge District Court,Northern,District
002716,02,Family,2025-10-18,2026-04-19,Disposed,183.0,False,,183.0,False,False,,2025-10,2025Q4,2026-04,,False,Kauri Point District Court,Northern,District
002717,07,Family,2026-04-12,,Active,,False,,,False,True,142.0,2026-04,2026Q2,,3-12 months,False,Eastfield District Court,Eastern,District
002718,06,Youth,2025-07-09,2025-10-15,Disposed,98.0,False,,98.0,False,False,,2025-07,2025Q3,2025-10,,False,Central Plains High Court,Central,High
002719,07,Criminal,2025-04-07,2025-07-02,Disposed,86.0,False,,86.0,False,False,,2025-04,2025Q2,2025-07,,False,Eastfield District Court,Eastern,District
002720,06,Criminal,2024-10-15,2025-05-15,Disposed,212.0,False,,212.0,False,False,,2024-10,2024Q4,2025-05,,False,Central Plains High Court,Central,High
002721,02,Youth,2024-11-17,2024-12-02,Disposed,15.0,False,,15.0,False,False,,2024-11,2024Q4,2024-12,,False,Kauri Point District Court,Northern,District
002722,02,Civil,2025-02-18,2025-09-08,Disposed,,False,,202.0,False,False,,2025-02,2025Q1,2025-09,,False,Kauri Point District Court,Northern,District
002723,10,Criminal,2024-07-07,2024-12-03,Disposed,149.0,False,,149.0,False,False,,2024-07,2024Q3,2024-12,,False,Fernbay District Court,Southern,District
002724,09,Criminal,2025-09-30,,Active,,False,,,False,True,336.0,2025-09,2025Q3,,3-12 months,False,Southgate District Court,Southern,District
002725,08,Civil,2024-12-02,2025-03-04,Disposed,92.0,False,,92.0,False,False,,2024-12,2024Q4,2025-03,,False,Cape Lawson District Court,Eastern,District
002726,02,Civil,2024-07-26,2025-04-05,Disposed,253.0,False,,253.0,False,False,,2024-07,2024Q3,2025-04,,False,Kauri Point District Court,Northern,District
002727,08,Criminal,2026-04-14,,Active,,False,,,False,True,140.0,2026-04,2026Q2,,3-12 months,False,Cape Lawson District Court,Eastern,District
002728,08,Criminal,2024-08-16,2025-10-12,Disposed,,False,,422.0,False,False,,2024-08,2024Q3,2025-10,,False,Cape Lawson District Court,Eastern,District
002729,12,Criminal,2025-08-29,2025-10-20,Disposed,52.0,False,,52.0,False,False,,2025-08,2025Q3,2025-10,,False,Willow Creek District Court,Southern,District
002730,01,Family,2025-04-16,2025-10-04,Disposed,171.0,False,,171.0,False,False,,2025-04,2025Q2,2025-10,,False,Northbridge District Court,Northern,District
002731,03,Civil,2026-03-26,,Active,,False,,,False,True,159.0,2026-03,2026Q1,,3-12 months,False,Harbourview High Court,Northern,High
002732,09,Civil,2025-08-26,2026-01-21,Disposed,148.0,False,,148.0,False,False,,2025-08,2025Q3,2026-01,,False,Southgate District Court,Southern,District
002733,12,Civil,2025-07-13,2026-02-04,Disposed,206.0,False,,206.0,False,False,,2025-07,2025Q3,2026-02,,False,Willow Creek District Court,Southern,District
002734,01,Civil,2026-02-23,2026-08-01,Disposed,159.0,False,,159.0,False,False,,2026-02,2026Q1,2026-08,,False,Northbridge District Court,Northern,District
002735,07,Youth,2024-07-08,2024-10-12,Disposed,96.0,False,,96.0,False,False,,2024-07,2024Q3,2024-10,,False,Eastfield District Court,Eastern,District
002736,05,Civil,2025-01-11,,Active,,False,,,False,True,598.0,2025-01,2025Q1,,12+ months,True,Mistvale District Court,Central,District
002737,05,Civil,2025-10-24,2026-06-23,Disposed,242.0,False,,242.0,False,False,,2025-10,2025Q4,2026-06,,False,Mistvale District Court,Central,District
002738,08,Family,2025-10-14,2026-06-30,Disposed,259.0,False,,259.0,False,False,,2025-10,2025Q4,2026-06,,False,Cape Lawson District Court,Eastern,District
002739,11,Youth,2025-08-24,2025-12-21,Disposed,119.0,False,,119.0,False,False,,2025-08,2025Q3,2025-12,,False,Southern Ranges High Court,Southern,High
002740,02,Family,2025-05-23,2025-08-07,Disposed,46.0,False,,76.0,True,False,,2025-05,2025Q2,2025-08,,False,Kauri Point District Court,Northern,District
002741,04,Family,2024-10-22,2025-03-18,Disposed,147.0,False,,147.0,False,False,,2024-10,2024Q4,2025-03,,False,Riverton District Court,Central,District
002742,01,Family,2025-04-10,2025-09-25,Disposed,158.0,False,,168.0,True,False,,2025-04,2025Q2,2025-09,,False,Northbridge District Court,Northern,District
002743,10,Family,2024-11-06,2025-04-08,Disposed,153.0,False,,153.0,False,False,,2024-11,2024Q4,2025-04,,False,Fernbay District Court,Southern,District
002744,01,Criminal,2024-10-11,2025-03-14,Disposed,154.0,False,,154.0,False,False,,2024-10,2024Q4,2025-03,,False,Northbridge District Court,Northern,District
002745,08,Youth,2025-03-22,,Active,,False,,,False,True,528.0,2025-03,2025Q1,,12+ months,True,Cape Lawson District Court,Eastern,District
002746,99,Civil,2025-01-05,2025-06-12,Disposed,158.0,True,court_id not in lookup,158.0,False,False,,2025-01,2025Q1,2025-06,,False,,,
002747,10,Criminal,2025-12-09,2026-02-05,Disposed,58.0,False,,58.0,False,False,,2025-12,2025Q4,2026-02,,False,Fernbay District Court,Southern,District
002748,01,Youth,2026-05-01,2026-08-11,Disposed,102.0,False,,102.0,False,False,,2026-05,2026Q2,2026-08,,False,Northbridge District Court,Northern,District
002749,09,Youth,2026-05-16,2026-07-29,Disposed,74.0,False,,74.0,False,False,,2026-05,2026Q2,2026-07,,False,Southgate District Court,Southern,District
002750,10,Family,2025-04-18,2025-09-19,Disposed,154.0,False,,154.0,False,False,,2025-04,2025Q2,2025-09,,False,Fernbay District Court,Southern,District
002751,11,Civil,2026-02-10,,Active,,False,,,False,True,203.0,2026-02,2026Q1,,3-12 months,False,Southern Ranges High Court,Southern,High
002752,12,Family,2025-10-01,2026-02-22,Disposed,144.0,False,,144.0,False,False,,2025-10,2025Q4,2026-02,,False,Willow Creek District Court,Southern,District
002753,01,Civil,2026-05-30,,Active,,False,,,False,True,94.0,2026-05,2026Q2,,3-12 months,False,Northbridge District Court,Northern,District
002754,11,Family,2026-01-12,2026-04-08,Disposed,86.0,False,,86.0,False,False,,2026-01,2026Q1,2026-04,,False,Southern Ranges High Court,Southern,High
002755,07,Youth,2025-03-04,2025-05-28,Disposed,85.0,False,,85.0,False,False,,2025-03,2025Q1,2025-05,,False,Eastfield District Court,Eastern,District
002756,09,Family,2024-08-22,2024-11-11,Disposed,81.0,False,,81.0,False,False,,2024-08,2024Q3,2024-11,,False,Southgate District Court,Southern,District
002757,07,Family,2025-02-06,,Active,,False,,,False,True,572.0,2025-02,2025Q1,,12+ months,True,Eastfield District Court,Eastern,District
002758,04,Family,2024-10-24,2025-09-06,Disposed,317.0,False,,317.0,False,False,,2024-10,2024Q4,2025-09,,False,Riverton District Court,Central,District
002759,03,Family,2025-07-25,,Active,,False,,,False,True,403.0,2025-07,2025Q3,,12+ months,True,Harbourview High Court,Northern,High
002760,12,Youth,2024-07-01,,Active,,False,,,False,True,792.0,2024-07,2024Q3,,12+ months,True,Willow Creek District Court,Southern,District
002761,01,Criminal,2026-06-27,2026-08-07,Disposed,41.0,False,,41.0,False,False,,2026-06,2026Q2,2026-08,,False,Northbridge District Court,Northern,District
002762,07,Family,2025-12-13,,Active,,False,,,False,True,262.0,2025-12,2025Q4,,3-12 months,False,Eastfield District Court,Eastern,District
002763,04,Family,2025-04-27,2025-07-07,Disposed,71.0,False,,71.0,False,False,,2025-04,2025Q2,2025-07,,False,Riverton District Court,Central,District
002764,03,Family,2024-10-31,2025-01-24,Disposed,85.0,False,,85.0,False,False,,2024-10,2024Q4,2025-01,,False,Harbourview High Court,Northern,High
002765,12,Civil,2026-03-18,2026-07-30,Disposed,134.0,False,,134.0,False,False,,2026-03,2026Q1,2026-07,,False,Willow Creek District Court,Southern,District
002766,03,Civil,2025-01-04,2025-10-21,Disposed,290.0,False,,290.0,False,False,,2025-01,2025Q1,2025-10,,False,Harbourview High Court,Northern,High
002767,08,Youth,2026-06-19,,Active,,False,,,False,True,74.0,2026-06,2026Q2,,0-3 months,False,Cape Lawson District Court,Eastern,District
002768,01,Family,2026-06-25,,Active,,False,,,False,True,68.0,2026-06,2026Q2,,0-3 months,False,Northbridge District Court,Northern,District
002769,11,Civil,2025-07-07,2026-04-21,Disposed,288.0,False,,288.0,False,False,,2025-07,2025Q3,2026-04,,False,Southern Ranges High Court,Southern,High
002770,03,Civil,2024-07-02,,Active,,False,,,False,True,791.0,2024-07,2024Q3,,12+ months,True,Harbourview High Court,Northern,High
002771,03,Family,2025-08-19,,Active,,False,,,False,True,378.0,2025-08,2025Q3,,12+ months,True,Harbourview High Court,Northern,High
002772,08,Youth,2025-10-07,2026-03-18,Disposed,162.0,False,,162.0,False,False,,2025-10,2025Q4,2026-03,,False,Cape Lawson District Court,Eastern,District
002773,12,Civil,2026-04-09,2026-08-19,Disposed,132.0,False,,132.0,False,False,,2026-04,2026Q2,2026-08,,False,Willow Creek District Court,Southern,District
002774,11,Criminal,2025-07-20,2026-02-12,Disposed,207.0,False,,207.0,False,False,,2025-07,2025Q3,2026-02,,False,Southern Ranges High Court,Southern,High
002775,09,Family,2025-02-03,2025-03-31,Disposed,56.0,False,,56.0,False,False,,2025-02,2025Q1,2025-03,,False,Southgate District Court,Southern,District
002776,06,Family,2026-02-26,2026-08-17,Disposed,172.0,False,,172.0,False,False,,2026-02,2026Q1,2026-08,,False,Central Plains High Court,Central,High
002777,08,Youth,2024-07-19,2024-10-17,Disposed,90.0,False,,90.0,False,False,,2024-07,2024Q3,2024-10,,False,Cape Lawson District Court,Eastern,District
002778,05,Family,2025-09-19,,Active,,False,,,False,True,347.0,2025-09,2025Q3,,3-12 months,False,Mistvale District Court,Central,District
002779,12,Civil,2024-11-18,2025-04-26,Disposed,159.0,False,,159.0,False,False,,2024-11,2024Q4,2025-04,,False,Willow Creek District Court,Southern,District
002780,06,Civil,2025-02-18,,Active,,False,,,False,True,560.0,2025-02,2025Q1,,12+ months,True,Central Plains High Court,Central,High
002781,04,Youth,2026-04-11,2026-05-10,Disposed,29.0,False,,29.0,False,False,,2026-04,2026Q2,2026-05,,False,Riverton District Court,Central,District
002782,11,Family,2025-11-08,2026-03-08,Disposed,120.0,False,,120.0,False,False,,2025-11,2025Q4,2026-03,,False,Southern Ranges High Court,Southern,High
002783,03,Family,2026-05-27,,Active,,False,,,False,True,97.0,2026-05,2026Q2,,3-12 months,False,Harbourview High Court,Northern,High
002784,07,Civil,2025-11-27,2026-05-10,Disposed,164.0,False,,164.0,False,False,,2025-11,2025Q4,2026-05,,False,Eastfield District Court,Eastern,District
002785,09,Civil,2024-07-15,2025-03-21,Disposed,249.0,False,,249.0,False,False,,2024-07,2024Q3,2025-03,,False,Southgate District Court,Southern,District
002786,05,Family,2026-02-06,,Active,,False,,,False,True,207.0,2026-02,2026Q1,,3-12 months,False,Mistvale District Court,Central,District
002787,01,Youth,2024-08-08,2024-08-30,Disposed,22.0,False,,22.0,False,False,,2024-08,2024Q3,2024-08,,False,Northbridge District Court,Northern,District
002788,10,Criminal,2026-01-14,,Active,,False,,,False,True,230.0,2026-01,2026Q1,,3-12 months,False,Fernbay District Court,Southern,District
002789,07,Family,2024-10-19,,Active,,False,,,False,True,682.0,2024-10,2024Q4,,12+ months,True,Eastfield District Court,Eastern,District
002790,02,Civil,2025-04-01,2025-09-03,Disposed,155.0,False,,155.0,False,False,,2025-04,2025Q2,2025-09,,False,Kauri Point District Court,Northern,District
002791,08,Family,2025-07-03,,Active,,False,,,False,True,425.0,2025-07,2025Q3,,12+ months,True,Cape Lawson District Court,Eastern,District
002792,09,Family,2026-04-30,2026-08-11,Disposed,103.0,False,,103.0,False,False,,2026-04,2026Q2,2026-08,,False,Southgate District Court,Southern,District
002793,08,Criminal,2025-07-05,2026-04-26,Disposed,295.0,False,,295.0,False,False,,2025-07,2025Q3,2026-04,,False,Cape Lawson District Court,Eastern,District
002794,04,Family,2026-05-25,,Active,,False,,,False,True,99.0,2026-05,2026Q2,,3-12 months,False,Riverton District Court,Central,District
002795,04,Civil,2024-08-19,2024-11-01,Disposed,74.0,False,,74.0,False,False,,2024-08,2024Q3,2024-11,,False,Riverton District Court,Central,District
002796,10,Family,2024-09-01,2024-10-07,Disposed,6.0,False,,36.0,True,False,,2024-09,2024Q3,2024-10,,False,Fernbay District Court,Southern,District
002797,06,Civil,2025-07-17,2026-08-14,Disposed,393.0,False,,393.0,False,False,,2025-07,2025Q3,2026-08,,False,Central Plains High Court,Central,High
002798,12,Youth,2025-02-09,,Active,,False,,,False,True,569.0,2025-02,2025Q1,,12+ months,True,Willow Creek District Court,Southern,District
002799,05,Family,2024-11-11,2025-08-04,Disposed,266.0,False,,266.0,False,False,,2024-11,2024Q4,2025-08,,False,Mistvale District Court,Central,District
002800,01,Criminal,2025-05-07,,Active,,False,,,False,True,482.0,2025-05,2025Q2,,12+ months,True,Northbridge District Court,Northern,District
002801,05,Family,2024-10-13,2025-05-20,Disposed,219.0,False,,219.0,False,False,,2024-10,2024Q4,2025-05,,False,Mistvale District Court,Central,District
002802,02,Criminal,2025-06-24,2025-09-06,Disposed,74.0,False,,74.0,False,False,,2025-06,2025Q2,2025-09,,False,Kauri Point District Court,Northern,District
002803,02,Criminal,2026-02-25,2026-07-08,Disposed,133.0,False,,133.0,False,False,,2026-02,2026Q1,2026-07,,False,Kauri Point District Court,Northern,District
002804,11,Civil,2025-05-30,2025-11-18,Disposed,172.0,False,,172.0,False,False,,2025-05,2025Q2,2025-11,,False,Southern Ranges High Court,Southern,High
002805,12,Civil,2024-09-09,2025-02-04,Disposed,148.0,False,,148.0,False,False,,2024-09,2024Q3,2025-02,,False,Willow Creek District Court,Southern,District
002806,09,Criminal,2024-08-12,2024-09-19,Disposed,38.0,False,,38.0,False,False,,2024-08,2024Q3,2024-09,,False,Southgate District Court,Southern,District
002807,08,Civil,2024-10-25,2025-08-08,Disposed,287.0,False,,287.0,False,False,,2024-10,2024Q4,2025-08,,False,Cape Lawson District Court,Eastern,District
002808,01,Criminal,2024-11-10,2025-02-11,Disposed,93.0,False,,93.0,False,False,,2024-11,2024Q4,2025-02,,False,Northbridge District Court,Northern,District
002809,12,Criminal,2025-02-01,2025-05-31,Disposed,119.0,False,,119.0,False,False,,2025-02,2025Q1,2025-05,,False,Willow Creek District Court,Southern,District
002810,03,Family,2025-04-02,,Active,,False,,,False,True,517.0,2025-04,2025Q2,,12+ months,True,Harbourview High Court,Northern,High
002811,07,Family,2024-08-01,2024-11-15,Disposed,106.0,False,,106.0,False,False,,2024-08,2024Q3,2024-11,,False,Eastfield District Court,Eastern,District
002812,06,Criminal,2025-02-04,2025-06-10,Disposed,126.0,False,,126.0,False,False,,2025-02,2025Q1,2025-06,,False,Central Plains High Court,Central,High
002813,08,Family,2026-04-03,2026-08-26,Disposed,145.0,False,,145.0,False,False,,2026-04,2026Q2,2026-08,,False,Cape Lawson District Court,Eastern,District
002814,01,Civil,2025-07-09,2025-10-07,Disposed,90.0,False,,90.0,False,False,,2025-07,2025Q3,2025-10,,False,Northbridge District Court,Northern,District
002815,12,Youth,2026-01-11,2026-03-27,Disposed,75.0,False,,75.0,False,False,,2026-01,2026Q1,2026-03,,False,Willow Creek District Court,Southern,District
002816,08,Civil,2026-03-16,2026-08-19,Disposed,156.0,False,,156.0,False,False,,2026-03,2026Q1,2026-08,,False,Cape Lawson District Court,Eastern,District
002817,04,Criminal,2025-08-30,,Active,,False,,,False,True,367.0,2025-08,2025Q3,,12+ months,True,Riverton District Court,Central,District
002818,09,Criminal,2025-05-23,2025-09-04,Disposed,104.0,False,,104.0,False,False,,2025-05,2025Q2,2025-09,,False,Southgate District Court,Southern,District
002819,09,Criminal,2025-04-04,2025-05-26,Disposed,52.0,False,,52.0,False,False,,2025-04,2025Q2,2025-05,,False,Southgate District Court,Southern,District
002820,07,Civil,2025-04-13,2025-10-29,Disposed,199.0,False,,199.0,False,False,,2025-04,2025Q2,2025-10,,False,Eastfield District Court,Eastern,District
002821,11,Family,2025-10-27,,Active,,False,,,False,True,309.0,2025-10,2025Q4,,3-12 months,False,Southern Ranges High Court,Southern,High
002822,10,Criminal,2025-10-07,2025-12-22,Disposed,76.0,False,,76.0,False,False,,2025-10,2025Q4,2025-12,,False,Fernbay District Court,Southern,District
002823,02,Family,2025-11-10,2026-05-19,Disposed,190.0,False,,190.0,False,False,,2025-11,2025Q4,2026-05,,False,Kauri Point District Court,Northern,District
002824,03,Civil,2025-02-05,2025-04-03,Disposed,57.0,False,,57.0,False,False,,2025-02,2025Q1,2025-04,,False,Harbourview High Court,Northern,High
002825,09,Family,2026-03-30,,Active,,False,,,False,True,155.0,2026-03,2026Q1,,3-12 months,False,Southgate District Court,Southern,District
002826,11,Criminal,2026-05-23,,Active,,False,,,False,True,101.0,2026-05,2026Q2,,3-12 months,False,Southern Ranges High Court,Southern,High
002827,04,Criminal,2025-03-30,2025-05-28,Disposed,59.0,False,,59.0,False,False,,2025-03,2025Q1,2025-05,,False,Riverton District Court,Central,District
002828,07,Youth,2024-09-06,2024-10-22,Disposed,46.0,False,,46.0,False,False,,2024-09,2024Q3,2024-10,,False,Eastfield District Court,Eastern,District
002829,02,Family,2025-11-16,2026-06-01,Disposed,197.0,False,,197.0,False,False,,2025-11,2025Q4,2026-06,,False,Kauri Point District Court,Northern,District
002830,05,Youth,2025-06-13,2026-06-16,Disposed,368.0,False,,368.0,False,False,,2025-06,2025Q2,2026-06,,False,Mistvale District Court,Central,District
002831,04,Criminal,2025-06-24,2025-10-26,Disposed,124.0,False,,124.0,False,False,,2025-06,2025Q2,2025-10,,False,Riverton District Court,Central,District
002832,05,Criminal,2025-04-15,2025-08-08,Disposed,115.0,False,,115.0,False,False,,2025-04,2025Q2,2025-08,,False,Mistvale District Court,Central,District
002833,02,Criminal,2024-07-12,2024-09-23,Disposed,73.0,False,,73.0,False,False,,2024-07,2024Q3,2024-09,,False,Kauri Point District Court,Northern,District
002834,02,Civil,2024-07-03,2024-08-13,Disposed,41.0,False,,41.0,False,False,,2024-07,2024Q3,2024-08,,False,Kauri Point District Court,Northern,District
002835,01,Criminal,2026-02-05,2026-07-11,Disposed,156.0,False,,156.0,False,False,,2026-02,2026Q1,2026-07,,False,Northbridge District Court,Northern,District
002836,07,Criminal,2025-03-09,2026-05-13,Disposed,430.0,False,,430.0,False,False,,2025-03,2025Q1,2026-05,,False,Eastfield District Court,Eastern,District
002837,10,Family,2025-04-23,2025-08-17,Disposed,116.0,False,,116.0,False,False,,2025-04,2025Q2,2025-08,,False,Fernbay District Court,Southern,District
002838,11,Civil,2026-03-30,,Active,,False,,,False,True,155.0,2026-03,2026Q1,,3-12 months,False,Southern Ranges High Court,Southern,High
002839,05,Family,2025-05-13,2026-02-06,Disposed,269.0,False,,269.0,False,False,,2025-05,2025Q2,2026-02,,False,Mistvale District Court,Central,District
002840,04,Criminal,2024-09-06,2024-11-01,Disposed,56.0,False,,56.0,False,False,,2024-09,2024Q3,2024-11,,False,Riverton District Court,Central,District
002841,11,Family,2026-04-22,,Active,,False,,,False,True,132.0,2026-04,2026Q2,,3-12 months,False,Southern Ranges High Court,Southern,High
002842,12,Youth,2025-06-23,2025-10-02,Disposed,101.0,False,,101.0,False,False,,2025-06,2025Q2,2025-10,,False,Willow Creek District Court,Southern,District
002843,08,Criminal,2024-10-26,2025-11-07,Disposed,377.0,False,,377.0,False,False,,2024-10,2024Q4,2025-11,,False,Cape Lawson District Court,Eastern,District
002844,07,Criminal,2024-08-14,2024-12-21,Disposed,129.0,False,,129.0,False,False,,2024-08,2024Q3,2024-12,,False,Eastfield District Court,Eastern,District
002845,07,Criminal,2026-04-06,2026-07-13,Disposed,98.0,False,,98.0,False,False,,2026-04,2026Q2,2026-07,,False,Eastfield District Court,Eastern,District
002846,01,Civil,2025-12-07,2026-03-21,Disposed,104.0,False,,104.0,False,False,,2025-12,2025Q4,2026-03,,False,Northbridge District Court,Northern,District
002847,10,Criminal,2024-08-19,2024-09-22,Disposed,34.0,False,,34.0,False,False,,2024-08,2024Q3,2024-09,,False,Fernbay District Court,Southern,District
002848,02,Criminal,2025-01-07,2025-02-13,Disposed,37.0,False,,37.0,False,False,,2025-01,2025Q1,2025-02,,False,Kauri Point District Court,Northern,District
002849,08,Family,2025-08-28,,Active,,False,,,False,True,369.0,2025-08,2025Q3,,12+ months,True,Cape Lawson District Court,Eastern,District
002850,01,Criminal,2024-09-19,2024-12-03,Disposed,75.0,False,,75.0,False,False,,2024-09,2024Q3,2024-12,,False,Northbridge District Court,Northern,District
002851,02,Youth,2026-02-10,2026-05-24,Disposed,103.0,False,,103.0,False,False,,2026-02,2026Q1,2026-05,,False,Kauri Point District Court,Northern,District
002852,04,Youth,2024-09-05,2025-01-20,Disposed,137.0,False,,137.0,False,False,,2024-09,2024Q3,2025-01,,False,Riverton District Court,Central,District
002853,08,Youth,2024-12-01,2025-09-13,Disposed,286.0,False,,286.0,False,False,,2024-12,2024Q4,2025-09,,False,Cape Lawson District Court,Eastern,District
002854,07,Criminal,2026-06-19,,Active,,False,,,False,True,74.0,2026-06,2026Q2,,0-3 months,False,Eastfield District Court,Eastern,District
002855,02,Family,2026-05-20,,Active,,False,,,False,True,104.0,2026-05,2026Q2,,3-12 months,False,Kauri Point District Court,Northern,District
002856,05,Family,2026-05-17,,Active,,False,,,False,True,107.0,2026-05,2026Q2,,3-12 months,False,Mistvale District Court,Central,District
002857,05,Criminal,2026-05-23,,Active,,False,,,False,True,101.0,2026-05,2026Q2,,3-12 months,False,Mistvale District Court,Central,District
002858,11,Criminal,2026-05-21,,Active,,False,,,False,True,103.0,2026-05,2026Q2,,3-12 months,False,Southern Ranges High Court,Southern,High
002859,10,Criminal,2025-03-08,2025-04-23,Disposed,46.0,False,,46.0,False,False,,2025-03,2025Q1,2025-04,,False,Fernbay District Court,Southern,District
002860,12,Criminal,2025-03-07,2025-07-08,Disposed,123.0,False,,123.0,False,False,,2025-03,2025Q1,2025-07,,False,Willow Creek District Court,Southern,District
002861,11,Family,2026-02-21,2026-06-30,Disposed,129.0,False,,129.0,False,False,,2026-02,2026Q1,2026-06,,False,Southern Ranges High Court,Southern,High
002862,01,Youth,2024-11-09,2024-12-08,Disposed,29.0,False,,29.0,False,False,,2024-11,2024Q4,2024-12,,False,Northbridge District Court,Northern,District
002863,07,Family,2024-07-25,2025-01-23,Disposed,182.0,False,,182.0,False,False,,2024-07,2024Q3,2025-01,,False,Eastfield District Court,Eastern,District
002864,02,Criminal,2025-05-14,2025-07-19,Disposed,66.0,False,,66.0,False,False,,2025-05,2025Q2,2025-07,,False,Kauri Point District Court,Northern,District
002865,09,Family,2025-05-19,2025-10-14,Disposed,148.0,False,,148.0,False,False,,2025-05,2025Q2,2025-10,,False,Southgate District Court,Southern,District
002866,07,Family,2024-08-22,2024-12-18,Disposed,118.0,False,,118.0,False,False,,2024-08,2024Q3,2024-12,,False,Eastfield District Court,Eastern,District
002867,06,Family,2025-03-23,2026-02-18,Disposed,332.0,False,,332.0,False,False,,2025-03,2025Q1,2026-02,,False,Central Plains High Court,Central,High
002868,02,Civil,2025-03-27,2025-05-24,Disposed,58.0,False,,58.0,False,False,,2025-03,2025Q1,2025-05,,False,Kauri Point District Court,Northern,District
002869,09,Criminal,2025-06-23,2025-08-10,Disposed,48.0,False,,48.0,False,False,,2025-06,2025Q2,2025-08,,False,Southgate District Court,Southern,District
002870,03,Family,2025-04-15,2026-07-11,Disposed,452.0,False,,452.0,False,False,,2025-04,2025Q2,2026-07,,False,Harbourview High Court,Northern,High
002871,07,Civil,2025-05-02,2025-09-20,Disposed,141.0,False,,141.0,False,False,,2025-05,2025Q2,2025-09,,False,Eastfield District Court,Eastern,District
002872,03,Criminal,2024-09-14,2025-01-14,Disposed,122.0,False,,122.0,False,False,,2024-09,2024Q3,2025-01,,False,Harbourview High Court,Northern,High
002873,05,Criminal,2024-08-09,2024-12-01,Disposed,114.0,False,,114.0,False,False,,2024-08,2024Q3,2024-12,,False,Mistvale District Court,Central,District
002874,10,Criminal,2025-09-21,2026-01-14,Disposed,115.0,False,,115.0,False,False,,2025-09,2025Q3,2026-01,,False,Fernbay District Court,Southern,District
002875,02,Criminal,2026-04-24,,Active,,False,,,False,True,130.0,2026-04,2026Q2,,3-12 months,False,Kauri Point District Court,Northern,District
002876,07,Criminal,2026-06-26,,Active,,False,,,False,True,67.0,2026-06,2026Q2,,0-3 months,False,Eastfield District Court,Eastern,District
002877,10,Youth,2025-12-23,2026-03-20,Disposed,87.0,False,,87.0,False,False,,2025-12,2025Q4,2026-03,,False,Fernbay District Court,Southern,District
002878,07,Civil,2026-02-14,,Active,,False,,,False,True,199.0,2026-02,2026Q1,,3-12 months,False,Eastfield District Court,Eastern,District
002879,05,Criminal,2026-03-13,2026-07-20,Disposed,129.0,False,,129.0,False,False,,2026-03,2026Q1,2026-07,,False,Mistvale District Court,Central,District
002880,02,Family,2025-11-30,,Active,,False,,,False,True,275.0,2025-11,2025Q4,,3-12 months,False,Kauri Point District Court,Northern,District
002881,08,Family,2025-04-16,2025-12-10,Disposed,238.0,False,,238.0,False,False,,2025-04,2025Q2,2025-12,,False,Cape Lawson District Court,Eastern,District
002882,06,Criminal,2024-09-28,2025-01-16,Disposed,110.0,False,,110.0,False,False,,2024-09,2024Q3,2025-01,,False,Central Plains High Court,Central,High
002883,03,Criminal,2026-06-23,2026-08-26,Disposed,64.0,False,,64.0,False,False,,2026-06,2026Q2,2026-08,,False,Harbourview High Court,Northern,High
002884,05,Criminal,2026-02-16,2026-05-26,Disposed,99.0,False,,99.0,False,False,,2026-02,2026Q1,2026-05,,False,Mistvale District Court,Central,District
002885,11,Criminal,2025-05-19,2025-09-24,Disposed,128.0,False,,128.0,False,False,,2025-05,2025Q2,2025-09,,False,Southern Ranges High Court,Southern,High
002886,10,Criminal,2024-09-05,2024-08-16,Disposed,138.0,True,disposed before filed,-20.0,True,False,,2024-09,2024Q3,2024-08,,False,Fernbay District Court,Southern,District
002887,06,Youth,2024-08-10,2024-09-23,Disposed,44.0,False,,44.0,False,False,,2024-08,2024Q3,2024-09,,False,Central Plains High Court,Central,High
002888,09,Criminal,2025-01-11,,Active,,False,,,False,True,598.0,2025-01,2025Q1,,12+ months,True,Southgate District Court,Southern,District
002889,01,Criminal,2024-08-30,2024-10-03,Disposed,34.0,False,,34.0,False,False,,2024-08,2024Q3,2024-10,,False,Northbridge District Court,Northern,District
002890,04,Criminal,2024-11-03,2025-02-11,Disposed,100.0,False,,100.0,False,False,,2024-11,2024Q4,2025-02,,False,Riverton District Court,Central,District
002891,04,Civil,2025-10-23,2025-12-23,Disposed,61.0,False,,61.0,False,False,,2025-10,2025Q4,2025-12,,False,Riverton District Court,Central,District
002892,04,Youth,2025-09-30,2025-11-02,Disposed,33.0,False,,33.0,False,False,,2025-09,2025Q3,2025-11,,False,Riverton District Court,Central,District
002893,01,Youth,2024-08-02,2024-08-20,Disposed,18.0,False,,18.0,False,False,,2024-08,2024Q3,2024-08,,False,Northbridge District Court,Northern,District
002894,09,Civil,2025-05-08,2026-03-21,Disposed,317.0,False,,317.0,False,False,,2025-05,2025Q2,2026-03,,False,Southgate District Court,Southern,District
002895,06,Civil,2024-10-12,2025-02-10,Disposed,121.0,False,,121.0,False,False,,2024-10,2024Q4,2025-02,,False,Central Plains High Court,Central,High
002896,08,Family,2024-11-26,2025-03-24,Disposed,118.0,False,,118.0,False,False,,2024-11,2024Q4,2025-03,,False,Cape Lawson District Court,Eastern,District
002897,06,Civil,2026-04-09,2026-06-27,Disposed,79.0,False,,79.0,False,False,,2026-04,2026Q2,2026-06,,False,Central Plains High Court,Central,High
002898,01,Civil,2025-09-11,2026-04-30,Disposed,231.0,False,,231.0,False,False,,2025-09,2025Q3,2026-04,,False,Northbridge District Court,Northern,District
002899,07,Criminal,2025-10-21,2026-02-25,Disposed,127.0,False,,127.0,False,False,,2025-10,2025Q4,2026-02,,False,Eastfield District Court,Eastern,District
002900,09,Criminal,2025-02-19,2025-04-14,Disposed,54.0,False,,54.0,False,False,,2025-02,2025Q1,2025-04,,False,Southgate District Court,Southern,District
002901,08,Civil,2025-01-28,2025-03-20,Disposed,51.0,False,,51.0,False,False,,2025-01,2025Q1,2025-03,,False,Cape Lawson District Court,Eastern,District
002902,08,Civil,2025-04-30,2025-11-28,Disposed,212.0,False,,212.0,False,False,,2025-04,2025Q2,2025-11,,False,Cape Lawson District Court,Eastern,District
002903,08,Criminal,2025-11-30,,Active,,False,,,False,True,275.0,2025-11,2025Q4,,3-12 months,False,Cape Lawson District Court,Eastern,District
002904,06,Civil,2025-02-09,2025-07-19,Disposed,160.0,False,,160.0,False,False,,2025-02,2025Q1,2025-07,,False,Central Plains High Court,Central,High
002905,04,Family,2025-07-23,2025-10-06,Disposed,75.0,False,,75.0,False,False,,2025-07,2025Q3,2025-10,,False,Riverton District Court,Central,District
002906,02,Criminal,2026-01-31,2026-02-23,Disposed,23.0,False,,23.0,False,False,,2026-01,2026Q1,2026-02,,False,Kauri Point District Court,Northern,District
002907,01,Criminal,2025-10-13,2025-12-27,Disposed,75.0,False,,75.0,False,False,,2025-10,2025Q4,2025-12,,False,Northbridge District Court,Northern,District
002908,12,Family,2025-07-01,2026-04-14,Disposed,287.0,False,,287.0,False,False,,2025-07,2025Q3,2026-04,,False,Willow Creek District Court,Southern,District
002909,10,Family,2025-06-12,2025-08-17,Disposed,66.0,False,,66.0,False,False,,2025-06,2025Q2,2025-08,,False,Fernbay District Court,Southern,District
002910,12,Family,2025-05-09,2025-10-10,Disposed,154.0,False,,154.0,False,False,,2025-05,2025Q2,2025-10,,False,Willow Creek District Court,Southern,District
002911,01,Civil,2025-11-09,2026-05-24,Disposed,196.0,False,,196.0,False,False,,2025-11,2025Q4,2026-05,,False,Northbridge District Court,Northern,District
002912,06,Youth,2024-09-06,,Active,,False,,,False,True,725.0,2024-09,2024Q3,,12+ months,True,Central Plains High Court,Central,High
002913,01,Youth,2025-11-05,2026-06-13,Disposed,220.0,False,,220.0,False,False,,2025-11,2025Q4,2026-06,,False,Northbridge District Court,Northern,District
002914,09,Family,2025-01-24,2025-05-09,Disposed,105.0,False,,105.0,False,False,,2025-01,2025Q1,2025-05,,False,Southgate District Court,Southern,District
002915,08,Criminal,2025-02-22,,Active,,False,,,False,True,556.0,2025-02,2025Q1,,12+ months,True,Cape Lawson District Court,Eastern,District
002916,07,Family,2024-11-09,2025-01-24,Disposed,76.0,False,,76.0,False,False,,2024-11,2024Q4,2025-01,,False,Eastfield District Court,Eastern,District
002917,06,Criminal,2024-09-20,2024-12-18,Disposed,89.0,False,,89.0,False,False,,2024-09,2024Q3,2024-12,,False,Central Plains High Court,Central,High
002918,04,Family,2025-03-24,2025-08-14,Disposed,143.0,False,,143.0,False,False,,2025-03,2025Q1,2025-08,,False,Riverton District Court,Central,District
002919,06,Criminal,2024-11-30,,Active,,False,,,False,True,640.0,2024-11,2024Q4,,12+ months,True,Central Plains High Court,Central,High
002920,02,Family,2024-07-19,2024-10-23,Disposed,96.0,False,,96.0,False,False,,2024-07,2024Q3,2024-10,,False,Kauri Point District Court,Northern,District
002921,01,Criminal,2024-12-23,,Active,,False,,,False,True,617.0,2024-12,2024Q4,,12+ months,True,Northbridge District Court,Northern,District
002922,07,Criminal,2025-02-03,2025-04-28,Disposed,84.0,False,,84.0,False,False,,2025-02,2025Q1,2025-04,,False,Eastfield District Court,Eastern,District
002923,06,Criminal,2025-06-13,2025-07-16,Disposed,33.0,False,,33.0,False,False,,2025-06,2025Q2,2025-07,,False,Central Plains High Court,Central,High
002924,10,Family,2026-02-25,,Active,,False,,,False,True,188.0,2026-02,2026Q1,,3-12 months,False,Fernbay District Court,Southern,District
002925,07,Criminal,2026-04-14,,Active,,False,,,False,True,140.0,2026-04,2026Q2,,3-12 months,False,Eastfield District Court,Eastern,District
002926,09,Youth,2026-01-26,2026-03-02,Disposed,35.0,False,,35.0,False,False,,2026-01,2026Q1,2026-03,,False,Southgate District Court,Southern,District
002927,06,Civil,2025-06-06,,Active,,False,,,False,True,452.0,2025-06,2025Q2,,12+ months,True,Central Plains High Court,Central,High
002928,06,Family,2025-09-09,2026-01-07,Disposed,120.0,False,,120.0,False,False,,2025-09,2025Q3,2026-01,,False,Central Plains High Court,Central,High
002929,04,Youth,2026-05-29,2026-08-02,Disposed,65.0,False,,65.0,False,False,,2026-05,2026Q2,2026-08,,False,Riverton District Court,Central,District
002930,06,Criminal,2025-08-13,2026-06-02,Disposed,293.0,False,,293.0,False,False,,2025-08,2025Q3,2026-06,,False,Central Plains High Court,Central,High
002931,10,Criminal,2025-09-19,2025-11-01,Disposed,43.0,False,,43.0,False,False,,2025-09,2025Q3,2025-11,,False,Fernbay District Court,Southern,District
002932,08,Criminal,2026-03-20,,Active,,False,,,False,True,165.0,2026-03,2026Q1,,3-12 months,False,Cape Lawson District Court,Eastern,District
002933,10,Family,2025-06-26,2025-10-02,Disposed,98.0,False,,98.0,False,False,,2025-06,2025Q2,2025-10,,False,Fernbay District Court,Southern,District
002934,03,Family,2025-11-08,2026-04-02,Disposed,145.0,False,,145.0,False,False,,2025-11,2025Q4,2026-04,,False,Harbourview High Court,Northern,High
002935,11,Civil,2026-04-26,,Active,,False,,,False,True,128.0,2026-04,2026Q2,,3-12 months,False,Southern Ranges High Court,Southern,High
002936,04,Family,2025-06-23,2026-01-18,Disposed,209.0,False,,209.0,False,False,,2025-06,2025Q2,2026-01,,False,Riverton District Court,Central,District
002937,11,Criminal,2026-04-10,,Active,,False,,,False,True,144.0,2026-04,2026Q2,,3-12 months,False,Southern Ranges High Court,Southern,High
002938,11,Criminal,2024-10-15,2025-05-02,Disposed,199.0,False,,199.0,False,False,,2024-10,2024Q4,2025-05,,False,Southern Ranges High Court,Southern,High
002939,07,Criminal,2026-01-07,,Active,,False,,,False,True,237.0,2026-01,2026Q1,,3-12 months,False,Eastfield District Court,Eastern,District
002940,03,Criminal,2025-02-01,2025-11-07,Disposed,279.0,False,,279.0,False,False,,2025-02,2025Q1,2025-11,,False,Harbourview High Court,Northern,High
002941,07,Criminal,2024-09-27,2024-12-13,Disposed,77.0,False,,77.0,False,False,,2024-09,2024Q3,2024-12,,False,Eastfield District Court,Eastern,District
002942,03,Civil,2024-07-14,2024-11-20,Disposed,129.0,False,,129.0,False,False,,2024-07,2024Q3,2024-11,,False,Harbourview High Court,Northern,High
002943,07,Youth,2025-05-22,2025-08-04,Disposed,74.0,False,,74.0,False,False,,2025-05,2025Q2,2025-08,,False,Eastfield District Court,Eastern,District
002944,07,Criminal,2026-04-21,2026-06-02,Disposed,42.0,False,,42.0,False,False,,2026-04,2026Q2,2026-06,,False,Eastfield District Court,Eastern,District
002945,05,Criminal,2025-03-14,2025-07-03,Disposed,111.0,False,,111.0,False,False,,2025-03,2025Q1,2025-07,,False,Mistvale District Court,Central,District
002946,11,Civil,2025-02-11,2025-12-08,Disposed,300.0,False,,300.0,False,False,,2025-02,2025Q1,2025-12,,False,Southern Ranges High Court,Southern,High
002947,04,Youth,2024-07-05,,Active,,False,,,False,True,788.0,2024-07,2024Q3,,12+ months,True,Riverton District Court,Central,District
002948,09,Family,2025-11-11,2026-06-25,Disposed,216.0,False,,226.0,True,False,,2025-11,2025Q4,2026-06,,False,Southgate District Court,Southern,District
002949,03,Civil,2025-04-26,2026-01-11,Disposed,260.0,False,,260.0,False,False,,2025-04,2025Q2,2026-01,,False,Harbourview High Court,Northern,High
002950,09,Family,2025-05-20,,Active,,False,,,False,True,469.0,2025-05,2025Q2,,12+ months,True,Southgate District Court,Southern,District
002951,04,Youth,2025-12-07,2026-08-14,Disposed,250.0,False,,250.0,False,False,,2025-12,2025Q4,2026-08,,False,Riverton District Court,Central,District
002952,10,Criminal,2024-09-25,2025-02-22,Disposed,150.0,False,,150.0,False,False,,2024-09,2024Q3,2025-02,,False,Fernbay District Court,Southern,District
002953,07,Criminal,2025-10-03,2025-11-20,Disposed,48.0,False,,48.0,False,False,,2025-10,2025Q4,2025-11,,False,Eastfield District Court,Eastern,District
002954,01,Family,2026-02-24,2026-05-27,Disposed,92.0,False,,92.0,False,False,,2026-02,2026Q1,2026-05,,False,Northbridge District Court,Northern,District
002955,09,Civil,2026-03-25,2026-08-29,Disposed,157.0,False,,157.0,False,False,,2026-03,2026Q1,2026-08,,False,Southgate District Court,Southern,District
002956,03,Civil,2025-03-10,2025-10-30,Disposed,234.0,False,,234.0,False,False,,2025-03,2025Q1,2025-10,,False,Harbourview High Court,Northern,High
002957,10,Youth,2025-11-11,2026-05-19,Disposed,189.0,False,,189.0,False,False,,2025-11,2025Q4,2026-05,,False,Fernbay District Court,Southern,District
002958,12,Youth,2025-10-08,2025-11-30,Disposed,53.0,False,,53.0,False,False,,2025-10,2025Q4,2025-11,,False,Willow Creek District Court,Southern,District
002959,02,Criminal,2025-12-06,2026-03-09,Disposed,93.0,False,,93.0,False,False,,2025-12,2025Q4,2026-03,,False,Kauri Point District Court,Northern,District
002960,05,Criminal,2026-06-26,,Active,,False,,,False,True,67.0,2026-06,2026Q2,,0-3 months,False,Mistvale District Court,Central,District
002961,01,Civil,2025-06-17,2025-09-13,Disposed,88.0,False,,88.0,False,False,,2025-06,2025Q2,2025-09,,False,Northbridge District Court,Northern,District
002962,03,Criminal,2025-03-05,2025-09-30,Disposed,209.0,False,,209.0,False,False,,2025-03,2025Q1,2025-09,,False,Harbourview High Court,Northern,High
002963,07,Criminal,2024-08-26,2024-11-06,Disposed,72.0,False,,72.0,False,False,,2024-08,2024Q3,2024-11,,False,Eastfield District Court,Eastern,District
002964,07,Civil,2025-08-02,2025-11-11,Disposed,101.0,False,,101.0,False,False,,2025-08,2025Q3,2025-11,,False,Eastfield District Court,Eastern,District
002965,06,Criminal,2026-02-02,2026-05-11,Disposed,98.0,False,,98.0,False,False,,2026-02,2026Q1,2026-05,,False,Central Plains High Court,Central,High
002966,03,Youth,2025-09-30,2025-12-24,Disposed,85.0,False,,85.0,False,False,,2025-09,2025Q3,2025-12,,False,Harbourview High Court,Northern,High
002967,10,Civil,2025-02-12,2025-07-21,Disposed,204.0,False,,159.0,True,False,,2025-02,2025Q1,2025-07,,False,Fernbay District Court,Southern,District
002968,07,Youth,2025-08-28,2025-11-09,Disposed,73.0,False,,73.0,False,False,,2025-08,2025Q3,2025-11,,False,Eastfield District Court,Eastern,District
002969,05,Criminal,2024-07-12,2025-04-06,Disposed,268.0,False,,268.0,False,False,,2024-07,2024Q3,2025-04,,False,Mistvale District Court,Central,District
002970,08,Civil,2025-01-19,2025-12-30,Disposed,345.0,False,,345.0,False,False,,2025-01,2025Q1,2025-12,,False,Cape Lawson District Court,Eastern,District
002971,02,Family,2025-05-31,2025-11-19,Disposed,172.0,False,,172.0,False,False,,2025-05,2025Q2,2025-11,,False,Kauri Point District Court,Northern,District
002972,12,Family,2025-02-19,,Active,,False,,,False,True,559.0,2025-02,2025Q1,,12+ months,True,Willow Creek District Court,Southern,District
002973,05,Family,2026-03-24,,Active,,False,,,False,True,161.0,2026-03,2026Q1,,3-12 months,False,Mistvale District Court,Central,District
002974,07,Criminal,2025-04-20,2025-10-11,Disposed,174.0,False,,174.0,False,False,,2025-04,2025Q2,2025-10,,False,Eastfield District Court,Eastern,District
002975,01,Youth,2025-04-28,2025-09-28,Disposed,153.0,False,,153.0,False,False,,2025-04,2025Q2,2025-09,,False,Northbridge District Court,Northern,District
002976,02,Criminal,2025-06-03,2025-07-19,Disposed,46.0,False,,46.0,False,False,,2025-06,2025Q2,2025-07,,False,Kauri Point District Court,Northern,District
002977,10,Family,2025-07-29,2025-10-17,Disposed,80.0,False,,80.0,False,False,,2025-07,2025Q3,2025-10,,False,Fernbay District Court,Southern,District
002978,06,Criminal,2024-09-18,2025-08-20,Disposed,336.0,False,,336.0,False,False,,2024-09,2024Q3,2025-08,,False,Central Plains High Court,Central,High
002979,11,Civil,2024-09-30,2025-03-05,Disposed,156.0,False,,156.0,False,False,,2024-09,2024Q3,2025-03,,False,Southern Ranges High Court,Southern,High
002980,11,Family,2025-02-06,,Active,,False,,,False,True,572.0,2025-02,2025Q1,,12+ months,True,Southern Ranges High Court,Southern,High
002981,05,Youth,2024-10-14,2025-01-01,Disposed,79.0,False,,79.0,False,False,,2024-10,2024Q4,2025-01,,False,Mistvale District Court,Central,District
002982,04,Criminal,2025-10-02,2026-06-02,Disposed,243.0,False,,243.0,False,False,,2025-10,2025Q4,2026-06,,False,Riverton District Court,Central,District
002983,02,Youth,2024-11-16,2025-01-20,Disposed,65.0,False,,65.0,False,False,,2024-11,2024Q4,2025-01,,False,Kauri Point District Court,Northern,District
002984,07,Civil,2026-02-24,2026-06-25,Disposed,121.0,False,,121.0,False,False,,2026-02,2026Q1,2026-06,,False,Eastfield District Court,Eastern,District
002985,11,Family,2026-03-02,,Active,,False,,,False,True,183.0,2026-03,2026Q1,,3-12 months,False,Southern Ranges High Court,Southern,High
002986,02,Family,2024-07-27,2024-12-31,Disposed,157.0,False,,157.0,False,False,,2024-07,2024Q3,2024-12,,False,Kauri Point District Court,Northern,District
002987,07,Youth,2024-10-06,2024-11-19,Disposed,44.0,False,,44.0,False,False,,2024-10,2024Q4,2024-11,,False,Eastfield District Court,Eastern,District
002988,06,Civil,2025-01-30,,Active,,False,,,False,True,579.0,2025-01,2025Q1,,12+ months,True,Central Plains High Court,Central,High
002989,02,Criminal,2024-07-03,2024-12-20,Disposed,170.0,False,,170.0,False,False,,2024-07,2024Q3,2024-12,,False,Kauri Point District Court,Northern,District
002990,09,Family,2025-06-30,2025-09-12,Disposed,74.0,False,,74.0,False,False,,2025-06,2025Q2,2025-09,,False,Southgate District Court,Southern,District
002991,09,Civil,2025-09-28,2026-01-04,Disposed,98.0,False,,98.0,False,False,,2025-09,2025Q3,2026-01,,False,Southgate District Court,Southern,District
002992,03,Criminal,2026-06-23,,Active,,False,,,False,True,70.0,2026-06,2026Q2,,0-3 months,False,Harbourview High Court,Northern,High
002993,05,Criminal,2026-04-19,,Active,,False,,,False,True,135.0,2026-04,2026Q2,,3-12 months,False,Mistvale District Court,Central,District
002994,11,Family,2025-02-06,2025-05-26,Disposed,109.0,False,,109.0,False,False,,2025-02,2025Q1,2025-05,,False,Southern Ranges High Court,Southern,High
002995,07,Criminal,2024-10-27,2025-06-24,Disposed,240.0,False,,240.0,False,False,,2024-10,2024Q4,2025-06,,False,Eastfield District Court,Eastern,District
002996,11,Civil,2024-08-02,2025-03-26,Disposed,236.0,False,,236.0,False,False,,2024-08,2024Q3,2025-03,,False,Southern Ranges High Court,Southern,High
002997,10,Civil,2024-07-03,2025-01-24,Disposed,205.0,False,,205.0,False,False,,2024-07,2024Q3,2025-01,,False,Fernbay District Court,Southern,District
002998,12,Youth,2025-07-17,2025-09-29,Disposed,74.0,False,,74.0,False,False,,2025-07,2025Q3,2025-09,,False,Willow Creek District Court,Southern,District
002999,10,Criminal,2024-09-28,2025-06-10,Disposed,255.0,False,,255.0,False,False,,2024-09,2024Q3,2025-06,,False,Fernbay District Court,Southern,District
003000,03,Criminal,2024-09-25,2025-04-02,Disposed,189.0,False,,189.0,False,False,,2024-09,2024Q3,2025-04,,False,Harbourview High Court,Northern,High
003001,11,Criminal,2025-03-23,2025-10-03,Disposed,194.0,False,,194.0,False,False,,2025-03,2025Q1,2025-10,,False,Southern Ranges High Court,Southern,High
003002,04,Civil,2024-07-10,2024-10-26,Disposed,,False,,108.0,False,False,,2024-07,2024Q3,2024-10,,False,Riverton District Court,Central,District
003003,09,Civil,2024-12-22,2025-11-01,Disposed,314.0,False,,314.0,False,False,,2024-12,2024Q4,2025-11,,False,Southgate District Court,Southern,District
003004,06,Family,2026-06-02,,Active,,False,,,False,True,91.0,2026-06,2026Q2,,3-12 months,False,Central Plains High Court,Central,High
003005,11,Criminal,2025-03-25,2025-07-23,Disposed,120.0,False,,120.0,False,False,,2025-03,2025Q1,2025-07,,False,Southern Ranges High Court,Southern,High
003006,04,Civil,2026-05-18,2026-07-09,Disposed,52.0,False,,52.0,False,False,,2026-05,2026Q2,2026-07,,False,Riverton District Court,Central,District
003007,01,Youth,2025-03-03,2025-04-22,Disposed,50.0,False,,50.0,False,False,,2025-03,2025Q1,2025-04,,False,Northbridge District Court,Northern,District
003008,06,Civil,2025-01-22,2025-07-25,Disposed,184.0,False,,184.0,False,False,,2025-01,2025Q1,2025-07,,False,Central Plains High Court,Central,High
003009,10,Civil,2026-05-11,,Active,,False,,,False,True,113.0,2026-05,2026Q2,,3-12 months,False,Fernbay District Court,Southern,District
003010,10,Criminal,2025-06-21,2025-07-30,Disposed,39.0,False,,39.0,False,False,,2025-06,2025Q2,2025-07,,False,Fernbay District Court,Southern,District
003011,02,Criminal,2024-10-20,2025-02-04,Disposed,107.0,False,,107.0,False,False,,2024-10,2024Q4,2025-02,,False,Kauri Point District Court,Northern,District
003012,04,Family,2024-11-14,2025-06-11,Disposed,209.0,False,,209.0,False,False,,2024-11,2024Q4,2025-06,,False,Riverton District Court,Central,District
003013,07,Family,2026-02-12,2026-05-23,Disposed,100.0,False,,100.0,False,False,,2026-02,2026Q1,2026-05,,False,Eastfield District Court,Eastern,District
003014,02,Civil,2025-10-27,2026-04-15,Disposed,170.0,False,,170.0,False,False,,2025-10,2025Q4,2026-04,,False,Kauri Point District Court,Northern,District
003015,06,Civil,2026-03-18,2026-06-16,Disposed,90.0,False,,90.0,False,False,,2026-03,2026Q1,2026-06,,False,Central Plains High Court,Central,High
003016,09,Criminal,2026-04-24,,Active,,False,,,False,True,130.0,2026-04,2026Q2,,3-12 months,False,Southgate District Court,Southern,District
003017,07,Criminal,2025-02-08,2025-06-17,Disposed,129.0,False,,129.0,False,False,,2025-02,2025Q1,2025-06,,False,Eastfield District Court,Eastern,District
003018,08,Criminal,2025-08-05,2026-03-17,Disposed,224.0,False,,224.0,False,False,,2025-08,2025Q3,2026-03,,False,Cape Lawson District Court,Eastern,District
003019,12,Criminal,2026-06-07,,Active,,False,,,False,True,86.0,2026-06,2026Q2,,0-3 months,False,Willow Creek District Court,Southern,District
003020,04,Civil,2024-09-06,2024-09-30,Disposed,24.0,False,,24.0,False,False,,2024-09,2024Q3,2024-09,,False,Riverton District Court,Central,District
003021,04,Criminal,2025-10-13,2026-04-19,Disposed,188.0,False,,188.0,False,False,,2025-10,2025Q4,2026-04,,False,Riverton District Court,Central,District
003022,01,Youth,2024-08-27,2025-01-02,Disposed,128.0,False,,128.0,False,False,,2024-08,2024Q3,2025-01,,False,Northbridge District Court,Northern,District
003023,04,Criminal,2025-10-23,,Active,,False,,,False,True,313.0,2025-10,2025Q4,,3-12 months,False,Riverton District Court,Central,District
003024,11,Family,2025-06-26,2026-03-30,Disposed,277.0,False,,277.0,False,False,,2025-06,2025Q2,2026-03,,False,Southern Ranges High Court,Southern,High
003025,06,Criminal,2025-03-25,2025-07-11,Disposed,108.0,False,,108.0,False,False,,2025-03,2025Q1,2025-07,,False,Central Plains High Court,Central,High
003026,04,Youth,2026-03-26,2026-08-26,Disposed,153.0,False,,153.0,False,False,,2026-03,2026Q1,2026-08,,False,Riverton District Court,Central,District
003027,03,Civil,2025-10-09,2026-06-04,Disposed,238.0,False,,238.0,False,False,,2025-10,2025Q4,2026-06,,False,Harbourview High Court,Northern,High
003028,10,Youth,2026-05-02,2026-06-14,Disposed,43.0,False,,43.0,False,False,,2026-05,2026Q2,2026-06,,False,Fernbay District Court,Southern,District
003029,09,Criminal,2024-09-27,2024-11-23,Disposed,57.0,False,,57.0,False,False,,2024-09,2024Q3,2024-11,,False,Southgate District Court,Southern,District
003030,04,Family,2026-03-30,,Active,,False,,,False,True,155.0,2026-03,2026Q1,,3-12 months,False,Riverton District Court,Central,District
003031,06,Criminal,2025-07-10,,Active,,False,,,False,True,418.0,2025-07,2025Q3,,12+ months,True,Central Plains High Court,Central,High
003032,01,Family,2025-12-15,2026-06-04,Disposed,171.0,False,,171.0,False,False,,2025-12,2025Q4,2026-06,,False,Northbridge District Court,Northern,District
003033,03,Criminal,2024-12-10,2025-05-15,Disposed,156.0,False,,156.0,False,False,,2024-12,2024Q4,2025-05,,False,Harbourview High Court,Northern,High
003034,08,Family,2024-07-08,2024-10-20,Disposed,104.0,False,,104.0,False,False,,2024-07,2024Q3,2024-10,,False,Cape Lawson District Court,Eastern,District
003035,07,Family,2025-10-06,2026-03-31,Disposed,176.0,False,,176.0,False,False,,2025-10,2025Q4,2026-03,,False,Eastfield District Court,Eastern,District
003036,12,Criminal,2026-02-19,2026-06-22,Disposed,123.0,False,,123.0,False,False,,2026-02,2026Q1,2026-06,,False,Willow Creek District Court,Southern,District
003037,08,Civil,2025-11-07,,Active,,False,,,False,True,298.0,2025-11,2025Q4,,3-12 months,False,Cape Lawson District Court,Eastern,District
003038,03,Family,2026-05-21,,Active,,False,,,False,True,103.0,2026-05,2026Q2,,3-12 months,False,Harbourview High Court,Northern,High
003039,02,Family,2026-01-01,2026-04-05,Disposed,94.0,False,,94.0,False,False,,2026-01,2026Q1,2026-04,,False,Kauri Point District Court,Northern,District
003040,02,Family,2026-05-24,,Active,,False,,,False,True,100.0,2026-05,2026Q2,,3-12 months,False,Kauri Point District Court,Northern,District
003041,10,Family,2025-08-14,2025-10-31,Disposed,78.0,False,,78.0,False,False,,2025-08,2025Q3,2025-10,,False,Fernbay District Court,Southern,District
003042,03,Civil,2024-07-23,,Active,,False,,,False,True,770.0,2024-07,2024Q3,,12+ months,True,Harbourview High Court,Northern,High
003043,12,Criminal,2024-07-05,2024-11-04,Disposed,122.0,False,,122.0,False,False,,2024-07,2024Q3,2024-11,,False,Willow Creek District Court,Southern,District
003044,08,Criminal,2025-09-18,2026-03-07,Disposed,170.0,False,,170.0,False,False,,2025-09,2025Q3,2026-03,,False,Cape Lawson District Court,Eastern,District
003045,11,Criminal,2025-08-02,2026-02-08,Disposed,190.0,False,,190.0,False,False,,2025-08,2025Q3,2026-02,,False,Southern Ranges High Court,Southern,High
003046,10,Criminal,2025-05-21,2025-09-01,Disposed,103.0,False,,103.0,False,False,,2025-05,2025Q2,2025-09,,False,Fernbay District Court,Southern,District
003047,12,Criminal,2025-10-23,2026-05-18,Disposed,207.0,False,,207.0,False,False,,2025-10,2025Q4,2026-05,,False,Willow Creek District Court,Southern,District
003048,01,Civil,2025-03-20,2025-06-03,Disposed,75.0,False,,75.0,False,False,,2025-03,2025Q1,2025-06,,False,Northbridge District Court,Northern,District
003049,12,Family,2025-03-21,2026-04-19,Disposed,394.0,False,,394.0,False,False,,2025-03,2025Q1,2026-04,,False,Willow Creek District Court,Southern,District
003050,12,Civil,2024-10-09,2024-11-26,Disposed,48.0,False,,48.0,False,False,,2024-10,2024Q4,2024-11,,False,Willow Creek District Court,Southern,District
003051,08,Family,2026-02-17,,Active,,False,,,False,True,196.0,2026-02,2026Q1,,3-12 months,False,Cape Lawson District Court,Eastern,District
003052,09,Family,2025-12-18,2026-03-01,Disposed,73.0,False,,73.0,False,False,,2025-12,2025Q4,2026-03,,False,Southgate District Court,Southern,District
003053,11,Criminal,2025-03-13,2025-05-13,Disposed,61.0,False,,61.0,False,False,,2025-03,2025Q1,2025-05,,False,Southern Ranges High Court,Southern,High
003054,10,Family,2024-11-26,2025-04-28,Disposed,153.0,False,,153.0,False,False,,2024-11,2024Q4,2025-04,,False,Fernbay District Court,Southern,District
003055,10,Civil,2024-09-04,2025-03-09,Disposed,186.0,False,,186.0,False,False,,2024-09,2024Q3,2025-03,,False,Fernbay District Court,Southern,District
003056,01,Criminal,2024-11-24,2025-02-16,Disposed,84.0,False,,84.0,False,False,,2024-11,2024Q4,2025-02,,False,Northbridge District Court,Northern,District
003057,05,Civil,2025-11-08,2026-06-24,Disposed,228.0,False,,228.0,False,False,,2025-11,2025Q4,2026-06,,False,Mistvale District Court,Central,District
003058,11,Criminal,2025-10-13,,Active,,False,,,False,True,323.0,2025-10,2025Q4,,3-12 months,False,Southern Ranges High Court,Southern,High
003059,03,Criminal,2024-10-31,2026-04-19,Disposed,535.0,False,,535.0,False,False,,2024-10,2024Q4,2026-04,,False,Harbourview High Court,Northern,High
003060,05,Family,2025-05-24,2025-08-20,Disposed,88.0,False,,88.0,False,False,,2025-05,2025Q2,2025-08,,False,Mistvale District Court,Central,District
003061,06,Youth,2025-06-30,2025-09-04,Disposed,66.0,False,,66.0,False,False,,2025-06,2025Q2,2025-09,,False,Central Plains High Court,Central,High
003062,02,Civil,2026-04-18,2026-07-07,Disposed,80.0,False,,80.0,False,False,,2026-04,2026Q2,2026-07,,False,Kauri Point District Court,Northern,District
003063,03,Civil,2025-11-13,2026-02-26,Disposed,105.0,False,,105.0,False,False,,2025-11,2025Q4,2026-02,,False,Harbourview High Court,Northern,High
003064,10,Civil,2025-01-06,2025-05-23,Disposed,137.0,False,,137.0,False,False,,2025-01,2025Q1,2025-05,,False,Fernbay District Court,Southern,District
003065,06,Civil,2024-11-22,2025-01-20,Disposed,59.0,False,,59.0,False,False,,2024-11,2024Q4,2025-01,,False,Central Plains High Court,Central,High
003066,02,Civil,2025-04-16,2025-10-02,Disposed,169.0,False,,169.0,False,False,,2025-04,2025Q2,2025-10,,False,Kauri Point District Court,Northern,District
003067,05,Family,2025-10-18,,Active,,False,,,False,True,318.0,2025-10,2025Q4,,3-12 months,False,Mistvale District Court,Central,District
003068,02,Criminal,2025-07-22,2025-09-09,Disposed,49.0,False,,49.0,False,False,,2025-07,2025Q3,2025-09,,False,Kauri Point District Court,Northern,District
003069,11,Family,2025-10-14,2026-03-26,Disposed,163.0,False,,163.0,False,False,,2025-10,2025Q4,2026-03,,False,Southern Ranges High Court,Southern,High
003070,12,Criminal,2024-09-28,,Active,,False,,,False,True,703.0,2024-09,2024Q3,,12+ months,True,Willow Creek District Court,Southern,District
003071,05,Youth,2024-11-22,2025-05-22,Disposed,181.0,False,,181.0,False,False,,2024-11,2024Q4,2025-05,,False,Mistvale District Court,Central,District
003072,01,Family,2025-04-08,2025-11-23,Disposed,229.0,False,,229.0,False,False,,2025-04,2025Q2,2025-11,,False,Northbridge District Court,Northern,District
003073,02,Family,2025-05-21,2026-02-10,Disposed,265.0,False,,265.0,False,False,,2025-05,2025Q2,2026-02,,False,Kauri Point District Court,Northern,District
003074,03,Family,2026-03-03,2026-05-11,Disposed,69.0,False,,69.0,False,False,,2026-03,2026Q1,2026-05,,False,Harbourview High Court,Northern,High
003075,03,Criminal,2025-12-18,,Active,,False,,,False,True,257.0,2025-12,2025Q4,,3-12 months,False,Harbourview High Court,Northern,High
003076,06,Criminal,2026-02-24,,Active,,False,,,False,True,189.0,2026-02,2026Q1,,3-12 months,False,Central Plains High Court,Central,High
003077,05,Civil,2026-05-30,,Active,,False,,,False,True,94.0,2026-05,2026Q2,,3-12 months,False,Mistvale District Court,Central,District
003078,10,Family,2024-10-30,2025-04-03,Disposed,155.0,False,,155.0,False,False,,2024-10,2024Q4,2025-04,,False,Fernbay District Court,Southern,District
003079,05,Criminal,2026-01-02,,Active,,False,,,False,True,242.0,2026-01,2026Q1,,3-12 months,False,Mistvale District Court,Central,District
003080,02,Family,2025-12-28,2026-03-18,Disposed,80.0,False,,80.0,False,False,,2025-12,2025Q4,2026-03,,False,Kauri Point District Court,Northern,District
003081,03,Family,2024-07-18,2025-01-14,Disposed,180.0,False,,180.0,False,False,,2024-07,2024Q3,2025-01,,False,Harbourview High Court,Northern,High
003082,10,Family,2026-03-25,2026-06-21,Disposed,88.0,False,,88.0,False,False,,2026-03,2026Q1,2026-06,,False,Fernbay District Court,Southern,District
003083,02,Youth,2025-02-17,2025-04-04,Disposed,46.0,False,,46.0,False,False,,2025-02,2025Q1,2025-04,,False,Kauri Point District Court,Northern,District
003084,06,Family,2026-03-04,,Active,,False,,,False,True,181.0,2026-03,2026Q1,,3-12 months,False,Central Plains High Court,Central,High
003085,05,Criminal,2025-03-17,2025-07-11,Disposed,116.0,False,,116.0,False,False,,2025-03,2025Q1,2025-07,,False,Mistvale District Court,Central,District
003086,01,Youth,2025-10-27,2025-12-31,Disposed,65.0,False,,65.0,False,False,,2025-10,2025Q4,2025-12,,False,Northbridge District Court,Northern,District
003087,08,Criminal,2026-03-14,2026-08-28,Disposed,167.0,False,,167.0,False,False,,2026-03,2026Q1,2026-08,,False,Cape Lawson District Court,Eastern,District
003088,10,Family,2025-03-20,2025-11-12,Disposed,237.0,False,,237.0,False,False,,2025-03,2025Q1,2025-11,,False,Fernbay District Court,Southern,District
003089,10,Family,2025-10-16,2025-12-15,Disposed,60.0,False,,60.0,False,False,,2025-10,2025Q4,2025-12,,False,Fernbay District Court,Southern,District
003090,03,Criminal,2024-11-26,2025-03-19,Disposed,113.0,False,,113.0,False,False,,2024-11,2024Q4,2025-03,,False,Harbourview High Court,Northern,High
003091,08,Family,2025-11-28,,Active,,False,,,False,True,277.0,2025-11,2025Q4,,3-12 months,False,Cape Lawson District Court,Eastern,District
003092,06,Criminal,2024-12-30,,Active,,False,,,False,True,610.0,2024-12,2024Q4,,12+ months,True,Central Plains High Court,Central,High
003093,12,Youth,2025-12-31,2026-02-07,Disposed,38.0,False,,38.0,False,False,,2025-12,2025Q4,2026-02,,False,Willow Creek District Court,Southern,District
003094,07,Family,2024-12-02,2025-05-22,Disposed,171.0,False,,171.0,False,False,,2024-12,2024Q4,2025-05,,False,Eastfield District Court,Eastern,District
003095,09,Family,2024-07-08,2024-11-08,Disposed,123.0,False,,123.0,False,False,,2024-07,2024Q3,2024-11,,False,Southgate District Court,Southern,District
003096,05,Civil,2025-05-31,,Active,,False,,,False,True,458.0,2025-05,2025Q2,,12+ months,True,Mistvale District Court,Central,District
003097,11,Criminal,2026-06-03,,Active,,False,,,False,True,90.0,2026-06,2026Q2,,0-3 months,False,Southern Ranges High Court,Southern,High
003098,06,Youth,2025-07-30,2025-12-22,Disposed,145.0,False,,145.0,False,False,,2025-07,2025Q3,2025-12,,False,Central Plains High Court,Central,High
003099,01,Family,2024-08-15,2025-07-12,Disposed,331.0,False,,331.0,False,False,,2024-08,2024Q3,2025-07,,False,Northbridge District Court,Northern,District
003100,04,Youth,2026-04-21,2026-06-12,Disposed,52.0,False,,52.0,False,False,,2026-04,2026Q2,2026-06,,False,Riverton District Court,Central,District
003101,06,Family,2025-10-24,,Active,,False,,,False,True,312.0,2025-10,2025Q4,,3-12 months,False,Central Plains High Court,Central,High
003102,06,Youth,2025-11-14,2026-04-11,Disposed,148.0,False,,148.0,False,False,,2025-11,2025Q4,2026-04,,False,Central Plains High Court,Central,High
003103,02,Criminal,2025-03-20,2025-05-30,Disposed,71.0,False,,71.0,False,False,,2025-03,2025Q1,2025-05,,False,Kauri Point District Court,Northern,District
003104,05,Criminal,2024-08-19,2025-01-03,Disposed,137.0,False,,137.0,False,False,,2024-08,2024Q3,2025-01,,False,Mistvale District Court,Central,District
003105,11,Family,2026-01-21,,Active,,False,,,False,True,223.0,2026-01,2026Q1,,3-12 months,False,Southern Ranges High Court,Southern,High
003106,12,Criminal,2024-12-12,2025-02-20,Disposed,70.0,False,,70.0,False,False,,2024-12,2024Q4,2025-02,,False,Willow Creek District Court,Southern,District
003107,02,Criminal,2025-07-27,2026-02-22,Disposed,210.0,False,,210.0,False,False,,2025-07,2025Q3,2026-02,,False,Kauri Point District Court,Northern,District
003108,07,Family,2025-08-04,,Active,,False,,,False,True,393.0,2025-08,2025Q3,,12+ months,True,Eastfield District Court,Eastern,District
003109,06,Youth,2026-05-11,2026-07-04,Disposed,54.0,False,,54.0,False,False,,2026-05,2026Q2,2026-07,,False,Central Plains High Court,Central,High
003110,12,Civil,2025-09-16,2026-02-27,Disposed,164.0,False,,164.0,False,False,,2025-09,2025Q3,2026-02,,False,Willow Creek District Court,Southern,District
003111,12,Criminal,2024-09-17,2025-03-26,Disposed,190.0,False,,190.0,False,False,,2024-09,2024Q3,2025-03,,False,Willow Creek District Court,Southern,District
003112,09,Family,2025-07-09,2026-01-28,Disposed,,False,,203.0,False,False,,2025-07,2025Q3,2026-01,,False,Southgate District Court,Southern,District
003113,12,Youth,2025-04-05,2025-05-23,Disposed,48.0,False,,48.0,False,False,,2025-04,2025Q2,2025-05,,False,Willow Creek District Court,Southern,District
003114,12,Youth,2026-05-11,,Active,,False,,,False,True,113.0,2026-05,2026Q2,,3-12 months,False,Willow Creek District Court,Southern,District
003115,06,Criminal,2025-06-05,2025-09-10,Disposed,97.0,False,,97.0,False,False,,2025-06,2025Q2,2025-09,,False,Central Plains High Court,Central,High
003116,04,Civil,2024-10-14,2025-03-11,Disposed,148.0,False,,148.0,False,False,,2024-10,2024Q4,2025-03,,False,Riverton District Court,Central,District
003117,06,Family,2024-11-17,2025-11-09,Disposed,357.0,False,,357.0,False,False,,2024-11,2024Q4,2025-11,,False,Central Plains High Court,Central,High
003118,07,Family,2025-07-08,2025-11-21,Disposed,136.0,False,,136.0,False,False,,2025-07,2025Q3,2025-11,,False,Eastfield District Court,Eastern,District
003119,10,Family,2025-03-23,,Active,,False,,,False,True,527.0,2025-03,2025Q1,,12+ months,True,Fernbay District Court,Southern,District
003120,04,Civil,2026-04-22,,Active,,False,,,False,True,132.0,2026-04,2026Q2,,3-12 months,False,Riverton District Court,Central,District
003121,11,Family,2025-07-28,2025-12-15,Disposed,140.0,False,,140.0,False,False,,2025-07,2025Q3,2025-12,,False,Southern Ranges High Court,Southern,High
003122,02,Criminal,2026-05-27,,Active,,False,,,False,True,97.0,2026-05,2026Q2,,3-12 months,False,Kauri Point District Court,Northern,District
003123,07,Family,2025-04-09,2025-12-09,Disposed,,False,,244.0,False,False,,2025-04,2025Q2,2025-12,,False,Eastfield District Court,Eastern,District
003124,09,Youth,2024-07-22,2024-08-10,Disposed,19.0,False,,19.0,False,False,,2024-07,2024Q3,2024-08,,False,Southgate District Court,Southern,District
003125,08,Civil,2026-02-05,2026-08-13,Disposed,189.0,False,,189.0,False,False,,2026-02,2026Q1,2026-08,,False,Cape Lawson District Court,Eastern,District
003126,08,Criminal,2025-11-29,2026-07-20,Disposed,233.0,False,,233.0,False,False,,2025-11,2025Q4,2026-07,,False,Cape Lawson District Court,Eastern,District
003127,08,Youth,2025-09-02,2026-08-16,Disposed,348.0,False,,348.0,False,False,,2025-09,2025Q3,2026-08,,False,Cape Lawson District Court,Eastern,District
003128,03,Family,2024-10-26,2025-03-13,Disposed,138.0,False,,138.0,False,False,,2024-10,2024Q4,2025-03,,False,Harbourview High Court,Northern,High
003129,01,Civil,2026-01-15,2026-05-08,Disposed,113.0,False,,113.0,False,False,,2026-01,2026Q1,2026-05,,False,Northbridge District Court,Northern,District
003130,05,Family,2024-11-07,2025-07-25,Disposed,260.0,False,,260.0,False,False,,2024-11,2024Q4,2025-07,,False,Mistvale District Court,Central,District
003131,02,Family,2026-04-05,,Active,,False,,,False,True,149.0,2026-04,2026Q2,,3-12 months,False,Kauri Point District Court,Northern,District
003132,02,Civil,2025-07-19,2025-10-12,Disposed,85.0,False,,85.0,False,False,,2025-07,2025Q3,2025-10,,False,Kauri Point District Court,Northern,District
003133,11,Family,2025-12-06,2026-04-29,Disposed,144.0,False,,144.0,False,False,,2025-12,2025Q4,2026-04,,False,Southern Ranges High Court,Southern,High
003134,07,Civil,2025-01-06,2025-04-06,Disposed,90.0,False,,90.0,False,False,,2025-01,2025Q1,2025-04,,False,Eastfield District Court,Eastern,District
003135,01,Family,2024-10-30,2024-12-21,Disposed,52.0,False,,52.0,False,False,,2024-10,2024Q4,2024-12,,False,Northbridge District Court,Northern,District
003136,04,Criminal,2026-04-25,2026-06-11,Disposed,47.0,False,,47.0,False,False,,2026-04,2026Q2,2026-06,,False,Riverton District Court,Central,District
003137,07,Civil,2025-10-20,2026-02-16,Disposed,119.0,False,,119.0,False,False,,2025-10,2025Q4,2026-02,,False,Eastfield District Court,Eastern,District
003138,09,Family,2025-03-20,2025-05-14,Disposed,55.0,False,,55.0,False,False,,2025-03,2025Q1,2025-05,,False,Southgate District Court,Southern,District
003139,11,Civil,2024-11-18,2025-04-17,Disposed,150.0,False,,150.0,False,False,,2024-11,2024Q4,2025-04,,False,Southern Ranges High Court,Southern,High
003140,01,Criminal,2024-11-20,2025-03-22,Disposed,122.0,False,,122.0,False,False,,2024-11,2024Q4,2025-03,,False,Northbridge District Court,Northern,District
003141,07,Civil,2024-11-22,2025-02-21,Disposed,91.0,False,,91.0,False,False,,2024-11,2024Q4,2025-02,,False,Eastfield District Court,Eastern,District
003142,09,Criminal,2024-11-03,2025-03-30,Disposed,147.0,False,,147.0,False,False,,2024-11,2024Q4,2025-03,,False,Southgate District Court,Southern,District
003143,09,Criminal,2025-10-09,2026-02-18,Disposed,132.0,False,,132.0,False,False,,2025-10,2025Q4,2026-02,,False,Southgate District Court,Southern,District
003144,02,Civil,2025-07-15,2026-02-23,Disposed,223.0,False,,223.0,False,False,,2025-07,2025Q3,2026-02,,False,Kauri Point District Court,Northern,District
003145,10,Family,2025-02-03,2025-07-08,Disposed,155.0,False,,155.0,False,False,,2025-02,2025Q1,2025-07,,False,Fernbay District Court,Southern,District
003146,11,Criminal,2026-06-28,,Active,,False,,,False,True,65.0,2026-06,2026Q2,,0-3 months,False,Southern Ranges High Court,Southern,High
003147,01,Family,2026-02-21,2026-04-26,Disposed,64.0,False,,64.0,False,False,,2026-02,2026Q1,2026-04,,False,Northbridge District Court,Northern,District
003148,01,Youth,2024-12-29,,Active,,False,,,False,True,611.0,2024-12,2024Q4,,12+ months,True,Northbridge District Court,Northern,District
003149,05,Civil,2025-11-20,2026-07-19,Disposed,241.0,False,,241.0,False,False,,2025-11,2025Q4,2026-07,,False,Mistvale District Court,Central,District
003150,10,Family,2026-02-28,2026-06-29,Disposed,121.0,False,,121.0,False,False,,2026-02,2026Q1,2026-06,,False,Fernbay District Court,Southern,District
003151,01,Criminal,2024-11-02,,Active,,False,,,False,True,668.0,2024-11,2024Q4,,12+ months,True,Northbridge District Court,Northern,District
003152,07,Family,2024-08-08,2024-11-30,Disposed,114.0,False,,114.0,False,False,,2024-08,2024Q3,2024-11,,False,Eastfield District Court,Eastern,District
003153,04,Criminal,2026-05-27,,Active,,False,,,False,True,97.0,2026-05,2026Q2,,3-12 months,False,Riverton District Court,Central,District
003154,11,Civil,2026-01-25,2026-03-19,Disposed,53.0,False,,53.0,False,False,,2026-01,2026Q1,2026-03,,False,Southern Ranges High Court,Southern,High
003155,10,Criminal,2025-08-07,2025-10-02,Disposed,56.0,False,,56.0,False,False,,2025-08,2025Q3,2025-10,,False,Fernbay District Court,Southern,District
003156,01,Criminal,2025-02-23,2025-05-15,Disposed,81.0,False,,81.0,False,False,,2025-02,2025Q1,2025-05,,False,Northbridge District Court,Northern,District
003157,12,Youth,2025-04-11,2025-08-06,Disposed,117.0,False,,117.0,False,False,,2025-04,2025Q2,2025-08,,False,Willow Creek District Court,Southern,District
003158,04,Criminal,2025-01-01,2025-08-16,Disposed,227.0,False,,227.0,False,False,,2025-01,2025Q1,2025-08,,False,Riverton District Court,Central,District
003159,05,Criminal,2025-06-06,2026-04-09,Disposed,307.0,False,,307.0,False,False,,2025-06,2025Q2,2026-04,,False,Mistvale District Court,Central,District
003160,10,Criminal,2025-04-09,2025-07-29,Disposed,111.0,False,,111.0,False,False,,2025-04,2025Q2,2025-07,,False,Fernbay District Court,Southern,District
003161,09,Youth,2025-11-11,2026-04-08,Disposed,148.0,False,,148.0,False,False,,2025-11,2025Q4,2026-04,,False,Southgate District Court,Southern,District
003162,07,Youth,2024-11-30,2025-04-19,Disposed,140.0,False,,140.0,False,False,,2024-11,2024Q4,2025-04,,False,Eastfield District Court,Eastern,District
003163,08,Family,2024-08-20,,Active,,False,,,False,True,742.0,2024-08,2024Q3,,12+ months,True,Cape Lawson District Court,Eastern,District
003164,11,Civil,2026-02-08,2026-06-20,Disposed,132.0,False,,132.0,False,False,,2026-02,2026Q1,2026-06,,False,Southern Ranges High Court,Southern,High
003165,10,Criminal,2024-07-06,2025-04-08,Disposed,276.0,False,,276.0,False,False,,2024-07,2024Q3,2025-04,,False,Fernbay District Court,Southern,District
003166,07,Criminal,2025-10-02,2025-11-30,Disposed,59.0,False,,59.0,False,False,,2025-10,2025Q4,2025-11,,False,Eastfield District Court,Eastern,District
003167,01,Youth,2025-03-23,2025-05-19,Disposed,57.0,False,,57.0,False,False,,2025-03,2025Q1,2025-05,,False,Northbridge District Court,Northern,District
003168,08,Criminal,2025-11-26,2026-03-03,Disposed,97.0,False,,97.0,False,False,,2025-11,2025Q4,2026-03,,False,Cape Lawson District Court,Eastern,District
003169,01,Civil,2025-04-19,2026-01-20,Disposed,276.0,False,,276.0,False,False,,2025-04,2025Q2,2026-01,,False,Northbridge District Court,Northern,District
003170,04,Civil,2025-09-11,2025-12-22,Disposed,102.0,False,,102.0,False,False,,2025-09,2025Q3,2025-12,,False,Riverton District Court,Central,District
003171,10,Civil,2026-06-28,,Active,,False,,,False,True,65.0,2026-06,2026Q2,,0-3 months,False,Fernbay District Court,Southern,District
003172,10,Criminal,2024-07-20,2024-12-21,Disposed,154.0,False,,154.0,False,False,,2024-07,2024Q3,2024-12,,False,Fernbay District Court,Southern,District
003173,03,Youth,2025-09-17,2025-11-09,Disposed,53.0,False,,53.0,False,False,,2025-09,2025Q3,2025-11,,False,Harbourview High Court,Northern,High
003174,01,Criminal,2025-10-17,2025-11-08,Disposed,22.0,False,,22.0,False,False,,2025-10,2025Q4,2025-11,,False,Northbridge District Court,Northern,District
003175,06,Criminal,2024-07-08,2024-10-01,Disposed,85.0,False,,85.0,False,False,,2024-07,2024Q3,2024-10,,False,Central Plains High Court,Central,High
003176,11,Youth,2025-10-14,2025-12-12,Disposed,59.0,False,,59.0,False,False,,2025-10,2025Q4,2025-12,,False,Southern Ranges High Court,Southern,High
003177,07,Family,2025-10-28,2026-07-05,Disposed,250.0,False,,250.0,False,False,,2025-10,2025Q4,2026-07,,False,Eastfield District Court,Eastern,District
003178,05,Youth,2024-10-19,2024-12-07,Disposed,49.0,False,,49.0,False,False,,2024-10,2024Q4,2024-12,,False,Mistvale District Court,Central,District
003179,12,Criminal,2025-07-26,2025-09-26,Disposed,62.0,False,,62.0,False,False,,2025-07,2025Q3,2025-09,,False,Willow Creek District Court,Southern,District
003180,04,Criminal,2024-10-08,2024-12-14,Disposed,67.0,False,,67.0,False,False,,2024-10,2024Q4,2024-12,,False,Riverton District Court,Central,District
003181,04,Criminal,2025-10-04,2026-03-25,Disposed,172.0,False,,172.0,False,False,,2025-10,2025Q4,2026-03,,False,Riverton District Court,Central,District
003182,09,Family,2025-10-19,2026-05-21,Disposed,214.0,False,,214.0,False,False,,2025-10,2025Q4,2026-05,,False,Southgate District Court,Southern,District
003183,12,Youth,2025-10-05,2025-11-08,Disposed,34.0,False,,34.0,False,False,,2025-10,2025Q4,2025-11,,False,Willow Creek District Court,Southern,District
003184,07,Criminal,2026-06-03,,Active,,False,,,False,True,90.0,2026-06,2026Q2,,0-3 months,False,Eastfield District Court,Eastern,District
003185,02,Family,2025-07-18,2026-01-05,Disposed,171.0,False,,171.0,False,False,,2025-07,2025Q3,2026-01,,False,Kauri Point District Court,Northern,District
003186,09,Criminal,2026-02-28,2026-06-25,Disposed,117.0,False,,117.0,False,False,,2026-02,2026Q1,2026-06,,False,Southgate District Court,Southern,District
003187,03,Criminal,2025-06-25,2025-12-04,Disposed,162.0,False,,162.0,False,False,,2025-06,2025Q2,2025-12,,False,Harbourview High Court,Northern,High
003188,10,Family,2025-11-17,2026-04-11,Disposed,145.0,False,,145.0,False,False,,2025-11,2025Q4,2026-04,,False,Fernbay District Court,Southern,District
003189,06,Civil,2025-05-27,2026-04-24,Disposed,332.0,False,,332.0,False,False,,2025-05,2025Q2,2026-04,,False,Central Plains High Court,Central,High
003190,09,Civil,2024-07-05,,Active,,False,,,False,True,788.0,2024-07,2024Q3,,12+ months,True,Southgate District Court,Southern,District
003191,07,Family,2025-12-27,,Active,,False,,,False,True,248.0,2025-12,2025Q4,,3-12 months,False,Eastfield District Court,Eastern,District
003192,01,Criminal,2025-06-07,2025-09-12,Disposed,97.0,False,,97.0,False,False,,2025-06,2025Q2,2025-09,,False,Northbridge District Court,Northern,District
003193,06,Criminal,2024-09-23,2025-06-06,Disposed,256.0,False,,256.0,False,False,,2024-09,2024Q3,2025-06,,False,Central Plains High Court,Central,High
003194,07,Criminal,2025-11-02,2026-01-27,Disposed,86.0,False,,86.0,False,False,,2025-11,2025Q4,2026-01,,False,Eastfield District Court,Eastern,District
003195,06,Family,2026-02-12,,Active,,False,,,False,True,201.0,2026-02,2026Q1,,3-12 months,False,Central Plains High Court,Central,High
003196,04,Family,2025-02-25,2025-06-21,Disposed,116.0,False,,116.0,False,False,,2025-02,2025Q1,2025-06,,False,Riverton District Court,Central,District
003197,03,Family,2026-03-17,2026-08-30,Disposed,166.0,False,,166.0,False,False,,2026-03,2026Q1,2026-08,,False,Harbourview High Court,Northern,High
003198,09,Youth,2025-01-28,2025-04-09,Disposed,71.0,False,,71.0,False,False,,2025-01,2025Q1,2025-04,,False,Southgate District Court,Southern,District
003199,06,Civil,2026-06-01,,Active,,False,,,False,True,92.0,2026-06,2026Q2,,3-12 months,False,Central Plains High Court,Central,High
003200,11,Family,2024-09-15,2025-02-08,Disposed,146.0,False,,146.0,False,False,,2024-09,2024Q3,2025-02,,False,Southern Ranges High Court,Southern,High
003201,09,Civil,2025-04-21,2025-09-21,Disposed,153.0,False,,153.0,False,False,,2025-04,2025Q2,2025-09,,False,Southgate District Court,Southern,District
003202,07,Youth,2026-01-06,2026-01-22,Disposed,16.0,False,,16.0,False,False,,2026-01,2026Q1,2026-01,,False,Eastfield District Court,Eastern,District
003203,01,Family,2025-07-07,2026-04-30,Disposed,297.0,False,,297.0,False,False,,2025-07,2025Q3,2026-04,,False,Northbridge District Court,Northern,District
003204,06,Youth,2024-10-25,2025-01-19,Disposed,86.0,False,,86.0,False,False,,2024-10,2024Q4,2025-01,,False,Central Plains High Court,Central,High
003205,05,Civil,2025-08-15,,Active,,False,,,False,True,382.0,2025-08,2025Q3,,12+ months,True,Mistvale District Court,Central,District
003206,02,Criminal,2025-07-20,2025-10-14,Disposed,86.0,False,,86.0,False,False,,2025-07,2025Q3,2025-10,,False,Kauri Point District Court,Northern,District
003207,03,Youth,2024-11-09,2025-10-03,Disposed,328.0,False,,328.0,False,False,,2024-11,2024Q4,2025-10,,False,Harbourview High Court,Northern,High
003208,12,Family,2024-10-02,2025-03-10,Disposed,159.0,False,,159.0,False,False,,2024-10,2024Q4,2025-03,,False,Willow Creek District Court,Southern,District
003209,01,Civil,2025-08-30,2026-05-17,Disposed,260.0,False,,260.0,False,False,,2025-08,2025Q3,2026-05,,False,Northbridge District Court,Northern,District
003210,06,Family,2026-02-09,2026-04-13,Disposed,63.0,False,,63.0,False,False,,2026-02,2026Q1,2026-04,,False,Central Plains High Court,Central,High
003211,13,Family,2025-04-27,2025-12-24,Disposed,241.0,True,court_id not in lookup,241.0,False,False,,2025-04,2025Q2,2025-12,,False,,,
003212,11,Criminal,2025-01-11,2025-08-25,Disposed,226.0,False,,226.0,False,False,,2025-01,2025Q1,2025-08,,False,Southern Ranges High Court,Southern,High
003213,11,Family,2025-05-16,2025-10-03,Disposed,140.0,False,,140.0,False,False,,2025-05,2025Q2,2025-10,,False,Southern Ranges High Court,Southern,High
003214,07,Youth,2025-10-15,2026-03-12,Disposed,148.0,False,,148.0,False,False,,2025-10,2025Q4,2026-03,,False,Eastfield District Court,Eastern,District
003215,05,Criminal,2025-04-04,2025-07-20,Disposed,107.0,False,,107.0,False,False,,2025-04,2025Q2,2025-07,,False,Mistvale District Court,Central,District
003216,03,Civil,2025-06-01,2025-07-28,Disposed,57.0,False,,57.0,False,False,,2025-06,2025Q2,2025-07,,False,Harbourview High Court,Northern,High
003217,11,Civil,2024-09-11,2025-03-18,Disposed,188.0,False,,188.0,False,False,,2024-09,2024Q3,2025-03,,False,Southern Ranges High Court,Southern,High
003218,01,Civil,2025-04-10,2025-08-17,Disposed,129.0,False,,129.0,False,False,,2025-04,2025Q2,2025-08,,False,Northbridge District Court,Northern,District
003219,02,Youth,2026-06-26,,Active,,False,,,False,True,67.0,2026-06,2026Q2,,0-3 months,False,Kauri Point District Court,Northern,District
003220,07,Family,2024-12-10,2025-03-23,Disposed,148.0,False,,103.0,True,False,,2024-12,2024Q4,2025-03,,False,Eastfield District Court,Eastern,District
003221,06,Criminal,2025-07-18,2025-08-22,Disposed,35.0,False,,35.0,False,False,,2025-07,2025Q3,2025-08,,False,Central Plains High Court,Central,High
003222,06,Family,2026-01-16,2026-04-19,Disposed,93.0,False,,93.0,False,False,,2026-01,2026Q1,2026-04,,False,Central Plains High Court,Central,High
003223,02,Civil,2024-11-21,2025-08-05,Disposed,257.0,False,,257.0,False,False,,2024-11,2024Q4,2025-08,,False,Kauri Point District Court,Northern,District
003224,03,Criminal,2025-12-05,2026-02-12,Disposed,69.0,False,,69.0,False,False,,2025-12,2025Q4,2026-02,,False,Harbourview High Court,Northern,High
003225,12,Criminal,2025-11-26,2026-02-09,Disposed,75.0,False,,75.0,False,False,,2025-11,2025Q4,2026-02,,False,Willow Creek District Court,Southern,District
003226,09,Civil,2025-01-07,2025-07-13,Disposed,187.0,False,,187.0,False,False,,2025-01,2025Q1,2025-07,,False,Southgate District Court,Southern,District
003227,02,Civil,2025-07-25,2025-11-02,Disposed,100.0,False,,100.0,False,False,,2025-07,2025Q3,2025-11,,False,Kauri Point District Court,Northern,District
003228,01,Criminal,2025-04-04,2025-07-02,Disposed,89.0,False,,89.0,False,False,,2025-04,2025Q2,2025-07,,False,Northbridge District Court,Northern,District
003229,02,Criminal,2025-08-26,2025-10-27,Disposed,62.0,False,,62.0,False,False,,2025-08,2025Q3,2025-10,,False,Kauri Point District Court,Northern,District
003230,09,Civil,2025-11-17,2026-08-16,Disposed,272.0,False,,272.0,False,False,,2025-11,2025Q4,2026-08,,False,Southgate District Court,Southern,District
003231,02,Criminal,2026-05-21,2026-08-25,Disposed,96.0,False,,96.0,False,False,,2026-05,2026Q2,2026-08,,False,Kauri Point District Court,Northern,District
003232,09,Family,2025-12-27,2026-05-20,Disposed,144.0,False,,144.0,False,False,,2025-12,2025Q4,2026-05,,False,Southgate District Court,Southern,District
003233,02,Civil,2026-11-09,,Active,,True,filed in the future,,False,True,-69.0,2026-11,2026Q4,,,False,Kauri Point District Court,Northern,District
003234,08,Youth,2026-03-29,,Active,,False,,,False,True,156.0,2026-03,2026Q1,,3-12 months,False,Cape Lawson District Court,Eastern,District
003235,10,Criminal,2026-03-13,2026-03-27,Disposed,14.0,False,,14.0,False,False,,2026-03,2026Q1,2026-03,,False,Fernbay District Court,Southern,District
003236,04,Family,2026-04-04,,Active,,False,,,False,True,150.0,2026-04,2026Q2,,3-12 months,False,Riverton District Court,Central,District
003237,01,Criminal,2025-10-17,2026-06-30,Disposed,256.0,False,,256.0,False,False,,2025-10,2025Q4,2026-06,,False,Northbridge District Court,Northern,District
003238,12,Family,2026-04-19,,Active,,False,,,False,True,135.0,2026-04,2026Q2,,3-12 months,False,Willow Creek District Court,Southern,District
003239,02,Family,2024-07-29,2025-02-19,Disposed,205.0,False,,205.0,False,False,,2024-07,2024Q3,2025-02,,False,Kauri Point District Court,Northern,District
003240,08,Family,2026-01-11,,Active,,False,,,False,True,233.0,2026-01,2026Q1,,3-12 months,False,Cape Lawson District Court,Eastern,District
003241,03,Criminal,2025-03-22,2025-08-21,Disposed,152.0,False,,152.0,False,False,,2025-03,2025Q1,2025-08,,False,Harbourview High Court,Northern,High
003242,03,Civil,2025-03-17,2025-11-12,Disposed,240.0,False,,240.0,False,False,,2025-03,2025Q1,2025-11,,False,Harbourview High Court,Northern,High
003243,07,Criminal,2024-08-18,2025-05-04,Disposed,259.0,False,,259.0,False,False,,2024-08,2024Q3,2025-05,,False,Eastfield District Court,Eastern,District
003244,03,Criminal,2026-06-19,,Active,,False,,,False,True,74.0,2026-06,2026Q2,,0-3 months,False,Harbourview High Court,Northern,High
003245,12,Civil,2025-08-13,2026-02-05,Disposed,176.0,False,,176.0,False,False,,2025-08,2025Q3,2026-02,,False,Willow Creek District Court,Southern,District
003246,03,Civil,2025-06-18,2025-10-05,Disposed,109.0,False,,109.0,False,False,,2025-06,2025Q2,2025-10,,False,Harbourview High Court,Northern,High
003247,09,Civil,2024-12-04,2025-09-03,Disposed,273.0,False,,273.0,False,False,,2024-12,2024Q4,2025-09,,False,Southgate District Court,Southern,District
003248,05,Civil,2025-10-31,2026-03-04,Disposed,124.0,False,,124.0,False,False,,2025-10,2025Q4,2026-03,,False,Mistvale District Court,Central,District
003249,01,Criminal,2025-02-05,2025-05-09,Disposed,93.0,False,,93.0,False,False,,2025-02,2025Q1,2025-05,,False,Northbridge District Court,Northern,District
003250,02,Family,2024-09-20,2025-09-21,Disposed,366.0,False,,366.0,False,False,,2024-09,2024Q3,2025-09,,False,Kauri Point District Court,Northern,District
003251,06,Criminal,2025-04-02,2025-10-05,Disposed,186.0,False,,186.0,False,False,,2025-04,2025Q2,2025-10,,False,Central Plains High Court,Central,High
003252,01,Criminal,2024-10-29,2025-07-16,Disposed,260.0,False,,260.0,False,False,,2024-10,2024Q4,2025-07,,False,Northbridge District Court,Northern,District
003253,05,Family,2025-06-27,,Active,,False,,,False,True,431.0,2025-06,2025Q2,,12+ months,True,Mistvale District Court,Central,District
003254,12,Criminal,2025-11-07,,Active,,False,,,False,True,298.0,2025-11,2025Q4,,3-12 months,False,Willow Creek District Court,Southern,District
003255,05,Family,2024-10-11,,Active,,False,,,False,True,690.0,2024-10,2024Q4,,12+ months,True,Mistvale District Court,Central,District
003256,08,Civil,2025-08-12,2026-05-09,Disposed,270.0,False,,270.0,False,False,,2025-08,2025Q3,2026-05,,False,Cape Lawson District Court,Eastern,District
003257,01,Family,2025-02-04,2025-09-18,Disposed,226.0,False,,226.0,False,False,,2025-02,2025Q1,2025-09,,False,Northbridge District Court,Northern,District
003258,06,Criminal,2025-12-28,,Active,,False,,,False,True,247.0,2025-12,2025Q4,,3-12 months,False,Central Plains High Court,Central,High
003259,04,Civil,2026-05-04,,Active,,False,,,False,True,120.0,2026-05,2026Q2,,3-12 months,False,Riverton District Court,Central,District
003260,09,Civil,2024-10-27,2025-10-04,Disposed,342.0,False,,342.0,False,False,,2024-10,2024Q4,2025-10,,False,Southgate District Court,Southern,District
003261,02,Civil,2025-04-02,2025-04-21,Disposed,19.0,False,,19.0,False,False,,2025-04,2025Q2,2025-04,,False,Kauri Point District Court,Northern,District
003262,05,Civil,2026-06-23,,Active,,False,,,False,True,70.0,2026-06,2026Q2,,0-3 months,False,Mistvale District Court,Central,District
003263,06,Criminal,2026-06-20,,Active,,False,,,False,True,73.0,2026-06,2026Q2,,0-3 months,False,Central Plains High Court,Central,High
003264,10,Criminal,2024-07-07,2024-12-09,Disposed,155.0,False,,155.0,False,False,,2024-07,2024Q3,2024-12,,False,Fernbay District Court,Southern,District
003265,04,Civil,2024-07-27,2025-05-05,Disposed,282.0,False,,282.0,False,False,,2024-07,2024Q3,2025-05,,False,Riverton District Court,Central,District
003266,08,Criminal,2025-11-06,2026-01-05,Disposed,60.0,False,,60.0,False,False,,2025-11,2025Q4,2026-01,,False,Cape Lawson District Court,Eastern,District
003267,11,Criminal,2024-07-17,2024-12-17,Disposed,153.0,False,,153.0,False,False,,2024-07,2024Q3,2024-12,,False,Southern Ranges High Court,Southern,High
003268,11,Criminal,2024-10-04,2025-01-25,Disposed,113.0,False,,113.0,False,False,,2024-10,2024Q4,2025-01,,False,Southern Ranges High Court,Southern,High
003269,04,Family,2024-11-11,2025-05-17,Disposed,187.0,False,,187.0,False,False,,2024-11,2024Q4,2025-05,,False,Riverton District Court,Central,District
003270,12,Family,2026-04-29,,Active,,False,,,False,True,125.0,2026-04,2026Q2,,3-12 months,False,Willow Creek District Court,Southern,District
003271,02,Youth,2025-03-14,2025-06-30,Disposed,108.0,False,,108.0,False,False,,2025-03,2025Q1,2025-06,,False,Kauri Point District Court,Northern,District
003272,04,Youth,2024-07-18,2025-01-01,Disposed,167.0,False,,167.0,False,False,,2024-07,2024Q3,2025-01,,False,Riverton District Court,Central,District
003273,09,Family,2025-08-10,2025-10-24,Disposed,75.0,False,,75.0,False,False,,2025-08,2025Q3,2025-10,,False,Southgate District Court,Southern,District
003274,11,Youth,2025-11-10,2026-04-05,Disposed,146.0,False,,146.0,False,False,,2025-11,2025Q4,2026-04,,False,Southern Ranges High Court,Southern,High
003275,10,Criminal,2026-03-25,,Active,,False,,,False,True,160.0,2026-03,2026Q1,,3-12 months,False,Fernbay District Court,Southern,District
003276,11,Criminal,2026-03-03,2026-05-21,Disposed,79.0,False,,79.0,False,False,,2026-03,2026Q1,2026-05,,False,Southern Ranges High Court,Southern,High
003277,08,Criminal,2024-09-05,2024-12-15,Disposed,101.0,False,,101.0,False,False,,2024-09,2024Q3,2024-12,,False,Cape Lawson District Court,Eastern,District
003278,11,Criminal,2026-02-11,2026-06-15,Disposed,124.0,False,,124.0,False,False,,2026-02,2026Q1,2026-06,,False,Southern Ranges High Court,Southern,High
003279,03,Civil,2026-03-27,,Active,,False,,,False,True,158.0,2026-03,2026Q1,,3-12 months,False,Harbourview High Court,Northern,High
003280,09,Criminal,2025-05-30,2025-10-31,Disposed,154.0,False,,154.0,False,False,,2025-05,2025Q2,2025-10,,False,Southgate District Court,Southern,District
003281,12,Civil,2025-03-26,2025-06-01,Disposed,67.0,False,,67.0,False,False,,2025-03,2025Q1,2025-06,,False,Willow Creek District Court,Southern,District
003282,12,Civil,2025-02-15,2025-06-29,Disposed,134.0,False,,134.0,False,False,,2025-02,2025Q1,2025-06,,False,Willow Creek District Court,Southern,District
003283,04,Family,2025-07-31,2025-09-22,Disposed,53.0,False,,53.0,False,False,,2025-07,2025Q3,2025-09,,False,Riverton District Court,Central,District
003284,05,Civil,2026-06-27,,Active,,False,,,False,True,66.0,2026-06,2026Q2,,0-3 months,False,Mistvale District Court,Central,District
003285,10,Criminal,2025-06-09,2025-08-04,Disposed,56.0,False,,56.0,False,False,,2025-06,2025Q2,2025-08,,False,Fernbay District Court,Southern,District
003286,07,Family,2024-10-02,2025-02-25,Disposed,146.0,False,,146.0,False,False,,2024-10,2024Q4,2025-02,,False,Eastfield District Court,Eastern,District
003287,08,Civil,2025-03-16,2025-11-24,Disposed,253.0,False,,253.0,False,False,,2025-03,2025Q1,2025-11,,False,Cape Lawson District Court,Eastern,District
003288,10,Criminal,2025-05-05,2025-10-04,Disposed,152.0,False,,152.0,False,False,,2025-05,2025Q2,2025-10,,False,Fernbay District Court,Southern,District
003289,05,Criminal,2025-10-27,2026-02-28,Disposed,124.0,False,,124.0,False,False,,2025-10,2025Q4,2026-02,,False,Mistvale District Court,Central,District
003290,10,Criminal,2025-03-07,2025-08-24,Disposed,170.0,False,,170.0,False,False,,2025-03,2025Q1,2025-08,,False,Fernbay District Court,Southern,District
003291,06,Criminal,2024-12-31,2025-05-24,Disposed,144.0,False,,144.0,False,False,,2024-12,2024Q4,2025-05,,False,Central Plains High Court,Central,High
003292,02,Family,2024-10-05,2025-03-02,Disposed,148.0,False,,148.0,False,False,,2024-10,2024Q4,2025-03,,False,Kauri Point District Court,Northern,District
003293,06,Family,2025-11-18,2026-03-01,Disposed,103.0,False,,103.0,False,False,,2025-11,2025Q4,2026-03,,False,Central Plains High Court,Central,High
003294,03,Family,2024-07-08,2024-12-17,Disposed,162.0,False,,162.0,False,False,,2024-07,2024Q3,2024-12,,False,Harbourview High Court,Northern,High
003295,08,Civil,2025-03-19,2025-07-24,Disposed,127.0,False,,127.0,False,False,,2025-03,2025Q1,2025-07,,False,Cape Lawson District Court,Eastern,District
003296,12,Youth,2025-12-12,2026-07-08,Disposed,208.0,False,,208.0,False,False,,2025-12,2025Q4,2026-07,,False,Willow Creek District Court,Southern,District
003297,12,Civil,2025-06-14,2025-07-16,Disposed,32.0,False,,32.0,False,False,,2025-06,2025Q2,2025-07,,False,Willow Creek District Court,Southern,District
003298,12,Youth,2024-08-30,2024-10-17,Disposed,48.0,False,,48.0,False,False,,2024-08,2024Q3,2024-10,,False,Willow Creek District Court,Southern,District
003299,99,Civil,2025-06-16,2025-09-11,Disposed,87.0,True,court_id not in lookup,87.0,False,False,,2025-06,2025Q2,2025-09,,False,,,
003300,01,Criminal,2025-05-27,2025-10-25,Disposed,151.0,False,,151.0,False,False,,2025-05,2025Q2,2025-10,,False,Northbridge District Court,Northern,District
003301,02,Criminal,2024-10-11,2024-12-03,Disposed,53.0,False,,53.0,False,False,,2024-10,2024Q4,2024-12,,False,Kauri Point District Court,Northern,District
003302,12,Family,2025-08-28,2025-11-14,Disposed,78.0,False,,78.0,False,False,,2025-08,2025Q3,2025-11,,False,Willow Creek District Court,Southern,District
003303,11,Civil,2024-09-05,2024-12-23,Disposed,109.0,False,,109.0,False,False,,2024-09,2024Q3,2024-12,,False,Southern Ranges High Court,Southern,High
003304,07,Family,2024-09-19,2025-12-19,Disposed,456.0,False,,456.0,False,False,,2024-09,2024Q3,2025-12,,False,Eastfield District Court,Eastern,District
003305,06,Youth,2025-02-18,2025-04-23,Disposed,64.0,False,,64.0,False,False,,2025-02,2025Q1,2025-04,,False,Central Plains High Court,Central,High
003306,05,Civil,2025-09-29,2026-02-23,Disposed,147.0,False,,147.0,False,False,,2025-09,2025Q3,2026-02,,False,Mistvale District Court,Central,District
003307,04,Criminal,2026-06-25,,Active,,False,,,False,True,68.0,2026-06,2026Q2,,0-3 months,False,Riverton District Court,Central,District
003308,06,Youth,2026-04-22,2026-07-07,Disposed,76.0,False,,76.0,False,False,,2026-04,2026Q2,2026-07,,False,Central Plains High Court,Central,High
003309,12,Family,2025-09-07,2026-05-11,Disposed,246.0,False,,246.0,False,False,,2025-09,2025Q3,2026-05,,False,Willow Creek District Court,Southern,District
003310,02,Criminal,2024-08-08,2025-01-03,Disposed,148.0,False,,148.0,False,False,,2024-08,2024Q3,2025-01,,False,Kauri Point District Court,Northern,District
003311,04,Civil,2026-05-04,,Active,,False,,,False,True,120.0,2026-05,2026Q2,,3-12 months,False,Riverton District Court,Central,District
003312,03,Youth,2025-11-02,2026-01-30,Disposed,89.0,False,,89.0,False,False,,2025-11,2025Q4,2026-01,,False,Harbourview High Court,Northern,High
003313,06,Criminal,2025-11-25,,Active,,False,,,False,True,280.0,2025-11,2025Q4,,3-12 months,False,Central Plains High Court,Central,High
003314,05,Criminal,2025-10-21,2026-03-02,Disposed,132.0,False,,132.0,False,False,,2025-10,2025Q4,2026-03,,False,Mistvale District Court,Central,District
003315,01,Civil,2026-03-21,2026-06-03,Disposed,74.0,False,,74.0,False,False,,2026-03,2026Q1,2026-06,,False,Northbridge District Court,Northern,District
003316,07,Youth,2025-01-20,,Active,,False,,,False,True,589.0,2025-01,2025Q1,,12+ months,True,Eastfield District Court,Eastern,District
003317,11,Youth,2024-12-15,2025-04-12,Disposed,118.0,False,,118.0,False,False,,2024-12,2024Q4,2025-04,,False,Southern Ranges High Court,Southern,High
003318,03,Criminal,2026-05-07,,Active,,False,,,False,True,117.0,2026-05,2026Q2,,3-12 months,False,Harbourview High Court,Northern,High
003319,12,Youth,2026-02-17,2026-03-25,Disposed,36.0,False,,36.0,False,False,,2026-02,2026Q1,2026-03,,False,Willow Creek District Court,Southern,District
003320,07,Criminal,2026-03-04,2026-08-31,Disposed,180.0,False,,180.0,False,False,,2026-03,2026Q1,2026-08,,False,Eastfield District Court,Eastern,District
003321,09,Criminal,2025-03-23,2025-06-14,Disposed,83.0,False,,83.0,False,False,,2025-03,2025Q1,2025-06,,False,Southgate District Court,Southern,District
003322,07,Youth,2024-11-16,2025-06-17,Disposed,213.0,False,,213.0,False,False,,2024-11,2024Q4,2025-06,,False,Eastfield District Court,Eastern,District
003323,02,Family,2025-04-19,2025-07-23,Disposed,95.0,False,,95.0,False,False,,2025-04,2025Q2,2025-07,,False,Kauri Point District Court,Northern,District
003324,01,Family,2024-08-28,2024-10-28,Disposed,61.0,False,,61.0,False,False,,2024-08,2024Q3,2024-10,,False,Northbridge District Court,Northern,District
003325,08,Criminal,2025-05-16,2026-07-01,Disposed,411.0,False,,411.0,False,False,,2025-05,2025Q2,2026-07,,False,Cape Lawson District Court,Eastern,District
003326,01,Civil,2026-06-11,,Active,,False,,,False,True,82.0,2026-06,2026Q2,,0-3 months,False,Northbridge District Court,Northern,District
003327,08,Family,2025-03-21,2025-08-19,Disposed,151.0,False,,151.0,False,False,,2025-03,2025Q1,2025-08,,False,Cape Lawson District Court,Eastern,District
003328,09,Criminal,2025-05-26,2025-11-17,Disposed,175.0,False,,175.0,False,False,,2025-05,2025Q2,2025-11,,False,Southgate District Court,Southern,District
003329,06,Family,2026-01-28,,Active,,False,,,False,True,216.0,2026-01,2026Q1,,3-12 months,False,Central Plains High Court,Central,High
003330,01,Criminal,2025-07-13,2025-09-15,Disposed,64.0,False,,64.0,False,False,,2025-07,2025Q3,2025-09,,False,Northbridge District Court,Northern,District
003331,03,Civil,2025-06-12,2025-11-13,Disposed,154.0,False,,154.0,False,False,,2025-06,2025Q2,2025-11,,False,Harbourview High Court,Northern,High
003332,11,Civil,2025-02-06,2026-01-17,Disposed,345.0,False,,345.0,False,False,,2025-02,2025Q1,2026-01,,False,Southern Ranges High Court,Southern,High
003333,09,Criminal,2024-12-05,2025-06-28,Disposed,205.0,False,,205.0,False,False,,2024-12,2024Q4,2025-06,,False,Southgate District Court,Southern,District
003334,12,Youth,2025-08-08,2025-09-30,Disposed,53.0,False,,53.0,False,False,,2025-08,2025Q3,2025-09,,False,Willow Creek District Court,Southern,District
003335,10,Youth,2025-02-23,2025-06-06,Disposed,103.0,False,,103.0,False,False,,2025-02,2025Q1,2025-06,,False,Fernbay District Court,Southern,District
003336,03,Civil,2024-11-24,2025-08-05,Disposed,254.0,False,,254.0,False,False,,2024-11,2024Q4,2025-08,,False,Harbourview High Court,Northern,High
003337,05,Civil,2025-02-25,2025-04-28,Disposed,62.0,False,,62.0,False,False,,2025-02,2025Q1,2025-04,,False,Mistvale District Court,Central,District
003338,02,Civil,2026-05-02,2026-06-19,Disposed,48.0,False,,48.0,False,False,,2026-05,2026Q2,2026-06,,False,Kauri Point District Court,Northern,District
003339,07,Family,2024-07-16,2025-08-09,Disposed,,False,,389.0,False,False,,2024-07,2024Q3,2025-08,,False,Eastfield District Court,Eastern,District
003340,07,Youth,2026-02-15,2026-04-17,Disposed,61.0,False,,61.0,False,False,,2026-02,2026Q1,2026-04,,False,Eastfield District Court,Eastern,District
003341,12,Family,2025-11-29,2026-04-29,Disposed,151.0,False,,151.0,False,False,,2025-11,2025Q4,2026-04,,False,Willow Creek District Court,Southern,District
003342,08,Criminal,2025-03-13,2025-06-01,Disposed,,False,,80.0,False,False,,2025-03,2025Q1,2025-06,,False,Cape Lawson District Court,Eastern,District
003343,02,Family,2024-10-26,2025-10-12,Disposed,351.0,False,,351.0,False,False,,2024-10,2024Q4,2025-10,,False,Kauri Point District Court,Northern,District
003344,11,Civil,2026-06-26,,Active,,False,,,False,True,67.0,2026-06,2026Q2,,0-3 months,False,Southern Ranges High Court,Southern,High
003345,01,Civil,2025-03-25,2025-05-16,Disposed,52.0,False,,52.0,False,False,,2025-03,2025Q1,2025-05,,False,Northbridge District Court,Northern,District
003346,03,Criminal,2026-01-17,,Active,,False,,,False,True,227.0,2026-01,2026Q1,,3-12 months,False,Harbourview High Court,Northern,High
003347,02,Criminal,2024-07-30,2024-11-27,Disposed,120.0,False,,120.0,False,False,,2024-07,2024Q3,2024-11,,False,Kauri Point District Court,Northern,District
003348,11,Family,2026-04-26,,Active,,False,,,False,True,128.0,2026-04,2026Q2,,3-12 months,False,Southern Ranges High Court,Southern,High
003349,05,Family,2026-06-29,,Active,,False,,,False,True,64.0,2026-06,2026Q2,,0-3 months,False,Mistvale District Court,Central,District
003350,06,Criminal,2025-06-06,2025-10-17,Disposed,133.0,False,,133.0,False,False,,2025-06,2025Q2,2025-10,,False,Central Plains High Court,Central,High
003351,07,Criminal,2025-11-16,2026-03-04,Disposed,108.0,False,,108.0,False,False,,2025-11,2025Q4,2026-03,,False,Eastfield District Court,Eastern,District
003352,09,Civil,2025-08-09,2025-11-26,Disposed,109.0,False,,109.0,False,False,,2025-08,2025Q3,2025-11,,False,Southgate District Court,Southern,District
003353,06,Family,2025-02-28,2026-05-19,Disposed,445.0,False,,445.0,False,False,,2025-02,2025Q1,2026-05,,False,Central Plains High Court,Central,High
003354,11,Family,2025-07-27,,Active,,False,,,False,True,401.0,2025-07,2025Q3,,12+ months,True,Southern Ranges High Court,Southern,High
003355,02,Civil,2026-03-24,2026-07-11,Disposed,109.0,False,,109.0,False,False,,2026-03,2026Q1,2026-07,,False,Kauri Point District Court,Northern,District
003356,04,Criminal,2026-02-23,,Active,,False,,,False,True,190.0,2026-02,2026Q1,,3-12 months,False,Riverton District Court,Central,District
003357,05,Civil,2024-07-31,2025-04-01,Disposed,244.0,False,,244.0,False,False,,2024-07,2024Q3,2025-04,,False,Mistvale District Court,Central,District
003358,11,Civil,2025-02-15,2025-10-30,Disposed,257.0,False,,257.0,False,False,,2025-02,2025Q1,2025-10,,False,Southern Ranges High Court,Southern,High
003359,08,Criminal,2025-07-18,2025-11-23,Disposed,128.0,False,,128.0,False,False,,2025-07,2025Q3,2025-11,,False,Cape Lawson District Court,Eastern,District
003360,04,Youth,2025-10-02,2026-01-30,Disposed,120.0,False,,120.0,False,False,,2025-10,2025Q4,2026-01,,False,Riverton District Court,Central,District
003361,10,Family,2026-06-22,,Active,,False,,,False,True,71.0,2026-06,2026Q2,,0-3 months,False,Fernbay District Court,Southern,District
003362,08,Criminal,2025-08-28,2026-07-30,Disposed,336.0,False,,336.0,False,False,,2025-08,2025Q3,2026-07,,False,Cape Lawson District Court,Eastern,District
003363,02,Civil,2026-06-16,,Active,,False,,,False,True,77.0,2026-06,2026Q2,,0-3 months,False,Kauri Point District Court,Northern,District
003364,11,Criminal,2026-04-16,2026-08-20,Disposed,126.0,False,,126.0,False,False,,2026-04,2026Q2,2026-08,,False,Southern Ranges High Court,Southern,High
003365,04,Criminal,2025-04-02,2025-10-14,Disposed,195.0,False,,195.0,False,False,,2025-04,2025Q2,2025-10,,False,Riverton District Court,Central,District
003366,06,Youth,2025-04-04,2025-06-23,Disposed,80.0,False,,80.0,False,False,,2025-04,2025Q2,2025-06,,False,Central Plains High Court,Central,High
003367,11,Civil,2025-02-21,2025-07-31,Disposed,160.0,False,,160.0,False,False,,2025-02,2025Q1,2025-07,,False,Southern Ranges High Court,Southern,High
003368,08,Family,2024-11-18,2025-09-26,Disposed,312.0,False,,312.0,False,False,,2024-11,2024Q4,2025-09,,False,Cape Lawson District Court,Eastern,District
003369,09,Civil,2025-07-14,2026-01-20,Disposed,190.0,False,,190.0,False,False,,2025-07,2025Q3,2026-01,,False,Southgate District Court,Southern,District
003370,10,Criminal,2025-06-07,2025-09-07,Disposed,92.0,False,,92.0,False,False,,2025-06,2025Q2,2025-09,,False,Fernbay District Court,Southern,District
003371,06,Civil,2026-03-26,2026-07-10,Disposed,106.0,False,,106.0,False,False,,2026-03,2026Q1,2026-07,,False,Central Plains High Court,Central,High
003372,11,Criminal,2025-07-16,,Active,,False,,,False,True,412.0,2025-07,2025Q3,,12+ months,True,Southern Ranges High Court,Southern,High
003373,05,Civil,2025-07-17,2025-11-03,Disposed,109.0,False,,109.0,False,False,,2025-07,2025Q3,2025-11,,False,Mistvale District Court,Central,District
003374,10,Family,2025-09-20,2026-05-28,Disposed,250.0,False,,250.0,False,False,,2025-09,2025Q3,2026-05,,False,Fernbay District Court,Southern,District
003375,06,Civil,2025-11-16,2026-03-14,Disposed,118.0,False,,118.0,False,False,,2025-11,2025Q4,2026-03,,False,Central Plains High Court,Central,High
003376,04,Family,2025-09-09,,Active,,False,,,False,True,357.0,2025-09,2025Q3,,3-12 months,False,Riverton District Court,Central,District
003377,06,Civil,2024-11-24,2025-04-01,Disposed,128.0,False,,128.0,False,False,,2024-11,2024Q4,2025-04,,False,Central Plains High Court,Central,High
003378,03,Criminal,2025-09-06,2026-01-19,Disposed,135.0,False,,135.0,False,False,,2025-09,2025Q3,2026-01,,False,Harbourview High Court,Northern,High
003379,01,Civil,2025-02-20,2025-10-06,Disposed,228.0,False,,228.0,False,False,,2025-02,2025Q1,2025-10,,False,Northbridge District Court,Northern,District
003380,12,Youth,2026-04-16,2026-08-27,Disposed,133.0,False,,133.0,False,False,,2026-04,2026Q2,2026-08,,False,Willow Creek District Court,Southern,District
003381,10,Youth,2024-12-19,2025-02-07,Disposed,50.0,False,,50.0,False,False,,2024-12,2024Q4,2025-02,,False,Fernbay District Court,Southern,District
003382,05,Family,2026-03-17,,Active,,False,,,False,True,168.0,2026-03,2026Q1,,3-12 months,False,Mistvale District Court,Central,District
003383,04,Criminal,2026-02-15,2026-08-17,Disposed,183.0,False,,183.0,False,False,,2026-02,2026Q1,2026-08,,False,Riverton District Court,Central,District
003384,07,Criminal,2025-04-09,2025-10-29,Disposed,203.0,False,,203.0,False,False,,2025-04,2025Q2,2025-10,,False,Eastfield District Court,Eastern,District
003385,08,Criminal,2024-12-23,2025-06-07,Disposed,166.0,False,,166.0,False,False,,2024-12,2024Q4,2025-06,,False,Cape Lawson District Court,Eastern,District
003386,11,Civil,2024-11-21,2025-05-13,Disposed,173.0,False,,173.0,False,False,,2024-11,2024Q4,2025-05,,False,Southern Ranges High Court,Southern,High
003387,03,Family,2025-05-31,2026-04-10,Disposed,314.0,False,,314.0,False,False,,2025-05,2025Q2,2026-04,,False,Harbourview High Court,Northern,High
003388,10,Civil,2025-05-14,2025-10-17,Disposed,156.0,False,,156.0,False,False,,2025-05,2025Q2,2025-10,,False,Fernbay District Court,Southern,District
003389,10,Criminal,2024-08-26,2024-11-02,Disposed,68.0,False,,68.0,False,False,,2024-08,2024Q3,2024-11,,False,Fernbay District Court,Southern,District
003390,01,Criminal,2026-05-23,,Active,,False,,,False,True,101.0,2026-05,2026Q2,,3-12 months,False,Northbridge District Court,Northern,District
003391,08,Civil,2025-10-08,2026-08-23,Disposed,319.0,False,,319.0,False,False,,2025-10,2025Q4,2026-08,,False,Cape Lawson District Court,Eastern,District
003392,07,Civil,2024-10-06,2025-02-19,Disposed,,False,,136.0,False,False,,2024-10,2024Q4,2025-02,,False,Eastfield District Court,Eastern,District
003393,04,Civil,2025-05-20,2025-08-14,Disposed,86.0,False,,86.0,False,False,,2025-05,2025Q2,2025-08,,False,Riverton District Court,Central,District
003394,08,Youth,2026-01-24,2026-05-06,Disposed,102.0,False,,102.0,False,False,,2026-01,2026Q1,2026-05,,False,Cape Lawson District Court,Eastern,District
003395,03,Youth,2026-05-13,2026-06-15,Disposed,33.0,False,,33.0,False,False,,2026-05,2026Q2,2026-06,,False,Harbourview High Court,Northern,High
003396,12,Family,2025-04-12,2025-11-30,Disposed,232.0,False,,232.0,False,False,,2025-04,2025Q2,2025-11,,False,Willow Creek District Court,Southern,District
003397,07,Family,2026-03-06,2026-08-13,Disposed,160.0,False,,160.0,False,False,,2026-03,2026Q1,2026-08,,False,Eastfield District Court,Eastern,District
003398,06,Family,2025-10-07,2026-06-24,Disposed,260.0,False,,260.0,False,False,,2025-10,2025Q4,2026-06,,False,Central Plains High Court,Central,High
003399,07,Criminal,2026-02-12,,Active,,False,,,False,True,201.0,2026-02,2026Q1,,3-12 months,False,Eastfield District Court,Eastern,District
003400,07,Civil,2025-05-14,2025-12-27,Disposed,227.0,False,,227.0,False,False,,2025-05,2025Q2,2025-12,,False,Eastfield District Court,Eastern,District
003401,02,Youth,2026-04-29,,Active,,False,,,False,True,125.0,2026-04,2026Q2,,3-12 months,False,Kauri Point District Court,Northern,District
003402,03,Criminal,2026-02-24,2026-05-24,Disposed,89.0,False,,89.0,False,False,,2026-02,2026Q1,2026-05,,False,Harbourview High Court,Northern,High
003403,05,Civil,2025-04-08,2025-10-20,Disposed,195.0,False,,195.0,False,False,,2025-04,2025Q2,2025-10,,False,Mistvale District Court,Central,District
003404,01,Criminal,2025-09-26,,Active,,False,,,False,True,340.0,2025-09,2025Q3,,3-12 months,False,Northbridge District Court,Northern,District
003405,03,Youth,2025-12-19,2026-03-13,Disposed,84.0,False,,84.0,False,False,,2025-12,2025Q4,2026-03,,False,Harbourview High Court,Northern,High
003406,11,Criminal,2026-06-02,,Active,,False,,,False,True,91.0,2026-06,2026Q2,,3-12 months,False,Southern Ranges High Court,Southern,High
003407,10,Civil,2025-01-24,2025-03-05,Disposed,40.0,False,,40.0,False,False,,2025-01,2025Q1,2025-03,,False,Fernbay District Court,Southern,District
003408,05,Family,2026-04-05,2026-08-29,Disposed,146.0,False,,146.0,False,False,,2026-04,2026Q2,2026-08,,False,Mistvale District Court,Central,District
003409,12,Family,2025-01-19,,Active,,False,,,False,True,590.0,2025-01,2025Q1,,12+ months,True,Willow Creek District Court,Southern,District
003410,08,Family,2025-07-01,2026-01-22,Disposed,205.0,False,,205.0,False,False,,2025-07,2025Q3,2026-01,,False,Cape Lawson District Court,Eastern,District
003411,10,Criminal,2025-09-26,2025-12-09,Disposed,74.0,False,,74.0,False,False,,2025-09,2025Q3,2025-12,,False,Fernbay District Court,Southern,District
003412,11,Family,2026-04-17,,Active,,False,,,False,True,137.0,2026-04,2026Q2,,3-12 months,False,Southern Ranges High Court,Southern,High
003413,04,Family,2025-09-09,2026-06-08,Disposed,272.0,False,,272.0,False,False,,2025-09,2025Q3,2026-06,,False,Riverton District Court,Central,District
003414,09,Civil,2025-05-10,2025-09-11,Disposed,124.0,False,,124.0,False,False,,2025-05,2025Q2,2025-09,,False,Southgate District Court,Southern,District
003415,05,Criminal,2025-09-06,,Active,,False,,,False,True,360.0,2025-09,2025Q3,,3-12 months,False,Mistvale District Court,Central,District
003416,02,Criminal,2026-03-01,2026-04-19,Disposed,49.0,False,,49.0,False,False,,2026-03,2026Q1,2026-04,,False,Kauri Point District Court,Northern,District
003417,08,Criminal,2025-04-02,2025-11-19,Disposed,231.0,False,,231.0,False,False,,2025-04,2025Q2,2025-11,,False,Cape Lawson District Court,Eastern,District
003418,01,Criminal,2024-10-13,2024-12-22,Disposed,70.0,False,,70.0,False,False,,2024-10,2024Q4,2024-12,,False,Northbridge District Court,Northern,District
003419,01,Civil,2024-07-17,2024-11-09,Disposed,115.0,False,,115.0,False,False,,2024-07,2024Q3,2024-11,,False,Northbridge District Court,Northern,District
003420,05,Criminal,2025-05-13,2026-01-09,Disposed,,False,,241.0,False,False,,2025-05,2025Q2,2026-01,,False,Mistvale District Court,Central,District
003421,04,Family,2024-09-01,2025-03-15,Disposed,195.0,False,,195.0,False,False,,2024-09,2024Q3,2025-03,,False,Riverton District Court,Central,District
003422,12,Family,2024-08-22,2025-02-15,Disposed,177.0,False,,177.0,False,False,,2024-08,2024Q3,2025-02,,False,Willow Creek District Court,Southern,District
003423,04,Civil,2026-01-16,2026-07-19,Disposed,184.0,False,,184.0,False,False,,2026-01,2026Q1,2026-07,,False,Riverton District Court,Central,District
003424,07,Family,2024-11-14,2025-05-19,Disposed,186.0,False,,186.0,False,False,,2024-11,2024Q4,2025-05,,False,Eastfield District Court,Eastern,District
003425,08,Criminal,2025-06-28,2025-11-24,Disposed,149.0,False,,149.0,False,False,,2025-06,2025Q2,2025-11,,False,Cape Lawson District Court,Eastern,District
003426,08,Youth,2025-07-21,,Active,,False,,,False,True,407.0,2025-07,2025Q3,,12+ months,True,Cape Lawson District Court,Eastern,District
003427,03,Family,2025-05-02,2026-04-16,Disposed,349.0,False,,349.0,False,False,,2025-05,2025Q2,2026-04,,False,Harbourview High Court,Northern,High
003428,03,Criminal,2025-07-22,2025-11-27,Disposed,128.0,False,,128.0,False,False,,2025-07,2025Q3,2025-11,,False,Harbourview High Court,Northern,High
003429,09,Family,2026-04-13,2026-07-06,Disposed,84.0,False,,84.0,False,False,,2026-04,2026Q2,2026-07,,False,Southgate District Court,Southern,District
003430,11,Civil,2025-02-09,2025-05-02,Disposed,82.0,False,,82.0,False,False,,2025-02,2025Q1,2025-05,,False,Southern Ranges High Court,Southern,High
003431,04,Criminal,2025-05-13,2025-10-24,Disposed,164.0,False,,164.0,False,False,,2025-05,2025Q2,2025-10,,False,Riverton District Court,Central,District
003432,12,Civil,2026-02-12,2026-07-26,Disposed,164.0,False,,164.0,False,False,,2026-02,2026Q1,2026-07,,False,Willow Creek District Court,Southern,District
003433,06,Family,2024-08-23,,Active,,False,,,False,True,739.0,2024-08,2024Q3,,12+ months,True,Central Plains High Court,Central,High
003434,01,Criminal,2025-01-13,2025-05-10,Disposed,117.0,False,,117.0,False,False,,2025-01,2025Q1,2025-05,,False,Northbridge District Court,Northern,District
003435,08,Civil,2024-10-24,2025-03-11,Disposed,138.0,False,,138.0,False,False,,2024-10,2024Q4,2025-03,,False,Cape Lawson District Court,Eastern,District
003436,12,Family,2024-11-10,2025-04-10,Disposed,151.0,False,,151.0,False,False,,2024-11,2024Q4,2025-04,,False,Willow Creek District Court,Southern,District
003437,09,Family,2024-07-14,2025-04-07,Disposed,267.0,False,,267.0,False,False,,2024-07,2024Q3,2025-04,,False,Southgate District Court,Southern,District
003438,03,Criminal,2025-05-13,2025-12-31,Disposed,232.0,False,,232.0,False,False,,2025-05,2025Q2,2025-12,,False,Harbourview High Court,Northern,High
003439,10,Civil,2024-11-18,2025-02-09,Disposed,83.0,False,,83.0,False,False,,2024-11,2024Q4,2025-02,,False,Fernbay District Court,Southern,District
003440,08,Criminal,2026-02-18,,Active,,False,,,False,True,195.0,2026-02,2026Q1,,3-12 months,False,Cape Lawson District Court,Eastern,District
003441,06,Family,2025-03-08,2025-07-28,Disposed,142.0,False,,142.0,False,False,,2025-03,2025Q1,2025-07,,False,Central Plains High Court,Central,High
003442,12,Family,2025-03-15,2026-02-14,Disposed,336.0,False,,336.0,False,False,,2025-03,2025Q1,2026-02,,False,Willow Creek District Court,Southern,District
003443,12,Criminal,2025-11-28,2026-02-16,Disposed,80.0,False,,80.0,False,False,,2025-11,2025Q4,2026-02,,False,Willow Creek District Court,Southern,District
003444,03,Criminal,2026-01-08,,Active,,False,,,False,True,236.0,2026-01,2026Q1,,3-12 months,False,Harbourview High Court,Northern,High
003445,04,Civil,2024-11-20,,Active,,False,,,False,True,650.0,2024-11,2024Q4,,12+ months,True,Riverton District Court,Central,District
003446,12,Criminal,2025-07-31,2025-12-16,Disposed,138.0,False,,138.0,False,False,,2025-07,2025Q3,2025-12,,False,Willow Creek District Court,Southern,District
003447,01,Civil,2025-09-15,2025-12-17,Disposed,93.0,False,,93.0,False,False,,2025-09,2025Q3,2025-12,,False,Northbridge District Court,Northern,District
003448,03,Youth,2025-03-26,2025-06-21,Disposed,87.0,False,,87.0,False,False,,2025-03,2025Q1,2025-06,,False,Harbourview High Court,Northern,High
003449,04,Criminal,2026-06-03,2026-08-12,Disposed,,False,,70.0,False,False,,2026-06,2026Q2,2026-08,,False,Riverton District Court,Central,District
003450,11,Family,2025-09-22,2026-03-10,Disposed,169.0,False,,169.0,False,False,,2025-09,2025Q3,2026-03,,False,Southern Ranges High Court,Southern,High
003451,03,Civil,2026-01-25,2026-05-07,Disposed,102.0,False,,102.0,False,False,,2026-01,2026Q1,2026-05,,False,Harbourview High Court,Northern,High
003452,06,Family,2025-04-24,,Active,,False,,,False,True,495.0,2025-04,2025Q2,,12+ months,True,Central Plains High Court,Central,High
003453,01,Criminal,2025-08-30,2026-01-19,Disposed,142.0,False,,142.0,False,False,,2025-08,2025Q3,2026-01,,False,Northbridge District Court,Northern,District
003454,10,Family,2025-09-20,2026-04-23,Disposed,215.0,False,,215.0,False,False,,2025-09,2025Q3,2026-04,,False,Fernbay District Court,Southern,District
003455,12,Civil,2025-02-23,2025-06-14,Disposed,111.0,False,,111.0,False,False,,2025-02,2025Q1,2025-06,,False,Willow Creek District Court,Southern,District
003456,09,Civil,2025-11-13,2026-03-01,Disposed,108.0,False,,108.0,False,False,,2025-11,2025Q4,2026-03,,False,Southgate District Court,Southern,District
003457,04,Criminal,2024-10-07,2025-01-11,Disposed,96.0,False,,96.0,False,False,,2024-10,2024Q4,2025-01,,False,Riverton District Court,Central,District
003458,03,Youth,2026-01-13,2026-03-26,Disposed,72.0,False,,72.0,False,False,,2026-01,2026Q1,2026-03,,False,Harbourview High Court,Northern,High
003459,09,Criminal,2025-11-14,2026-04-26,Disposed,163.0,False,,163.0,False,False,,2025-11,2025Q4,2026-04,,False,Southgate District Court,Southern,District
003460,09,Civil,2025-07-22,2025-08-21,Disposed,30.0,False,,30.0,False,False,,2025-07,2025Q3,2025-08,,False,Southgate District Court,Southern,District
003461,09,Criminal,2026-01-19,2026-04-25,Disposed,96.0,False,,96.0,False,False,,2026-01,2026Q1,2026-04,,False,Southgate District Court,Southern,District
003462,07,Youth,2026-05-21,2026-08-13,Disposed,84.0,False,,84.0,False,False,,2026-05,2026Q2,2026-08,,False,Eastfield District Court,Eastern,District
003463,01,Family,2025-04-17,2026-02-10,Disposed,299.0,False,,299.0,False,False,,2025-04,2025Q2,2026-02,,False,Northbridge District Court,Northern,District
003464,,Family,2025-05-13,2025-07-04,Disposed,52.0,True,court_id not in lookup,52.0,False,False,,2025-05,2025Q2,2025-07,,False,,,
003465,10,Criminal,2025-04-29,,Active,,False,,,False,True,490.0,2025-04,2025Q2,,12+ months,True,Fernbay District Court,Southern,District
003466,04,Youth,2025-03-23,2025-05-07,Disposed,45.0,False,,45.0,False,False,,2025-03,2025Q1,2025-05,,False,Riverton District Court,Central,District
003467,08,Civil,2025-08-11,,Active,,False,,,False,True,386.0,2025-08,2025Q3,,12+ months,True,Cape Lawson District Court,Eastern,District
003468,04,Criminal,2026-02-05,2026-04-27,Disposed,81.0,False,,81.0,False,False,,2026-02,2026Q1,2026-04,,False,Riverton District Court,Central,District
003469,02,Civil,2026-06-04,,Active,,False,,,False,True,89.0,2026-06,2026Q2,,0-3 months,False,Kauri Point District Court,Northern,District
003470,10,Youth,2024-10-28,2024-11-19,Disposed,22.0,False,,22.0,False,False,,2024-10,2024Q4,2024-11,,False,Fernbay District Court,Southern,District
003471,05,Youth,2025-01-01,2025-05-20,Disposed,139.0,False,,139.0,False,False,,2025-01,2025Q1,2025-05,,False,Mistvale District Court,Central,District
003472,11,Civil,2025-11-02,2026-07-28,Disposed,268.0,False,,268.0,False,False,,2025-11,2025Q4,2026-07,,False,Southern Ranges High Court,Southern,High
003473,01,Criminal,2025-04-30,2025-07-13,Disposed,74.0,False,,74.0,False,False,,2025-04,2025Q2,2025-07,,False,Northbridge District Court,Northern,District
003474,10,Criminal,2024-12-14,2025-04-17,Disposed,124.0,False,,124.0,False,False,,2024-12,2024Q4,2025-04,,False,Fernbay District Court,Southern,District
003475,07,Criminal,2026-05-16,,Active,,False,,,False,True,108.0,2026-05,2026Q2,,3-12 months,False,Eastfield District Court,Eastern,District
003476,01,Family,2025-09-02,2026-02-05,Disposed,156.0,False,,156.0,False,False,,2025-09,2025Q3,2026-02,,False,Northbridge District Court,Northern,District
003477,04,Family,2025-09-26,,Active,,False,,,False,True,340.0,2025-09,2025Q3,,3-12 months,False,Riverton District Court,Central,District
003478,01,Family,2025-11-23,2026-06-21,Disposed,,False,,210.0,False,False,,2025-11,2025Q4,2026-06,,False,Northbridge District Court,Northern,District
003479,05,Family,2025-12-16,,Active,,False,,,False,True,259.0,2025-12,2025Q4,,3-12 months,False,Mistvale District Court,Central,District
003480,10,Youth,2025-04-06,2025-07-18,Disposed,103.0,False,,103.0,False,False,,2025-04,2025Q2,2025-07,,False,Fernbay District Court,Southern,District
003481,11,Civil,2024-10-06,2025-05-22,Disposed,228.0,False,,228.0,False,False,,2024-10,2024Q4,2025-05,,False,Southern Ranges High Court,Southern,High
003482,03,Family,2025-04-12,2025-06-26,Disposed,75.0,False,,75.0,False,False,,2025-04,2025Q2,2025-06,,False,Harbourview High Court,Northern,High
003483,08,Criminal,2026-04-19,,Active,,False,,,False,True,135.0,2026-04,2026Q2,,3-12 months,False,Cape Lawson District Court,Eastern,District
003484,03,Criminal,2026-05-30,,Active,,False,,,False,True,94.0,2026-05,2026Q2,,3-12 months,False,Harbourview High Court,Northern,High
003485,06,Civil,2024-08-09,2024-12-24,Disposed,137.0,False,,137.0,False,False,,2024-08,2024Q3,2024-12,,False,Central Plains High Court,Central,High
003486,10,Youth,2025-12-21,2026-02-24,Disposed,65.0,False,,65.0,False,False,,2025-12,2025Q4,2026-02,,False,Fernbay District Court,Southern,District
003487,12,Criminal,2024-10-04,2024-11-26,Disposed,,False,,53.0,False,False,,2024-10,2024Q4,2024-11,,False,Willow Creek District Court,Southern,District
003488,12,Family,2025-06-25,2025-12-28,Disposed,186.0,False,,186.0,False,False,,2025-06,2025Q2,2025-12,,False,Willow Creek District Court,Southern,District
003489,12,Criminal,2025-06-19,2025-08-27,Disposed,69.0,False,,69.0,False,False,,2025-06,2025Q2,2025-08,,False,Willow Creek District Court,Southern,District
003490,11,Civil,2026-05-07,,Active,,False,,,False,True,117.0,2026-05,2026Q2,,3-12 months,False,Southern Ranges High Court,Southern,High
003491,05,Criminal,2025-09-15,,Active,,False,,,False,True,351.0,2025-09,2025Q3,,3-12 months,False,Mistvale District Court,Central,District
003492,06,Civil,2025-10-19,2026-05-15,Disposed,208.0,False,,208.0,False,False,,2025-10,2025Q4,2026-05,,False,Central Plains High Court,Central,High
003493,04,Youth,2026-02-26,2026-04-20,Disposed,53.0,False,,53.0,False,False,,2026-02,2026Q1,2026-04,,False,Riverton District Court,Central,District
003494,02,Criminal,2026-04-08,,Active,,False,,,False,True,146.0,2026-04,2026Q2,,3-12 months,False,Kauri Point District Court,Northern,District
003495,07,Criminal,2025-05-14,2025-11-05,Disposed,175.0,False,,175.0,False,False,,2025-05,2025Q2,2025-11,,False,Eastfield District Court,Eastern,District
003496,01,Civil,2025-08-16,2025-12-05,Disposed,111.0,False,,111.0,False,False,,2025-08,2025Q3,2025-12,,False,Northbridge District Court,Northern,District
003497,01,Family,2024-10-03,2025-04-07,Disposed,186.0,False,,186.0,False,False,,2024-10,2024Q4,2025-04,,False,Northbridge District Court,Northern,District
003498,07,Criminal,2026-05-14,,Active,,False,,,False,True,110.0,2026-05,2026Q2,,3-12 months,False,Eastfield District Court,Eastern,District
003499,03,Civil,2025-09-06,2026-05-12,Disposed,248.0,False,,248.0,False,False,,2025-09,2025Q3,2026-05,,False,Harbourview High Court,Northern,High
003500,08,Criminal,2025-10-25,,Active,,False,,,False,True,311.0,2025-10,2025Q4,,3-12 months,False,Cape Lawson District Court,Eastern,District
003501,05,Criminal,2024-07-17,2025-02-08,Disposed,206.0,False,,206.0,False,False,,2024-07,2024Q3,2025-02,,False,Mistvale District Court,Central,District
003502,05,Criminal,2024-11-23,2025-03-08,Disposed,,False,,105.0,False,False,,2024-11,2024Q4,2025-03,,False,Mistvale District Court,Central,District
003503,07,Civil,2025-10-14,2026-05-29,Disposed,227.0,False,,227.0,False,False,,2025-10,2025Q4,2026-05,,False,Eastfield District Court,Eastern,District
003504,07,Civil,2026-05-10,2026-07-04,Disposed,55.0,False,,55.0,False,False,,2026-05,2026Q2,2026-07,,False,Eastfield District Court,Eastern,District
003505,09,Criminal,2026-04-15,2026-05-31,Disposed,46.0,False,,46.0,False,False,,2026-04,2026Q2,2026-05,,False,Southgate District Court,Southern,District
003506,09,Criminal,2025-05-25,2025-09-15,Disposed,113.0,False,,113.0,False,False,,2025-05,2025Q2,2025-09,,False,Southgate District Court,Southern,District
003507,08,Criminal,2026-02-06,,Active,,False,,,False,True,207.0,2026-02,2026Q1,,3-12 months,False,Cape Lawson District Court,Eastern,District
003508,04,Civil,2025-10-10,2026-01-03,Disposed,85.0,False,,85.0,False,False,,2025-10,2025Q4,2026-01,,False,Riverton District Court,Central,District
003509,11,Civil,2024-09-15,2025-03-17,Disposed,183.0,False,,183.0,False,False,,2024-09,2024Q3,2025-03,,False,Southern Ranges High Court,Southern,High
003510,10,Family,2025-08-13,2026-02-17,Disposed,188.0,False,,188.0,False,False,,2025-08,2025Q3,2026-02,,False,Fernbay District Court,Southern,District
003511,01,Youth,2026-01-13,2026-06-20,Disposed,158.0,False,,158.0,False,False,,2026-01,2026Q1,2026-06,,False,Northbridge District Court,Northern,District
003512,08,Youth,2025-06-13,2025-11-17,Disposed,,False,,157.0,False,False,,2025-06,2025Q2,2025-11,,False,Cape Lawson District Court,Eastern,District
003513,06,Youth,2024-11-15,2025-02-24,Disposed,101.0,False,,101.0,False,False,,2024-11,2024Q4,2025-02,,False,Central Plains High Court,Central,High
003514,04,Criminal,2026-04-07,2026-06-27,Disposed,81.0,False,,81.0,False,False,,2026-04,2026Q2,2026-06,,False,Riverton District Court,Central,District
003515,02,Criminal,2025-09-14,2025-10-28,Disposed,44.0,False,,44.0,False,False,,2025-09,2025Q3,2025-10,,False,Kauri Point District Court,Northern,District
003516,09,Family,2024-08-18,2025-01-01,Disposed,136.0,False,,136.0,False,False,,2024-08,2024Q3,2025-01,,False,Southgate District Court,Southern,District
003517,11,Youth,2024-10-04,2025-01-10,Disposed,98.0,False,,98.0,False,False,,2024-10,2024Q4,2025-01,,False,Southern Ranges High Court,Southern,High
003518,03,Youth,2026-03-23,2026-05-30,Disposed,68.0,False,,68.0,False,False,,2026-03,2026Q1,2026-05,,False,Harbourview High Court,Northern,High
003519,11,Youth,2024-11-18,2025-02-27,Disposed,101.0,False,,101.0,False,False,,2024-11,2024Q4,2025-02,,False,Southern Ranges High Court,Southern,High
003520,10,Civil,2025-05-08,2025-09-03,Disposed,118.0,False,,118.0,False,False,,2025-05,2025Q2,2025-09,,False,Fernbay District Court,Southern,District
003521,09,Civil,2025-08-18,2025-12-13,Disposed,117.0,False,,117.0,False,False,,2025-08,2025Q3,2025-12,,False,Southgate District Court,Southern,District
003522,12,Family,2025-07-10,2025-10-25,Disposed,107.0,False,,107.0,False,False,,2025-07,2025Q3,2025-10,,False,Willow Creek District Court,Southern,District
003523,01,Civil,2025-11-04,2026-05-17,Disposed,194.0,False,,194.0,False,False,,2025-11,2025Q4,2026-05,,False,Northbridge District Court,Northern,District
003524,10,Civil,2025-01-22,2025-07-01,Disposed,160.0,False,,160.0,False,False,,2025-01,2025Q1,2025-07,,False,Fernbay District Court,Southern,District
003525,07,Youth,2026-04-01,2026-06-17,Disposed,77.0,False,,77.0,False,False,,2026-04,2026Q2,2026-06,,False,Eastfield District Court,Eastern,District
003526,06,Criminal,2025-04-02,2025-06-07,Disposed,66.0,False,,66.0,False,False,,2025-04,2025Q2,2025-06,,False,Central Plains High Court,Central,High
003527,06,Family,2025-11-09,,Active,,False,,,False,True,296.0,2025-11,2025Q4,,3-12 months,False,Central Plains High Court,Central,High
003528,08,Youth,2025-11-10,2026-02-23,Disposed,105.0,False,,105.0,False,False,,2025-11,2025Q4,2026-02,,False,Cape Lawson District Court,Eastern,District
003529,01,Civil,2026-02-15,2026-06-06,Disposed,,False,,111.0,False,False,,2026-02,2026Q1,2026-06,,False,Northbridge District Court,Northern,District
003530,07,Family,2026-02-05,,Active,,False,,,False,True,208.0,2026-02,2026Q1,,3-12 months,False,Eastfield District Court,Eastern,District
003531,11,Criminal,2026-05-12,,Active,,False,,,False,True,112.0,2026-05,2026Q2,,3-12 months,False,Southern Ranges High Court,Southern,High
003532,02,Criminal,2025-04-11,2025-05-04,Disposed,23.0,False,,23.0,False,False,,2025-04,2025Q2,2025-05,,False,Kauri Point District Court,Northern,District
003533,04,Family,2024-11-30,2025-06-29,Disposed,211.0,False,,211.0,False,False,,2024-11,2024Q4,2025-06,,False,Riverton District Court,Central,District
003534,07,Civil,2026-03-12,2026-08-11,Disposed,152.0,False,,152.0,False,False,,2026-03,2026Q1,2026-08,,False,Eastfield District Court,Eastern,District
003535,06,Family,2024-11-07,2025-05-17,Disposed,191.0,False,,191.0,False,False,,2024-11,2024Q4,2025-05,,False,Central Plains High Court,Central,High
003536,10,Criminal,2025-03-07,2025-09-09,Disposed,186.0,False,,186.0,False,False,,2025-03,2025Q1,2025-09,,False,Fernbay District Court,Southern,District
003537,01,Criminal,2025-02-20,2025-05-09,Disposed,78.0,False,,78.0,False,False,,2025-02,2025Q1,2025-05,,False,Northbridge District Court,Northern,District
003538,01,Criminal,2026-01-23,2026-07-10,Disposed,168.0,False,,168.0,False,False,,2026-01,2026Q1,2026-07,,False,Northbridge District Court,Northern,District
003539,04,Family,2026-04-01,,Active,,False,,,False,True,153.0,2026-04,2026Q2,,3-12 months,False,Riverton District Court,Central,District
003540,11,Criminal,2024-11-05,2025-08-09,Disposed,277.0,False,,277.0,False,False,,2024-11,2024Q4,2025-08,,False,Southern Ranges High Court,Southern,High
003541,12,Family,2025-05-21,2026-03-16,Disposed,299.0,False,,299.0,False,False,,2025-05,2025Q2,2026-03,,False,Willow Creek District Court,Southern,District
003542,12,Criminal,2025-03-14,2025-05-25,Disposed,72.0,False,,72.0,False,False,,2025-03,2025Q1,2025-05,,False,Willow Creek District Court,Southern,District
003543,02,Criminal,2025-10-12,2025-11-30,Disposed,49.0,False,,49.0,False,False,,2025-10,2025Q4,2025-11,,False,Kauri Point District Court,Northern,District
003544,05,Youth,2025-11-18,2026-07-23,Disposed,247.0,False,,247.0,False,False,,2025-11,2025Q4,2026-07,,False,Mistvale District Court,Central,District
003545,10,Civil,2024-07-24,2025-03-29,Disposed,248.0,False,,248.0,False,False,,2024-07,2024Q3,2025-03,,False,Fernbay District Court,Southern,District
003546,04,Criminal,2025-01-14,2025-02-20,Disposed,37.0,False,,37.0,False,False,,2025-01,2025Q1,2025-02,,False,Riverton District Court,Central,District
003547,12,Criminal,2025-09-16,2025-11-21,Disposed,66.0,False,,66.0,False,False,,2025-09,2025Q3,2025-11,,False,Willow Creek District Court,Southern,District
003548,01,Family,2025-12-10,2026-06-28,Disposed,200.0,False,,200.0,False,False,,2025-12,2025Q4,2026-06,,False,Northbridge District Court,Northern,District
003549,10,Civil,2026-03-20,,Active,,False,,,False,True,165.0,2026-03,2026Q1,,3-12 months,False,Fernbay District Court,Southern,District
003550,03,Criminal,2025-08-12,2025-10-17,Disposed,66.0,False,,66.0,False,False,,2025-08,2025Q3,2025-10,,False,Harbourview High Court,Northern,High
003551,03,Criminal,2026-03-12,,Active,,False,,,False,True,173.0,2026-03,2026Q1,,3-12 months,False,Harbourview High Court,Northern,High
003552,06,Civil,2024-10-15,2025-09-19,Disposed,,False,,339.0,False,False,,2024-10,2024Q4,2025-09,,False,Central Plains High Court,Central,High
003553,11,Family,2026-03-05,,Active,,False,,,False,True,180.0,2026-03,2026Q1,,3-12 months,False,Southern Ranges High Court,Southern,High
003554,02,Criminal,2025-08-20,2026-02-07,Disposed,171.0,False,,171.0,False,False,,2025-08,2025Q3,2026-02,,False,Kauri Point District Court,Northern,District
003555,03,Criminal,2025-06-21,2025-12-19,Disposed,181.0,False,,181.0,False,False,,2025-06,2025Q2,2025-12,,False,Harbourview High Court,Northern,High
003556,10,Criminal,2024-07-20,2024-10-26,Disposed,98.0,False,,98.0,False,False,,2024-07,2024Q3,2024-10,,False,Fernbay District Court,Southern,District
003557,08,Criminal,2024-10-28,2025-05-15,Disposed,199.0,False,,199.0,False,False,,2024-10,2024Q4,2025-05,,False,Cape Lawson District Court,Eastern,District
003558,01,Criminal,2026-04-17,2026-06-18,Disposed,62.0,False,,62.0,False,False,,2026-04,2026Q2,2026-06,,False,Northbridge District Court,Northern,District
003559,02,Civil,2026-02-10,2026-04-27,Disposed,76.0,False,,76.0,False,False,,2026-02,2026Q1,2026-04,,False,Kauri Point District Court,Northern,District
003560,01,Family,2026-03-03,2026-06-11,Disposed,100.0,False,,100.0,False,False,,2026-03,2026Q1,2026-06,,False,Northbridge District Court,Northern,District
003561,10,Civil,2024-12-12,2025-03-08,Disposed,86.0,False,,86.0,False,False,,2024-12,2024Q4,2025-03,,False,Fernbay District Court,Southern,District
003562,06,Criminal,2026-05-11,,Active,,False,,,False,True,113.0,2026-05,2026Q2,,3-12 months,False,Central Plains High Court,Central,High
003563,01,Criminal,2026-04-26,2026-07-16,Disposed,81.0,False,,81.0,False,False,,2026-04,2026Q2,2026-07,,False,Northbridge District Court,Northern,District
003564,04,Civil,2026-01-24,2026-02-26,Disposed,33.0,False,,33.0,False,False,,2026-01,2026Q1,2026-02,,False,Riverton District Court,Central,District
003565,07,Criminal,2025-04-23,2025-11-20,Disposed,211.0,False,,211.0,False,False,,2025-04,2025Q2,2025-11,,False,Eastfield District Court,Eastern,District
003566,01,Youth,2026-02-27,2026-07-08,Disposed,131.0,False,,131.0,False,False,,2026-02,2026Q1,2026-07,,False,Northbridge District Court,Northern,District
003567,05,Youth,2025-10-24,2026-02-17,Disposed,116.0,False,,116.0,False,False,,2025-10,2025Q4,2026-02,,False,Mistvale District Court,Central,District
003568,12,Youth,2026-05-16,2026-07-06,Disposed,51.0,False,,51.0,False,False,,2026-05,2026Q2,2026-07,,False,Willow Creek District Court,Southern,District
003569,06,Civil,2026-05-25,,Active,,False,,,False,True,99.0,2026-05,2026Q2,,3-12 months,False,Central Plains High Court,Central,High
003570,08,Criminal,2026-05-30,,Active,,False,,,False,True,94.0,2026-05,2026Q2,,3-12 months,False,Cape Lawson District Court,Eastern,District
003571,04,Civil,2025-10-03,2026-03-28,Disposed,176.0,False,,176.0,False,False,,2025-10,2025Q4,2026-03,,False,Riverton District Court,Central,District
003572,11,Family,2025-02-16,2025-06-30,Disposed,134.0,False,,134.0,False,False,,2025-02,2025Q1,2025-06,,False,Southern Ranges High Court,Southern,High
003573,03,Civil,2026-01-11,2026-03-30,Disposed,78.0,False,,78.0,False,False,,2026-01,2026Q1,2026-03,,False,Harbourview High Court,Northern,High
003574,09,Criminal,2024-08-25,2025-01-28,Disposed,156.0,False,,156.0,False,False,,2024-08,2024Q3,2025-01,,False,Southgate District Court,Southern,District
003575,08,Criminal,2024-08-09,2024-11-23,Disposed,106.0,False,,106.0,False,False,,2024-08,2024Q3,2024-11,,False,Cape Lawson District Court,Eastern,District
003576,08,Civil,2024-09-27,2025-11-20,Disposed,419.0,False,,419.0,False,False,,2024-09,2024Q3,2025-11,,False,Cape Lawson District Court,Eastern,District
003577,10,Family,2025-09-11,2026-07-19,Disposed,311.0,False,,311.0,False,False,,2025-09,2025Q3,2026-07,,False,Fernbay District Court,Southern,District
003578,05,Family,2024-09-09,2025-08-03,Disposed,328.0,False,,328.0,False,False,,2024-09,2024Q3,2025-08,,False,Mistvale District Court,Central,District
003579,06,Civil,2026-02-22,,Active,,False,,,False,True,191.0,2026-02,2026Q1,,3-12 months,False,Central Plains High Court,Central,High
003580,12,Civil,2026-05-28,,Active,,False,,,False,True,96.0,2026-05,2026Q2,,3-12 months,False,Willow Creek District Court,Southern,District
003581,04,Family,2025-03-01,2026-05-04,Disposed,429.0,False,,429.0,False,False,,2025-03,2025Q1,2026-05,,False,Riverton District Court,Central,District
003582,01,Family,2024-09-17,2024-11-09,Disposed,53.0,False,,53.0,False,False,,2024-09,2024Q3,2024-11,,False,Northbridge District Court,Northern,District
003583,10,Criminal,2025-08-08,2026-01-13,Disposed,158.0,False,,158.0,False,False,,2025-08,2025Q3,2026-01,,False,Fernbay District Court,Southern,District
003584,06,Civil,2026-03-13,,Active,,False,,,False,True,172.0,2026-03,2026Q1,,3-12 months,False,Central Plains High Court,Central,High
003585,03,Criminal,2026-06-18,,Active,,False,,,False,True,75.0,2026-06,2026Q2,,0-3 months,False,Harbourview High Court,Northern,High
003586,04,Youth,2025-08-21,2025-11-01,Disposed,72.0,False,,72.0,False,False,,2025-08,2025Q3,2025-11,,False,Riverton District Court,Central,District
003587,01,Civil,2025-04-28,2025-09-09,Disposed,134.0,False,,134.0,False,False,,2025-04,2025Q2,2025-09,,False,Northbridge District Court,Northern,District
003588,06,Family,2024-11-20,2025-04-16,Disposed,147.0,False,,147.0,False,False,,2024-11,2024Q4,2025-04,,False,Central Plains High Court,Central,High
003589,03,Criminal,2026-02-27,2026-05-12,Disposed,74.0,False,,74.0,False,False,,2026-02,2026Q1,2026-05,,False,Harbourview High Court,Northern,High
003590,11,Family,2026-01-30,,Active,,False,,,False,True,214.0,2026-01,2026Q1,,3-12 months,False,Southern Ranges High Court,Southern,High
003591,12,Civil,2024-11-25,2025-04-26,Disposed,152.0,False,,152.0,False,False,,2024-11,2024Q4,2025-04,,False,Willow Creek District Court,Southern,District
003592,09,Criminal,2024-11-25,2025-03-04,Disposed,99.0,False,,99.0,False,False,,2024-11,2024Q4,2025-03,,False,Southgate District Court,Southern,District
003593,02,Civil,2024-07-15,2024-12-28,Disposed,166.0,False,,166.0,False,False,,2024-07,2024Q3,2024-12,,False,Kauri Point District Court,Northern,District
003594,09,Criminal,2026-02-14,2026-06-09,Disposed,115.0,False,,115.0,False,False,,2026-02,2026Q1,2026-06,,False,Southgate District Court,Southern,District
003595,02,Youth,2026-04-25,2026-06-23,Disposed,59.0,False,,59.0,False,False,,2026-04,2026Q2,2026-06,,False,Kauri Point District Court,Northern,District
003596,11,Criminal,2025-11-09,2026-03-02,Disposed,113.0,False,,113.0,False,False,,2025-11,2025Q4,2026-03,,False,Southern Ranges High Court,Southern,High
003597,01,Youth,2026-01-26,2026-08-06,Disposed,192.0,False,,192.0,False,False,,2026-01,2026Q1,2026-08,,False,Northbridge District Court,Northern,District
003598,01,Family,2026-02-27,2026-07-14,Disposed,137.0,False,,137.0,False,False,,2026-02,2026Q1,2026-07,,False,Northbridge District Court,Northern,District
003599,12,Criminal,2024-10-05,2024-12-21,Disposed,77.0,False,,77.0,False,False,,2024-10,2024Q4,2024-12,,False,Willow Creek District Court,Southern,District
003600,09,Criminal,2026-01-31,2026-04-22,Disposed,81.0,False,,81.0,False,False,,2026-01,2026Q1,2026-04,,False,Southgate District Court,Southern,District
003601,10,Civil,2025-06-04,2025-09-22,Disposed,110.0,False,,110.0,False,False,,2025-06,2025Q2,2025-09,,False,Fernbay District Court,Southern,District
003602,08,Youth,2025-05-29,2025-10-17,Disposed,,False,,141.0,False,False,,2025-05,2025Q2,2025-10,,False,Cape Lawson District Court,Eastern,District
003603,06,Civil,2024-11-20,2025-07-08,Disposed,230.0,False,,230.0,False,False,,2024-11,2024Q4,2025-07,,False,Central Plains High Court,Central,High
003604,12,Civil,2025-10-20,2026-06-22,Disposed,245.0,False,,245.0,False,False,,2025-10,2025Q4,2026-06,,False,Willow Creek District Court,Southern,District
003605,08,Youth,2024-07-15,2024-11-17,Disposed,125.0,False,,125.0,False,False,,2024-07,2024Q3,2024-11,,False,Cape Lawson District Court,Eastern,District
003606,01,Criminal,2025-07-11,,Active,,False,,,False,True,417.0,2025-07,2025Q3,,12+ months,True,Northbridge District Court,Northern,District
003607,03,Family,2026-06-15,,Active,,False,,,False,True,78.0,2026-06,2026Q2,,0-3 months,False,Harbourview High Court,Northern,High
003608,10,Civil,2025-09-26,2025-12-11,Disposed,76.0,False,,76.0,False,False,,2025-09,2025Q3,2025-12,,False,Fernbay District Court,Southern,District
003609,11,Criminal,2025-05-01,2025-10-15,Disposed,167.0,False,,167.0,False,False,,2025-05,2025Q2,2025-10,,False,Southern Ranges High Court,Southern,High
003610,01,Civil,2025-01-11,2025-04-02,Disposed,81.0,False,,81.0,False,False,,2025-01,2025Q1,2025-04,,False,Northbridge District Court,Northern,District
003611,02,Family,2025-05-17,2025-07-27,Disposed,71.0,False,,71.0,False,False,,2025-05,2025Q2,2025-07,,False,Kauri Point District Court,Northern,District
003612,10,Criminal,2024-10-31,2025-01-28,Disposed,89.0,False,,89.0,False,False,,2024-10,2024Q4,2025-01,,False,Fernbay District Court,Southern,District
003613,05,Civil,2026-01-02,,Active,,False,,,False,True,242.0,2026-01,2026Q1,,3-12 months,False,Mistvale District Court,Central,District
003614,03,Criminal,2026-04-20,2026-07-26,Disposed,97.0,False,,97.0,False,False,,2026-04,2026Q2,2026-07,,False,Harbourview High Court,Northern,High
003615,11,Family,2024-12-31,2025-11-04,Disposed,308.0,False,,308.0,False,False,,2024-12,2024Q4,2025-11,,False,Southern Ranges High Court,Southern,High
003616,12,Civil,2025-05-28,2025-09-26,Disposed,121.0,False,,121.0,False,False,,2025-05,2025Q2,2025-09,,False,Willow Creek District Court,Southern,District
003617,11,Criminal,2024-11-23,2025-01-30,Disposed,68.0,False,,68.0,False,False,,2024-11,2024Q4,2025-01,,False,Southern Ranges High Court,Southern,High
003618,12,Youth,2026-04-14,2026-08-14,Disposed,122.0,False,,122.0,False,False,,2026-04,2026Q2,2026-08,,False,Willow Creek District Court,Southern,District
003619,09,Criminal,2025-06-22,2025-09-11,Disposed,81.0,False,,81.0,False,False,,2025-06,2025Q2,2025-09,,False,Southgate District Court,Southern,District
003620,01,Family,2025-07-07,2025-10-23,Disposed,108.0,False,,108.0,False,False,,2025-07,2025Q3,2025-10,,False,Northbridge District Court,Northern,District
003621,07,Civil,2025-12-24,2026-06-22,Disposed,180.0,False,,180.0,False,False,,2025-12,2025Q4,2026-06,,False,Eastfield District Court,Eastern,District
003622,09,Criminal,2025-02-06,2025-07-15,Disposed,159.0,False,,159.0,False,False,,2025-02,2025Q1,2025-07,,False,Southgate District Court,Southern,District
003623,04,Criminal,2025-07-05,2025-08-27,Disposed,53.0,False,,53.0,False,False,,2025-07,2025Q3,2025-08,,False,Riverton District Court,Central,District
003624,07,Youth,2026-04-07,2026-07-14,Disposed,,False,,98.0,False,False,,2026-04,2026Q2,2026-07,,False,Eastfield District Court,Eastern,District
003625,09,Youth,2025-04-12,2025-06-15,Disposed,64.0,False,,64.0,False,False,,2025-04,2025Q2,2025-06,,False,Southgate District Court,Southern,District
003626,05,Criminal,2024-08-20,2024-11-11,Disposed,83.0,False,,83.0,False,False,,2024-08,2024Q3,2024-11,,False,Mistvale District Court,Central,District
003627,01,Civil,2025-04-02,2025-06-29,Disposed,88.0,False,,88.0,False,False,,2025-04,2025Q2,2025-06,,False,Northbridge District Court,Northern,District
003628,05,Criminal,2025-05-11,,Active,,False,,,False,True,478.0,2025-05,2025Q2,,12+ months,True,Mistvale District Court,Central,District
003629,04,Civil,2025-02-20,2025-05-12,Disposed,81.0,False,,81.0,False,False,,2025-02,2025Q1,2025-05,,False,Riverton District Court,Central,District
003630,05,Civil,2025-09-02,2026-07-17,Disposed,318.0,False,,318.0,False,False,,2025-09,2025Q3,2026-07,,False,Mistvale District Court,Central,District
003631,11,Civil,2026-05-19,2026-08-12,Disposed,85.0,False,,85.0,False,False,,2026-05,2026Q2,2026-08,,False,Southern Ranges High Court,Southern,High
003632,05,Civil,2025-05-19,2025-12-31,Disposed,226.0,False,,226.0,False,False,,2025-05,2025Q2,2025-12,,False,Mistvale District Court,Central,District
003633,05,Civil,2025-05-11,2025-09-23,Disposed,135.0,False,,135.0,False,False,,2025-05,2025Q2,2025-09,,False,Mistvale District Court,Central,District
003634,08,Criminal,2025-11-02,2026-07-07,Disposed,247.0,False,,247.0,False,False,,2025-11,2025Q4,2026-07,,False,Cape Lawson District Court,Eastern,District
003635,05,Civil,2025-08-05,2026-03-23,Disposed,230.0,False,,230.0,False,False,,2025-08,2025Q3,2026-03,,False,Mistvale District Court,Central,District
003636,05,Family,2024-12-03,2025-11-06,Disposed,338.0,False,,338.0,False,False,,2024-12,2024Q4,2025-11,,False,Mistvale District Court,Central,District
003637,02,Criminal,2024-07-30,2024-09-30,Disposed,62.0,False,,62.0,False,False,,2024-07,2024Q3,2024-09,,False,Kauri Point District Court,Northern,District
003638,06,Civil,2024-08-24,2025-07-26,Disposed,336.0,False,,336.0,False,False,,2024-08,2024Q3,2025-07,,False,Central Plains High Court,Central,High
003639,05,Family,2025-02-16,2025-04-20,Disposed,63.0,False,,63.0,False,False,,2025-02,2025Q1,2025-04,,False,Mistvale District Court,Central,District
003640,12,Civil,2025-02-14,2025-06-07,Disposed,113.0,False,,113.0,False,False,,2025-02,2025Q1,2025-06,,False,Willow Creek District Court,Southern,District
003641,10,Criminal,2024-09-11,2024-11-29,Disposed,79.0,False,,79.0,False,False,,2024-09,2024Q3,2024-11,,False,Fernbay District Court,Southern,District
003642,06,Family,2024-10-15,2025-03-26,Disposed,162.0,False,,162.0,False,False,,2024-10,2024Q4,2025-03,,False,Central Plains High Court,Central,High
003643,10,Criminal,2025-05-04,2025-07-24,Disposed,81.0,False,,81.0,False,False,,2025-05,2025Q2,2025-07,,False,Fernbay District Court,Southern,District
003644,07,Youth,2026-04-13,,Active,,False,,,False,True,141.0,2026-04,2026Q2,,3-12 months,False,Eastfield District Court,Eastern,District
003645,11,Civil,2025-08-21,2026-05-25,Disposed,277.0,False,,277.0,False,False,,2025-08,2025Q3,2026-05,,False,Southern Ranges High Court,Southern,High
003646,08,Criminal,2025-03-17,2025-07-29,Disposed,134.0,False,,134.0,False,False,,2025-03,2025Q1,2025-07,,False,Cape Lawson District Court,Eastern,District
003647,10,Criminal,2025-05-22,2026-01-04,Disposed,227.0,False,,227.0,False,False,,2025-05,2025Q2,2026-01,,False,Fernbay District Court,Southern,District
003648,03,Family,2025-09-13,,Active,,False,,,False,True,353.0,2025-09,2025Q3,,3-12 months,False,Harbourview High Court,Northern,High
003649,12,Family,2026-02-26,2026-05-17,Disposed,80.0,False,,80.0,False,False,,2026-02,2026Q1,2026-05,,False,Willow Creek District Court,Southern,District
003650,11,Family,2025-06-16,2026-05-17,Disposed,,False,,335.0,False,False,,2025-06,2025Q2,2026-05,,False,Southern Ranges High Court,Southern,High
003651,11,Criminal,2025-10-25,2025-12-08,Disposed,44.0,False,,44.0,False,False,,2025-10,2025Q4,2025-12,,False,Southern Ranges High Court,Southern,High
003652,10,Family,2026-01-24,2026-07-17,Disposed,174.0,False,,174.0,False,False,,2026-01,2026Q1,2026-07,,False,Fernbay District Court,Southern,District
003653,04,Civil,2026-04-05,2026-06-06,Disposed,62.0,False,,62.0,False,False,,2026-04,2026Q2,2026-06,,False,Riverton District Court,Central,District
003654,03,Civil,2024-11-16,2025-03-21,Disposed,125.0,False,,125.0,False,False,,2024-11,2024Q4,2025-03,,False,Harbourview High Court,Northern,High
003655,06,Family,2024-07-15,2025-01-06,Disposed,175.0,False,,175.0,False,False,,2024-07,2024Q3,2025-01,,False,Central Plains High Court,Central,High
003656,02,Criminal,2025-12-14,2026-05-21,Disposed,158.0,False,,158.0,False,False,,2025-12,2025Q4,2026-05,,False,Kauri Point District Court,Northern,District
003657,04,Civil,2024-07-14,2024-10-21,Disposed,99.0,False,,99.0,False,False,,2024-07,2024Q3,2024-10,,False,Riverton District Court,Central,District
003658,05,Criminal,2024-09-15,2025-07-01,Disposed,289.0,False,,289.0,False,False,,2024-09,2024Q3,2025-07,,False,Mistvale District Court,Central,District
003659,07,Civil,2025-09-22,2026-04-18,Disposed,208.0,False,,208.0,False,False,,2025-09,2025Q3,2026-04,,False,Eastfield District Court,Eastern,District
003660,07,Criminal,2024-08-03,2026-07-28,Disposed,724.0,False,,724.0,False,False,,2024-08,2024Q3,2026-07,,False,Eastfield District Court,Eastern,District
003661,05,Criminal,2025-02-03,2025-04-13,Disposed,69.0,False,,69.0,False,False,,2025-02,2025Q1,2025-04,,False,Mistvale District Court,Central,District
003662,04,Civil,2025-04-05,2026-04-03,Disposed,363.0,False,,363.0,False,False,,2025-04,2025Q2,2026-04,,False,Riverton District Court,Central,District
003663,02,Criminal,2025-09-03,2025-11-14,Disposed,72.0,False,,72.0,False,False,,2025-09,2025Q3,2025-11,,False,Kauri Point District Court,Northern,District
003664,08,Youth,2024-09-27,2024-07-29,Disposed,132.0,True,disposed before filed,-60.0,True,False,,2024-09,2024Q3,2024-07,,False,Cape Lawson District Court,Eastern,District
003665,10,Family,2024-09-11,2025-03-17,Disposed,187.0,False,,187.0,False,False,,2024-09,2024Q3,2025-03,,False,Fernbay District Court,Southern,District
003666,07,Criminal,2025-10-28,2026-04-12,Disposed,166.0,False,,166.0,False,False,,2025-10,2025Q4,2026-04,,False,Eastfield District Court,Eastern,District
003667,03,Civil,2026-03-03,,Active,,False,,,False,True,182.0,2026-03,2026Q1,,3-12 months,False,Harbourview High Court,Northern,High
003668,08,Criminal,2026-03-05,,Active,,False,,,False,True,180.0,2026-03,2026Q1,,3-12 months,False,Cape Lawson District Court,Eastern,District
003669,07,Civil,2024-08-27,2025-01-05,Disposed,131.0,False,,131.0,False,False,,2024-08,2024Q3,2025-01,,False,Eastfield District Court,Eastern,District
003670,09,Civil,2024-07-12,2025-03-18,Disposed,249.0,False,,249.0,False,False,,2024-07,2024Q3,2025-03,,False,Southgate District Court,Southern,District
003671,05,Family,2024-11-08,2025-05-02,Disposed,175.0,False,,175.0,False,False,,2024-11,2024Q4,2025-05,,False,Mistvale District Court,Central,District
003672,10,Criminal,2024-08-25,2024-12-27,Disposed,124.0,False,,124.0,False,False,,2024-08,2024Q3,2024-12,,False,Fernbay District Court,Southern,District
003673,10,Criminal,2025-12-19,2026-03-11,Disposed,82.0,False,,82.0,False,False,,2025-12,2025Q4,2026-03,,False,Fernbay District Court,Southern,District
003674,12,Civil,2026-03-07,2026-07-29,Disposed,144.0,False,,144.0,False,False,,2026-03,2026Q1,2026-07,,False,Willow Creek District Court,Southern,District
003675,,Criminal,2025-10-24,2026-02-12,Disposed,111.0,True,court_id not in lookup,111.0,False,False,,2025-10,2025Q4,2026-02,,False,,,
003676,12,Family,2025-05-22,2026-05-31,Disposed,374.0,False,,374.0,False,False,,2025-05,2025Q2,2026-05,,False,Willow Creek District Court,Southern,District
003677,12,Family,2024-08-14,2024-11-04,Disposed,82.0,False,,82.0,False,False,,2024-08,2024Q3,2024-11,,False,Willow Creek District Court,Southern,District
003678,03,Criminal,2026-05-08,,Active,,False,,,False,True,116.0,2026-05,2026Q2,,3-12 months,False,Harbourview High Court,Northern,High
003679,10,Criminal,2025-05-12,2025-10-21,Disposed,162.0,False,,162.0,False,False,,2025-05,2025Q2,2025-10,,False,Fernbay District Court,Southern,District
003680,08,Criminal,2026-03-25,,Active,,False,,,False,True,160.0,2026-03,2026Q1,,3-12 months,False,Cape Lawson District Court,Eastern,District
003681,08,Civil,2025-06-12,2026-03-05,Disposed,266.0,False,,266.0,False,False,,2025-06,2025Q2,2026-03,,False,Cape Lawson District Court,Eastern,District
003682,03,Family,2025-01-31,2026-08-07,Disposed,553.0,False,,553.0,False,False,,2025-01,2025Q1,2026-08,,False,Harbourview High Court,Northern,High
003683,11,Criminal,2026-01-27,2026-05-08,Disposed,101.0,False,,101.0,False,False,,2026-01,2026Q1,2026-05,,False,Southern Ranges High Court,Southern,High
003684,09,Civil,2026-04-28,,Active,,False,,,False,True,126.0,2026-04,2026Q2,,3-12 months,False,Southgate District Court,Southern,District
003685,04,Youth,2024-12-18,2025-03-24,Disposed,96.0,False,,96.0,False,False,,2024-12,2024Q4,2025-03,,False,Riverton District Court,Central,District
003686,12,Family,2025-12-01,,Active,,False,,,False,True,274.0,2025-12,2025Q4,,3-12 months,False,Willow Creek District Court,Southern,District
003687,10,Criminal,2024-08-24,2024-10-09,Disposed,46.0,False,,46.0,False,False,,2024-08,2024Q3,2024-10,,False,Fernbay District Court,Southern,District
003688,05,Civil,2024-07-08,2024-08-10,Disposed,33.0,False,,33.0,False,False,,2024-07,2024Q3,2024-08,,False,Mistvale District Court,Central,District
003689,07,Civil,2026-04-21,,Active,,False,,,False,True,133.0,2026-04,2026Q2,,3-12 months,False,Eastfield District Court,Eastern,District
003690,05,Family,2026-01-26,,Active,,False,,,False,True,218.0,2026-01,2026Q1,,3-12 months,False,Mistvale District Court,Central,District
003691,01,Criminal,2025-08-22,2025-11-26,Disposed,,False,,96.0,False,False,,2025-08,2025Q3,2025-11,,False,Northbridge District Court,Northern,District
003692,09,Criminal,2025-10-26,2026-02-10,Disposed,107.0,False,,107.0,False,False,,2025-10,2025Q4,2026-02,,False,Southgate District Court,Southern,District
003693,08,Criminal,2024-09-21,2025-03-27,Disposed,187.0,False,,187.0,False,False,,2024-09,2024Q3,2025-03,,False,Cape Lawson District Court,Eastern,District
003694,14,Criminal,2024-08-11,2024-10-23,Disposed,73.0,True,court_id not in lookup,73.0,False,False,,2024-08,2024Q3,2024-10,,False,,,
003695,11,Civil,2025-09-27,2026-07-10,Disposed,286.0,False,,286.0,False,False,,2025-09,2025Q3,2026-07,,False,Southern Ranges High Court,Southern,High
003696,01,Criminal,2025-06-10,2025-09-20,Disposed,102.0,False,,102.0,False,False,,2025-06,2025Q2,2025-09,,False,Northbridge District Court,Northern,District
003697,11,Family,2026-02-09,2026-04-12,Disposed,62.0,False,,62.0,False,False,,2026-02,2026Q1,2026-04,,False,Southern Ranges High Court,Southern,High
003698,01,Family,2025-01-06,,Active,,False,,,False,True,603.0,2025-01,2025Q1,,12+ months,True,Northbridge District Court,Northern,District
003699,07,Family,2025-07-13,2025-11-18,Disposed,128.0,False,,128.0,False,False,,2025-07,2025Q3,2025-11,,False,Eastfield District Court,Eastern,District
003700,06,Criminal,2025-04-11,,Active,,False,,,False,True,508.0,2025-04,2025Q2,,12+ months,True,Central Plains High Court,Central,High
003701,12,Civil,2025-01-24,2025-05-03,Disposed,99.0,False,,99.0,False,False,,2025-01,2025Q1,2025-05,,False,Willow Creek District Court,Southern,District
003702,05,Criminal,2025-04-29,2025-11-30,Disposed,215.0,False,,215.0,False,False,,2025-04,2025Q2,2025-11,,False,Mistvale District Court,Central,District
003703,08,Civil,2025-02-04,2025-08-31,Disposed,208.0,False,,208.0,False,False,,2025-02,2025Q1,2025-08,,False,Cape Lawson District Court,Eastern,District
003704,12,Criminal,2024-11-04,2024-12-26,Disposed,52.0,False,,52.0,False,False,,2024-11,2024Q4,2024-12,,False,Willow Creek District Court,Southern,District
003705,03,Civil,2026-06-17,,Active,,False,,,False,True,76.0,2026-06,2026Q2,,0-3 months,False,Harbourview High Court,Northern,High
003706,01,Civil,2025-12-20,2026-04-12,Disposed,113.0,False,,113.0,False,False,,2025-12,2025Q4,2026-04,,False,Northbridge District Court,Northern,District
003707,05,Family,2026-01-08,2026-03-31,Disposed,82.0,False,,82.0,False,False,,2026-01,2026Q1,2026-03,,False,Mistvale District Court,Central,District
003708,10,Family,2025-04-05,2025-08-03,Disposed,120.0,False,,120.0,False,False,,2025-04,2025Q2,2025-08,,False,Fernbay District Court,Southern,District
003709,10,Criminal,2024-08-15,2024-10-19,Disposed,65.0,False,,65.0,False,False,,2024-08,2024Q3,2024-10,,False,Fernbay District Court,Southern,District
003710,06,Family,2024-09-13,,Active,,False,,,False,True,718.0,2024-09,2024Q3,,12+ months,True,Central Plains High Court,Central,High
003711,04,Civil,2025-11-04,2025-12-17,Disposed,43.0,False,,43.0,False,False,,2025-11,2025Q4,2025-12,,False,Riverton District Court,Central,District
003712,08,Family,2025-05-04,,Active,,False,,,False,True,485.0,2025-05,2025Q2,,12+ months,True,Cape Lawson District Court,Eastern,District
003713,03,Youth,2025-04-19,2025-09-22,Disposed,156.0,False,,156.0,False,False,,2025-04,2025Q2,2025-09,,False,Harbourview High Court,Northern,High
003714,09,Civil,2025-07-06,2025-08-29,Disposed,54.0,False,,54.0,False,False,,2025-07,2025Q3,2025-08,,False,Southgate District Court,Southern,District
003715,07,Family,2024-08-18,2025-01-23,Disposed,158.0,False,,158.0,False,False,,2024-08,2024Q3,2025-01,,False,Eastfield District Court,Eastern,District
003716,09,Family,2025-11-21,,Active,,False,,,False,True,284.0,2025-11,2025Q4,,3-12 months,False,Southgate District Court,Southern,District
003717,11,Family,2024-08-21,2025-03-14,Disposed,205.0,False,,205.0,False,False,,2024-08,2024Q3,2025-03,,False,Southern Ranges High Court,Southern,High
003718,05,Civil,2024-10-22,2025-01-04,Disposed,74.0,False,,74.0,False,False,,2024-10,2024Q4,2025-01,,False,Mistvale District Court,Central,District
003719,10,Youth,2025-04-28,2025-07-16,Disposed,79.0,False,,79.0,False,False,,2025-04,2025Q2,2025-07,,False,Fernbay District Court,Southern,District
003720,09,Civil,2024-09-14,2024-12-27,Disposed,104.0,False,,104.0,False,False,,2024-09,2024Q3,2024-12,,False,Southgate District Court,Southern,District
003721,10,Criminal,2026-02-03,2026-03-19,Disposed,44.0,False,,44.0,False,False,,2026-02,2026Q1,2026-03,,False,Fernbay District Court,Southern,District
003722,05,Criminal,2025-03-02,2025-07-03,Disposed,123.0,False,,123.0,False,False,,2025-03,2025Q1,2025-07,,False,Mistvale District Court,Central,District
003723,13,Family,2025-06-22,2025-12-27,Disposed,188.0,True,court_id not in lookup,188.0,False,False,,2025-06,2025Q2,2025-12,,False,,,
003724,05,Civil,2026-06-26,,Active,,False,,,False,True,67.0,2026-06,2026Q2,,0-3 months,False,Mistvale District Court,Central,District
003725,08,Family,2024-09-16,2025-06-10,Disposed,267.0,False,,267.0,False,False,,2024-09,2024Q3,2025-06,,False,Cape Lawson District Court,Eastern,District
003726,02,Family,2024-07-17,2024-10-14,Disposed,89.0,False,,89.0,False,False,,2024-07,2024Q3,2024-10,,False,Kauri Point District Court,Northern,District
003727,12,Civil,2024-12-12,2025-05-31,Disposed,170.0,False,,170.0,False,False,,2024-12,2024Q4,2025-05,,False,Willow Creek District Court,Southern,District
003728,08,Civil,2024-08-03,2025-05-04,Disposed,274.0,False,,274.0,False,False,,2024-08,2024Q3,2025-05,,False,Cape Lawson District Court,Eastern,District
003729,03,Criminal,2026-05-07,2026-08-14,Disposed,99.0,False,,99.0,False,False,,2026-05,2026Q2,2026-08,,False,Harbourview High Court,Northern,High
003730,01,Family,2025-09-29,2025-12-10,Disposed,72.0,False,,72.0,False,False,,2025-09,2025Q3,2025-12,,False,Northbridge District Court,Northern,District
003731,01,Criminal,2024-08-07,2024-09-26,Disposed,50.0,False,,50.0,False,False,,2024-08,2024Q3,2024-09,,False,Northbridge District Court,Northern,District
003732,10,Civil,2024-09-19,2024-11-29,Disposed,71.0,False,,71.0,False,False,,2024-09,2024Q3,2024-11,,False,Fernbay District Court,Southern,District
003733,12,Family,2026-05-09,2026-08-06,Disposed,89.0,False,,89.0,False,False,,2026-05,2026Q2,2026-08,,False,Willow Creek District Court,Southern,District
003734,04,Family,2025-07-27,2026-04-13,Disposed,260.0,False,,260.0,False,False,,2025-07,2025Q3,2026-04,,False,Riverton District Court,Central,District
003735,07,Family,2025-08-05,2026-02-08,Disposed,187.0,False,,187.0,False,False,,2025-08,2025Q3,2026-02,,False,Eastfield District Court,Eastern,District
003736,07,Youth,2025-07-29,2026-04-02,Disposed,247.0,False,,247.0,False,False,,2025-07,2025Q3,2026-04,,False,Eastfield District Court,Eastern,District
003737,10,Youth,2025-11-19,2026-03-11,Disposed,,False,,112.0,False,False,,2025-11,2025Q4,2026-03,,False,Fernbay District Court,Southern,District
003738,09,Youth,2025-03-22,2025-06-20,Disposed,,False,,90.0,False,False,,2025-03,2025Q1,2025-06,,False,Southgate District Court,Southern,District
003739,11,Family,2025-05-11,2025-11-16,Disposed,189.0,False,,189.0,False,False,,2025-05,2025Q2,2025-11,,False,Southern Ranges High Court,Southern,High
003740,10,Family,2025-02-14,2025-11-24,Disposed,283.0,False,,283.0,False,False,,2025-02,2025Q1,2025-11,,False,Fernbay District Court,Southern,District
003741,02,Criminal,2024-08-30,2025-02-01,Disposed,155.0,False,,155.0,False,False,,2024-08,2024Q3,2025-02,,False,Kauri Point District Court,Northern,District
003742,07,Family,2024-12-03,,Active,,False,,,False,True,637.0,2024-12,2024Q4,,12+ months,True,Eastfield District Court,Eastern,District
003743,09,Family,2025-07-17,2026-01-04,Disposed,171.0,False,,171.0,False,False,,2025-07,2025Q3,2026-01,,False,Southgate District Court,Southern,District
003744,03,Civil,2026-01-15,2026-07-29,Disposed,195.0,False,,195.0,False,False,,2026-01,2026Q1,2026-07,,False,Harbourview High Court,Northern,High
003745,04,Criminal,2024-07-26,2024-10-07,Disposed,73.0,False,,73.0,False,False,,2024-07,2024Q3,2024-10,,False,Riverton District Court,Central,District
003746,12,Youth,2024-08-26,2024-12-05,Disposed,101.0,False,,101.0,False,False,,2024-08,2024Q3,2024-12,,False,Willow Creek District Court,Southern,District
003747,05,Criminal,2025-12-18,2026-07-08,Disposed,202.0,False,,202.0,False,False,,2025-12,2025Q4,2026-07,,False,Mistvale District Court,Central,District
003748,06,Criminal,2026-02-18,,Active,,False,,,False,True,195.0,2026-02,2026Q1,,3-12 months,False,Central Plains High Court,Central,High
003749,07,Criminal,2025-10-28,2026-06-26,Disposed,241.0,False,,241.0,False,False,,2025-10,2025Q4,2026-06,,False,Eastfield District Court,Eastern,District
003750,08,Youth,2024-10-30,2025-01-25,Disposed,87.0,False,,87.0,False,False,,2024-10,2024Q4,2025-01,,False,Cape Lawson District Court,Eastern,District
003751,07,Family,2025-01-28,2025-10-29,Disposed,274.0,False,,274.0,False,False,,2025-01,2025Q1,2025-10,,False,Eastfield District Court,Eastern,District
003752,11,Criminal,2025-03-27,2025-08-17,Disposed,143.0,False,,143.0,False,False,,2025-03,2025Q1,2025-08,,False,Southern Ranges High Court,Southern,High
003753,11,Civil,2025-10-04,2026-05-25,Disposed,233.0,False,,233.0,False,False,,2025-10,2025Q4,2026-05,,False,Southern Ranges High Court,Southern,High
003754,12,Family,2025-06-25,2025-08-23,Disposed,59.0,False,,59.0,False,False,,2025-06,2025Q2,2025-08,,False,Willow Creek District Court,Southern,District
003755,08,Criminal,2026-06-05,,Active,,False,,,False,True,88.0,2026-06,2026Q2,,0-3 months,False,Cape Lawson District Court,Eastern,District
003756,01,Family,2025-04-17,,Active,,False,,,False,True,502.0,2025-04,2025Q2,,12+ months,True,Northbridge District Court,Northern,District
003757,08,Criminal,2025-07-31,2026-02-18,Disposed,202.0,False,,202.0,False,False,,2025-07,2025Q3,2026-02,,False,Cape Lawson District Court,Eastern,District
003758,02,Family,2025-04-03,2026-01-01,Disposed,273.0,False,,273.0,False,False,,2025-04,2025Q2,2026-01,,False,Kauri Point District Court,Northern,District
003759,07,Family,2025-10-07,2026-05-22,Disposed,227.0,False,,227.0,False,False,,2025-10,2025Q4,2026-05,,False,Eastfield District Court,Eastern,District
003760,06,Criminal,2025-09-20,2026-01-24,Disposed,126.0,False,,126.0,False,False,,2025-09,2025Q3,2026-01,,False,Central Plains High Court,Central,High
003761,04,Youth,2025-05-31,2025-08-08,Disposed,69.0,False,,69.0,False,False,,2025-05,2025Q2,2025-08,,False,Riverton District Court,Central,District
003762,04,Criminal,2025-07-22,2025-09-23,Disposed,63.0,False,,63.0,False,False,,2025-07,2025Q3,2025-09,,False,Riverton District Court,Central,District
003763,02,Family,2025-09-19,2025-12-03,Disposed,75.0,False,,75.0,False,False,,2025-09,2025Q3,2025-12,,False,Kauri Point District Court,Northern,District
003764,05,Civil,2026-04-02,,Active,,False,,,False,True,152.0,2026-04,2026Q2,,3-12 months,False,Mistvale District Court,Central,District
003765,07,Criminal,2026-06-10,,Active,,False,,,False,True,83.0,2026-06,2026Q2,,0-3 months,False,Eastfield District Court,Eastern,District
003766,06,Civil,2024-10-30,2024-12-30,Disposed,61.0,False,,61.0,False,False,,2024-10,2024Q4,2024-12,,False,Central Plains High Court,Central,High
003767,07,Criminal,2025-07-05,2025-12-22,Disposed,170.0,False,,170.0,False,False,,2025-07,2025Q3,2025-12,,False,Eastfield District Court,Eastern,District
003768,09,Civil,2024-11-26,2025-05-14,Disposed,169.0,False,,169.0,False,False,,2024-11,2024Q4,2025-05,,False,Southgate District Court,Southern,District
003769,01,Criminal,2025-11-19,2026-03-02,Disposed,103.0,False,,103.0,False,False,,2025-11,2025Q4,2026-03,,False,Northbridge District Court,Northern,District
003770,01,Youth,2026-04-29,,Active,,False,,,False,True,125.0,2026-04,2026Q2,,3-12 months,False,Northbridge District Court,Northern,District
003771,08,Criminal,2024-11-17,2025-09-02,Disposed,289.0,False,,289.0,False,False,,2024-11,2024Q4,2025-09,,False,Cape Lawson District Court,Eastern,District
003772,04,Civil,2025-08-24,2026-05-06,Disposed,255.0,False,,255.0,False,False,,2025-08,2025Q3,2026-05,,False,Riverton District Court,Central,District
003773,03,Civil,2025-02-21,2025-12-10,Disposed,292.0,False,,292.0,False,False,,2025-02,2025Q1,2025-12,,False,Harbourview High Court,Northern,High
003774,01,Youth,2025-04-09,2025-06-26,Disposed,78.0,False,,78.0,False,False,,2025-04,2025Q2,2025-06,,False,Northbridge District Court,Northern,District
003775,08,Family,2025-03-28,2025-10-06,Disposed,192.0,False,,192.0,False,False,,2025-03,2025Q1,2025-10,,False,Cape Lawson District Court,Eastern,District
003776,06,Criminal,2025-02-22,2026-08-28,Disposed,552.0,False,,552.0,False,False,,2025-02,2025Q1,2026-08,,False,Central Plains High Court,Central,High
003777,12,Criminal,2024-10-10,2025-03-23,Disposed,164.0,False,,164.0,False,False,,2024-10,2024Q4,2025-03,,False,Willow Creek District Court,Southern,District
003778,07,Criminal,2026-03-07,,Active,,False,,,False,True,178.0,2026-03,2026Q1,,3-12 months,False,Eastfield District Court,Eastern,District
003779,05,Family,2025-09-30,,Active,,False,,,False,True,336.0,2025-09,2025Q3,,3-12 months,False,Mistvale District Court,Central,District
003780,12,Civil,2025-05-24,2025-09-15,Disposed,114.0,False,,114.0,False,False,,2025-05,2025Q2,2025-09,,False,Willow Creek District Court,Southern,District
003781,01,Family,2024-10-20,2026-06-07,Disposed,595.0,False,,595.0,False,False,,2024-10,2024Q4,2026-06,,False,Northbridge District Court,Northern,District
003782,05,Criminal,2024-10-10,2026-02-03,Disposed,481.0,False,,481.0,False,False,,2024-10,2024Q4,2026-02,,False,Mistvale District Court,Central,District
003783,12,Civil,2025-07-22,2025-11-28,Disposed,129.0,False,,129.0,False,False,,2025-07,2025Q3,2025-11,,False,Willow Creek District Court,Southern,District
003784,01,Criminal,2026-06-18,,Active,,False,,,False,True,75.0,2026-06,2026Q2,,0-3 months,False,Northbridge District Court,Northern,District
003785,02,Civil,2024-09-09,2024-10-25,Disposed,46.0,False,,46.0,False,False,,2024-09,2024Q3,2024-10,,False,Kauri Point District Court,Northern,District
003786,12,Civil,2025-05-27,2025-09-18,Disposed,114.0,False,,114.0,False,False,,2025-05,2025Q2,2025-09,,False,Willow Creek District Court,Southern,District
003787,11,Family,2025-10-21,2026-01-15,Disposed,86.0,False,,86.0,False,False,,2025-10,2025Q4,2026-01,,False,Southern Ranges High Court,Southern,High
003788,12,Civil,2025-11-26,,Active,,False,,,False,True,279.0,2025-11,2025Q4,,3-12 months,False,Willow Creek District Court,Southern,District
003789,11,Criminal,2024-11-26,2025-05-08,Disposed,163.0,False,,163.0,False,False,,2024-11,2024Q4,2025-05,,False,Southern Ranges High Court,Southern,High
003790,04,Civil,2025-11-06,,Active,,False,,,False,True,299.0,2025-11,2025Q4,,3-12 months,False,Riverton District Court,Central,District
003791,11,Family,2025-08-20,2025-12-16,Disposed,128.0,False,,118.0,True,False,,2025-08,2025Q3,2025-12,,False,Southern Ranges High Court,Southern,High
003792,04,Youth,2024-07-26,2024-09-24,Disposed,60.0,False,,60.0,False,False,,2024-07,2024Q3,2024-09,,False,Riverton District Court,Central,District
003793,07,Criminal,2025-12-06,,Active,,False,,,False,True,269.0,2025-12,2025Q4,,3-12 months,False,Eastfield District Court,Eastern,District
003794,06,Youth,2024-09-09,2025-09-28,Disposed,384.0,False,,384.0,False,False,,2024-09,2024Q3,2025-09,,False,Central Plains High Court,Central,High
003795,09,Youth,2026-05-11,2026-08-10,Disposed,91.0,False,,91.0,False,False,,2026-05,2026Q2,2026-08,,False,Southgate District Court,Southern,District
003796,08,Youth,2025-07-04,2025-12-19,Disposed,168.0,False,,168.0,False,False,,2025-07,2025Q3,2025-12,,False,Cape Lawson District Court,Eastern,District
003797,07,Family,2025-08-02,2026-06-05,Disposed,307.0,False,,307.0,False,False,,2025-08,2025Q3,2026-06,,False,Eastfield District Court,Eastern,District
003798,06,Civil,2024-08-07,2024-10-23,Disposed,77.0,False,,77.0,False,False,,2024-08,2024Q3,2024-10,,False,Central Plains High Court,Central,High
003799,09,Civil,2026-03-11,2026-05-03,Disposed,,False,,53.0,False,False,,2026-03,2026Q1,2026-05,,False,Southgate District Court,Southern,District
003800,02,Civil,2026-04-12,2026-06-07,Disposed,56.0,False,,56.0,False,False,,2026-04,2026Q2,2026-06,,False,Kauri Point District Court,Northern,District
003801,02,Civil,2025-10-01,2026-05-01,Disposed,212.0,False,,212.0,False,False,,2025-10,2025Q4,2026-05,,False,Kauri Point District Court,Northern,District
003802,08,Family,2025-03-15,,Active,,False,,,False,True,535.0,2025-03,2025Q1,,12+ months,True,Cape Lawson District Court,Eastern,District
003803,11,Criminal,2024-07-30,2025-01-15,Disposed,169.0,False,,169.0,False,False,,2024-07,2024Q3,2025-01,,False,Southern Ranges High Court,Southern,High
003804,09,Criminal,2024-10-18,2025-01-28,Disposed,102.0,False,,102.0,False,False,,2024-10,2024Q4,2025-01,,False,Southgate District Court,Southern,District
003805,04,Youth,2024-11-11,2025-02-16,Disposed,97.0,False,,97.0,False,False,,2024-11,2024Q4,2025-02,,False,Riverton District Court,Central,District
003806,07,Family,2025-05-10,2026-06-09,Disposed,395.0,False,,395.0,False,False,,2025-05,2025Q2,2026-06,,False,Eastfield District Court,Eastern,District
003807,04,Civil,2024-07-26,2024-12-24,Disposed,151.0,False,,151.0,False,False,,2024-07,2024Q3,2024-12,,False,Riverton District Court,Central,District
003808,02,Criminal,2024-11-02,2025-01-28,Disposed,87.0,False,,87.0,False,False,,2024-11,2024Q4,2025-01,,False,Kauri Point District Court,Northern,District
003809,11,Civil,2026-02-19,,Active,,False,,,False,True,194.0,2026-02,2026Q1,,3-12 months,False,Southern Ranges High Court,Southern,High
003810,09,Criminal,2025-03-03,2025-07-17,Disposed,136.0,False,,136.0,False,False,,2025-03,2025Q1,2025-07,,False,Southgate District Court,Southern,District
003811,03,Family,2024-12-28,2025-07-21,Disposed,205.0,False,,205.0,False,False,,2024-12,2024Q4,2025-07,,False,Harbourview High Court,Northern,High
003812,05,Criminal,2026-01-30,2026-06-05,Disposed,126.0,False,,126.0,False,False,,2026-01,2026Q1,2026-06,,False,Mistvale District Court,Central,District
003813,13,Criminal,2024-08-18,2025-03-13,Disposed,207.0,True,court_id not in lookup,207.0,False,False,,2024-08,2024Q3,2025-03,,False,,,
003814,12,Family,2025-09-17,2026-06-15,Disposed,271.0,False,,271.0,False,False,,2025-09,2025Q3,2026-06,,False,Willow Creek District Court,Southern,District
003815,09,Criminal,2026-04-23,2026-05-30,Disposed,37.0,False,,37.0,False,False,,2026-04,2026Q2,2026-05,,False,Southgate District Court,Southern,District
003816,02,Criminal,2026-03-09,2026-06-25,Disposed,108.0,False,,108.0,False,False,,2026-03,2026Q1,2026-06,,False,Kauri Point District Court,Northern,District
003817,09,Family,2024-11-06,2024-12-19,Disposed,43.0,False,,43.0,False,False,,2024-11,2024Q4,2024-12,,False,Southgate District Court,Southern,District
003818,99,Youth,2026-03-02,2026-08-30,Disposed,181.0,True,court_id not in lookup,181.0,False,False,,2026-03,2026Q1,2026-08,,False,,,
003819,01,Civil,2024-12-17,2025-01-17,Disposed,31.0,False,,31.0,False,False,,2024-12,2024Q4,2025-01,,False,Northbridge District Court,Northern,District
003820,01,Criminal,2025-12-22,2026-03-10,Disposed,78.0,False,,78.0,False,False,,2025-12,2025Q4,2026-03,,False,Northbridge District Court,Northern,District
003821,10,Civil,2025-04-24,2025-06-22,Disposed,59.0,False,,59.0,False,False,,2025-04,2025Q2,2025-06,,False,Fernbay District Court,Southern,District
003822,10,Civil,2024-11-02,2025-03-03,Disposed,121.0,False,,121.0,False,False,,2024-11,2024Q4,2025-03,,False,Fernbay District Court,Southern,District
003823,03,Civil,2025-11-19,2026-02-03,Disposed,76.0,False,,76.0,False,False,,2025-11,2025Q4,2026-02,,False,Harbourview High Court,Northern,High
003824,04,Criminal,2024-07-15,2025-01-08,Disposed,177.0,False,,177.0,False,False,,2024-07,2024Q3,2025-01,,False,Riverton District Court,Central,District
003825,11,Youth,2024-08-14,2024-10-11,Disposed,58.0,False,,58.0,False,False,,2024-08,2024Q3,2024-10,,False,Southern Ranges High Court,Southern,High
003826,11,Criminal,2024-08-26,2024-11-16,Disposed,82.0,False,,82.0,False,False,,2024-08,2024Q3,2024-11,,False,Southern Ranges High Court,Southern,High
003827,09,Youth,2025-01-14,2025-01-30,Disposed,16.0,False,,16.0,False,False,,2025-01,2025Q1,2025-01,,False,Southgate District Court,Southern,District
003828,07,Family,2025-11-24,,Active,,False,,,False,True,281.0,2025-11,2025Q4,,3-12 months,False,Eastfield District Court,Eastern,District
003829,04,Criminal,2025-07-04,2025-09-25,Disposed,83.0,False,,83.0,False,False,,2025-07,2025Q3,2025-09,,False,Riverton District Court,Central,District
003830,07,Criminal,2026-02-25,2026-08-11,Disposed,167.0,False,,167.0,False,False,,2026-02,2026Q1,2026-08,,False,Eastfield District Court,Eastern,District
003831,07,Civil,2025-07-17,2025-09-19,Disposed,64.0,False,,64.0,False,False,,2025-07,2025Q3,2025-09,,False,Eastfield District Court,Eastern,District
003832,06,Civil,2026-01-23,,Active,,False,,,False,True,221.0,2026-01,2026Q1,,3-12 months,False,Central Plains High Court,Central,High
003833,07,Family,2025-09-07,2026-06-01,Disposed,267.0,False,,267.0,False,False,,2025-09,2025Q3,2026-06,,False,Eastfield District Court,Eastern,District
003834,04,Youth,2025-10-25,2025-12-12,Disposed,48.0,False,,48.0,False,False,,2025-10,2025Q4,2025-12,,False,Riverton District Court,Central,District
003835,01,Family,2024-10-02,2025-10-05,Disposed,368.0,False,,368.0,False,False,,2024-10,2024Q4,2025-10,,False,Northbridge District Court,Northern,District
003836,10,Family,2025-10-09,2026-07-05,Disposed,269.0,False,,269.0,False,False,,2025-10,2025Q4,2026-07,,False,Fernbay District Court,Southern,District
003837,09,Family,2025-08-23,2026-05-11,Disposed,,False,,261.0,False,False,,2025-08,2025Q3,2026-05,,False,Southgate District Court,Southern,District
003838,06,Youth,2024-12-11,2025-09-30,Disposed,293.0,False,,293.0,False,False,,2024-12,2024Q4,2025-09,,False,Central Plains High Court,Central,High
003839,05,Criminal,2025-04-27,2025-10-24,Disposed,180.0,False,,180.0,False,False,,2025-04,2025Q2,2025-10,,False,Mistvale District Court,Central,District
003840,08,Family,2026-01-28,,Active,,False,,,False,True,216.0,2026-01,2026Q1,,3-12 months,False,Cape Lawson District Court,Eastern,District
003841,03,Youth,2026-04-21,2026-06-29,Disposed,69.0,False,,69.0,False,False,,2026-04,2026Q2,2026-06,,False,Harbourview High Court,Northern,High
003842,05,Criminal,2025-04-19,2026-08-18,Disposed,486.0,False,,486.0,False,False,,2025-04,2025Q2,2026-08,,False,Mistvale District Court,Central,District
003843,07,Family,2026-03-29,,Active,,False,,,False,True,156.0,2026-03,2026Q1,,3-12 months,False,Eastfield District Court,Eastern,District
003844,07,Family,2026-04-12,,Active,,False,,,False,True,142.0,2026-04,2026Q2,,3-12 months,False,Eastfield District Court,Eastern,District
003845,11,Youth,2026-03-29,2026-06-02,Disposed,65.0,False,,65.0,False,False,,2026-03,2026Q1,2026-06,,False,Southern Ranges High Court,Southern,High
003846,02,Criminal,2026-04-29,,Active,,False,,,False,True,125.0,2026-04,2026Q2,,3-12 months,False,Kauri Point District Court,Northern,District
003847,10,Family,2025-08-13,2025-10-15,Disposed,63.0,False,,63.0,False,False,,2025-08,2025Q3,2025-10,,False,Fernbay District Court,Southern,District
003848,04,Criminal,2025-07-15,,Active,,False,,,False,True,413.0,2025-07,2025Q3,,12+ months,True,Riverton District Court,Central,District
003849,12,Criminal,2025-07-12,2025-12-04,Disposed,145.0,False,,145.0,False,False,,2025-07,2025Q3,2025-12,,False,Willow Creek District Court,Southern,District
003850,12,Family,2025-04-30,2025-08-15,Disposed,107.0,False,,107.0,False,False,,2025-04,2025Q2,2025-08,,False,Willow Creek District Court,Southern,District
003851,01,Criminal,2025-05-13,2025-12-04,Disposed,205.0,False,,205.0,False,False,,2025-05,2025Q2,2025-12,,False,Northbridge District Court,Northern,District
003852,12,Family,2025-03-11,2025-05-02,Disposed,52.0,False,,52.0,False,False,,2025-03,2025Q1,2025-05,,False,Willow Creek District Court,Southern,District
003853,06,Criminal,2024-12-04,2025-04-20,Disposed,137.0,False,,137.0,False,False,,2024-12,2024Q4,2025-04,,False,Central Plains High Court,Central,High
003854,02,Civil,2025-09-10,2025-12-30,Disposed,111.0,False,,111.0,False,False,,2025-09,2025Q3,2025-12,,False,Kauri Point District Court,Northern,District
003855,04,Civil,2025-08-28,2025-11-28,Disposed,92.0,False,,92.0,False,False,,2025-08,2025Q3,2025-11,,False,Riverton District Court,Central,District
003856,07,Criminal,2026-05-28,,Active,,False,,,False,True,96.0,2026-05,2026Q2,,3-12 months,False,Eastfield District Court,Eastern,District
003857,07,Family,2026-05-09,,Active,,False,,,False,True,115.0,2026-05,2026Q2,,3-12 months,False,Eastfield District Court,Eastern,District
003858,09,Civil,2024-10-14,2025-04-03,Disposed,171.0,False,,171.0,False,False,,2024-10,2024Q4,2025-04,,False,Southgate District Court,Southern,District
003859,02,Civil,2026-06-16,2026-08-15,Disposed,60.0,False,,60.0,False,False,,2026-06,2026Q2,2026-08,,False,Kauri Point District Court,Northern,District
003860,07,Criminal,2025-09-24,2026-05-07,Disposed,225.0,False,,225.0,False,False,,2025-09,2025Q3,2026-05,,False,Eastfield District Court,Eastern,District
003861,02,Civil,2026-03-22,2026-05-12,Disposed,51.0,False,,51.0,False,False,,2026-03,2026Q1,2026-05,,False,Kauri Point District Court,Northern,District
003862,06,Criminal,2024-09-21,2024-11-29,Disposed,69.0,False,,69.0,False,False,,2024-09,2024Q3,2024-11,,False,Central Plains High Court,Central,High
003863,01,Family,2024-07-15,2025-07-30,Disposed,380.0,False,,380.0,False,False,,2024-07,2024Q3,2025-07,,False,Northbridge District Court,Northern,District
003864,07,Family,2026-04-16,,Active,,False,,,False,True,138.0,2026-04,2026Q2,,3-12 months,False,Eastfield District Court,Eastern,District
003865,09,Civil,2026-01-07,2026-04-01,Disposed,84.0,False,,84.0,False,False,,2026-01,2026Q1,2026-04,,False,Southgate District Court,Southern,District
003866,10,Civil,2025-09-12,,Active,,False,,,False,True,354.0,2025-09,2025Q3,,3-12 months,False,Fernbay District Court,Southern,District
003867,03,Civil,2025-11-19,2026-07-15,Disposed,238.0,False,,238.0,False,False,,2025-11,2025Q4,2026-07,,False,Harbourview High Court,Northern,High
003868,12,Family,2025-07-09,2026-06-28,Disposed,354.0,False,,354.0,False,False,,2025-07,2025Q3,2026-06,,False,Willow Creek District Court,Southern,District
003869,07,Criminal,2026-01-12,,Active,,False,,,False,True,232.0,2026-01,2026Q1,,3-12 months,False,Eastfield District Court,Eastern,District
003870,07,Civil,2025-03-05,,Active,,False,,,False,True,545.0,2025-03,2025Q1,,12+ months,True,Eastfield District Court,Eastern,District
003871,01,Youth,2025-01-29,2025-05-20,Disposed,111.0,False,,111.0,False,False,,2025-01,2025Q1,2025-05,,False,Northbridge District Court,Northern,District
003872,11,Civil,2025-06-13,2026-01-05,Disposed,206.0,False,,206.0,False,False,,2025-06,2025Q2,2026-01,,False,Southern Ranges High Court,Southern,High
003873,12,Criminal,2025-05-05,,Active,,False,,,False,True,484.0,2025-05,2025Q2,,12+ months,True,Willow Creek District Court,Southern,District
003874,03,Civil,2025-10-24,2026-02-04,Disposed,103.0,False,,103.0,False,False,,2025-10,2025Q4,2026-02,,False,Harbourview High Court,Northern,High
003875,03,Youth,2025-10-25,2026-01-02,Disposed,69.0,False,,69.0,False,False,,2025-10,2025Q4,2026-01,,False,Harbourview High Court,Northern,High
003876,05,Civil,2026-04-20,,Active,,False,,,False,True,134.0,2026-04,2026Q2,,3-12 months,False,Mistvale District Court,Central,District
003877,10,Family,2026-02-27,2026-05-21,Disposed,83.0,False,,83.0,False,False,,2026-02,2026Q1,2026-05,,False,Fernbay District Court,Southern,District
003878,07,Youth,2025-03-09,2025-03-27,Disposed,18.0,False,,18.0,False,False,,2025-03,2025Q1,2025-03,,False,Eastfield District Court,Eastern,District
003879,01,Civil,2025-10-01,2025-12-20,Disposed,80.0,False,,80.0,False,False,,2025-10,2025Q4,2025-12,,False,Northbridge District Court,Northern,District
003880,12,Criminal,2024-12-05,2025-03-09,Disposed,94.0,False,,94.0,False,False,,2024-12,2024Q4,2025-03,,False,Willow Creek District Court,Southern,District
003881,12,Civil,2025-06-11,2025-10-27,Disposed,138.0,False,,138.0,False,False,,2025-06,2025Q2,2025-10,,False,Willow Creek District Court,Southern,District
003882,04,Youth,2026-02-06,2026-03-21,Disposed,43.0,False,,43.0,False,False,,2026-02,2026Q1,2026-03,,False,Riverton District Court,Central,District
003883,05,Family,2026-03-26,2026-07-28,Disposed,124.0,False,,124.0,False,False,,2026-03,2026Q1,2026-07,,False,Mistvale District Court,Central,District
003884,07,Criminal,2025-02-11,2025-04-10,Disposed,,False,,58.0,False,False,,2025-02,2025Q1,2025-04,,False,Eastfield District Court,Eastern,District
003885,03,Family,2026-01-17,2026-05-14,Disposed,117.0,False,,117.0,False,False,,2026-01,2026Q1,2026-05,,False,Harbourview High Court,Northern,High
003886,03,Youth,2025-07-27,,Active,,False,,,False,True,401.0,2025-07,2025Q3,,12+ months,True,Harbourview High Court,Northern,High
003887,12,Family,2025-05-12,2026-02-01,Disposed,265.0,False,,265.0,False,False,,2025-05,2025Q2,2026-02,,False,Willow Creek District Court,Southern,District
003888,02,Civil,2026-03-20,,Active,,False,,,False,True,165.0,2026-03,2026Q1,,3-12 months,False,Kauri Point District Court,Northern,District
003889,03,Youth,2024-07-10,2024-08-15,Disposed,36.0,False,,36.0,False,False,,2024-07,2024Q3,2024-08,,False,Harbourview High Court,Northern,High
003890,02,Criminal,2024-08-23,2024-11-26,Disposed,95.0,False,,95.0,False,False,,2024-08,2024Q3,2024-11,,False,Kauri Point District Court,Northern,District
003891,11,Youth,2025-06-23,2025-07-30,Disposed,37.0,False,,37.0,False,False,,2025-06,2025Q2,2025-07,,False,Southern Ranges High Court,Southern,High
003892,05,Family,2024-10-18,2025-03-21,Disposed,154.0,False,,154.0,False,False,,2024-10,2024Q4,2025-03,,False,Mistvale District Court,Central,District
003893,12,Civil,2026-03-15,2026-07-26,Disposed,133.0,False,,133.0,False,False,,2026-03,2026Q1,2026-07,,False,Willow Creek District Court,Southern,District
003894,12,Family,2024-07-08,2025-03-13,Disposed,248.0,False,,248.0,False,False,,2024-07,2024Q3,2025-03,,False,Willow Creek District Court,Southern,District
003895,03,Criminal,2025-01-04,2025-08-27,Disposed,235.0,False,,235.0,False,False,,2025-01,2025Q1,2025-08,,False,Harbourview High Court,Northern,High
003896,03,Criminal,2026-02-16,2026-04-27,Disposed,70.0,False,,70.0,False,False,,2026-02,2026Q1,2026-04,,False,Harbourview High Court,Northern,High
003897,07,Youth,2025-07-04,2025-12-20,Disposed,169.0,False,,169.0,False,False,,2025-07,2025Q3,2025-12,,False,Eastfield District Court,Eastern,District
003898,07,Criminal,2025-03-13,2025-09-21,Disposed,192.0,False,,192.0,False,False,,2025-03,2025Q1,2025-09,,False,Eastfield District Court,Eastern,District
003899,12,Civil,2025-02-11,2025-08-25,Disposed,195.0,False,,195.0,False,False,,2025-02,2025Q1,2025-08,,False,Willow Creek District Court,Southern,District
003900,06,Family,2025-05-12,2025-08-07,Disposed,87.0,False,,87.0,False,False,,2025-05,2025Q2,2025-08,,False,Central Plains High Court,Central,High
003901,05,Family,2025-09-05,2026-05-01,Disposed,238.0,False,,238.0,False,False,,2025-09,2025Q3,2026-05,,False,Mistvale District Court,Central,District
003902,06,Criminal,2026-03-13,2026-06-21,Disposed,100.0,False,,100.0,False,False,,2026-03,2026Q1,2026-06,,False,Central Plains High Court,Central,High
003903,07,Family,2024-09-07,2024-10-18,Disposed,41.0,False,,41.0,False,False,,2024-09,2024Q3,2024-10,,False,Eastfield District Court,Eastern,District
003904,04,Criminal,2026-04-12,2026-06-09,Disposed,58.0,False,,58.0,False,False,,2026-04,2026Q2,2026-06,,False,Riverton District Court,Central,District
003905,01,Family,2024-10-29,2025-03-03,Disposed,125.0,False,,125.0,False,False,,2024-10,2024Q4,2025-03,,False,Northbridge District Court,Northern,District
003906,04,Civil,2026-04-25,,Active,,False,,,False,True,129.0,2026-04,2026Q2,,3-12 months,False,Riverton District Court,Central,District
003907,04,Criminal,2025-05-05,2025-12-09,Disposed,218.0,False,,218.0,False,False,,2025-05,2025Q2,2025-12,,False,Riverton District Court,Central,District
003908,05,Criminal,2025-12-14,2026-08-14,Disposed,243.0,False,,243.0,False,False,,2025-12,2025Q4,2026-08,,False,Mistvale District Court,Central,District
003909,04,Criminal,2024-09-05,2025-03-21,Disposed,197.0,False,,197.0,False,False,,2024-09,2024Q3,2025-03,,False,Riverton District Court,Central,District
003910,01,Criminal,2025-06-16,2025-07-29,Disposed,53.0,False,,43.0,True,False,,2025-06,2025Q2,2025-07,,False,Northbridge District Court,Northern,District
003911,09,Youth,2026-06-10,2026-07-03,Disposed,23.0,False,,23.0,False,False,,2026-06,2026Q2,2026-07,,False,Southgate District Court,Southern,District
003912,10,Civil,2024-11-21,2024-11-10,Disposed,70.0,True,disposed before filed,-11.0,True,False,,2024-11,2024Q4,2024-11,,False,Fernbay District Court,Southern,District
003913,01,Criminal,2025-04-15,2025-06-21,Disposed,67.0,False,,67.0,False,False,,2025-04,2025Q2,2025-06,,False,Northbridge District Court,Northern,District
003914,01,Youth,2026-04-06,,Active,,False,,,False,True,148.0,2026-04,2026Q2,,3-12 months,False,Northbridge District Court,Northern,District
003915,10,Civil,2025-10-22,2025-12-17,Disposed,56.0,False,,56.0,False,False,,2025-10,2025Q4,2025-12,,False,Fernbay District Court,Southern,District
003916,10,Criminal,2026-01-12,2025-12-12,Disposed,71.0,True,disposed before filed,-31.0,True,False,,2026-01,2026Q1,2025-12,,False,Fernbay District Court,Southern,District
003917,04,Family,2026-03-14,2026-07-20,Disposed,128.0,False,,128.0,False,False,,2026-03,2026Q1,2026-07,,False,Riverton District Court,Central,District
003918,09,Criminal,2025-03-10,2025-05-01,Disposed,52.0,False,,52.0,False,False,,2025-03,2025Q1,2025-05,,False,Southgate District Court,Southern,District
003919,06,Family,2025-05-04,2025-10-03,Disposed,152.0,False,,152.0,False,False,,2025-05,2025Q2,2025-10,,False,Central Plains High Court,Central,High
003920,02,Family,2025-10-15,2026-02-10,Disposed,118.0,False,,118.0,False,False,,2025-10,2025Q4,2026-02,,False,Kauri Point District Court,Northern,District
003921,06,Youth,2024-11-18,2025-03-14,Disposed,116.0,False,,116.0,False,False,,2024-11,2024Q4,2025-03,,False,Central Plains High Court,Central,High
003922,11,Family,2026-04-04,,Active,,False,,,False,True,150.0,2026-04,2026Q2,,3-12 months,False,Southern Ranges High Court,Southern,High
003923,03,Criminal,2026-04-27,2026-07-15,Disposed,79.0,False,,79.0,False,False,,2026-04,2026Q2,2026-07,,False,Harbourview High Court,Northern,High
003924,09,Youth,2025-12-25,2026-01-30,Disposed,36.0,False,,36.0,False,False,,2025-12,2025Q4,2026-01,,False,Southgate District Court,Southern,District
003925,08,Family,2025-11-19,,Active,,False,,,False,True,286.0,2025-11,2025Q4,,3-12 months,False,Cape Lawson District Court,Eastern,District
003926,01,Civil,2026-05-27,2026-08-13,Disposed,78.0,False,,78.0,False,False,,2026-05,2026Q2,2026-08,,False,Northbridge District Court,Northern,District
003927,05,Criminal,2025-04-24,2025-10-21,Disposed,180.0,False,,180.0,False,False,,2025-04,2025Q2,2025-10,,False,Mistvale District Court,Central,District
003928,12,Criminal,2024-10-14,2025-01-13,Disposed,91.0,False,,91.0,False,False,,2024-10,2024Q4,2025-01,,False,Willow Creek District Court,Southern,District
003929,09,Criminal,2024-07-08,2025-02-24,Disposed,231.0,False,,231.0,False,False,,2024-07,2024Q3,2025-02,,False,Southgate District Court,Southern,District
003930,06,Civil,2025-11-17,2026-05-14,Disposed,178.0,False,,178.0,False,False,,2025-11,2025Q4,2026-05,,False,Central Plains High Court,Central,High
003931,06,Criminal,2024-09-13,2025-02-14,Disposed,154.0,False,,154.0,False,False,,2024-09,2024Q3,2025-02,,False,Central Plains High Court,Central,High
003932,07,Criminal,2025-10-31,2026-08-01,Disposed,274.0,False,,274.0,False,False,,2025-10,2025Q4,2026-08,,False,Eastfield District Court,Eastern,District
003933,08,Youth,2024-08-01,2026-01-28,Disposed,545.0,False,,545.0,False,False,,2024-08,2024Q3,2026-01,,False,Cape Lawson District Court,Eastern,District
003934,01,Family,2025-04-01,2025-08-14,Disposed,135.0,False,,135.0,False,False,,2025-04,2025Q2,2025-08,,False,Northbridge District Court,Northern,District
003935,10,Criminal,2026-02-23,2026-07-15,Disposed,142.0,False,,142.0,False,False,,2026-02,2026Q1,2026-07,,False,Fernbay District Court,Southern,District
003936,07,Criminal,2025-01-01,2025-06-26,Disposed,176.0,False,,176.0,False,False,,2025-01,2025Q1,2025-06,,False,Eastfield District Court,Eastern,District
003937,09,Civil,2025-09-27,2026-03-11,Disposed,165.0,False,,165.0,False,False,,2025-09,2025Q3,2026-03,,False,Southgate District Court,Southern,District
003938,03,Family,2026-04-02,2026-08-03,Disposed,123.0,False,,123.0,False,False,,2026-04,2026Q2,2026-08,,False,Harbourview High Court,Northern,High
003939,11,Civil,2025-08-05,2025-12-24,Disposed,141.0,False,,141.0,False,False,,2025-08,2025Q3,2025-12,,False,Southern Ranges High Court,Southern,High
003940,06,Civil,2025-03-03,2025-05-04,Disposed,62.0,False,,62.0,False,False,,2025-03,2025Q1,2025-05,,False,Central Plains High Court,Central,High
003941,01,Youth,2026-05-20,2026-08-20,Disposed,92.0,False,,92.0,False,False,,2026-05,2026Q2,2026-08,,False,Northbridge District Court,Northern,District
003942,01,Civil,2025-09-16,2026-01-01,Disposed,107.0,False,,107.0,False,False,,2025-09,2025Q3,2026-01,,False,Northbridge District Court,Northern,District
003943,13,Criminal,2025-01-17,2025-02-14,Disposed,28.0,True,court_id not in lookup,28.0,False,False,,2025-01,2025Q1,2025-02,,False,,,
003944,03,Criminal,2026-01-15,2026-04-27,Disposed,102.0,False,,102.0,False,False,,2026-01,2026Q1,2026-04,,False,Harbourview High Court,Northern,High
003945,04,Civil,2026-05-30,,Active,,False,,,False,True,94.0,2026-05,2026Q2,,3-12 months,False,Riverton District Court,Central,District
003946,05,Family,2026-03-19,,Active,,False,,,False,True,166.0,2026-03,2026Q1,,3-12 months,False,Mistvale District Court,Central,District
003947,08,Criminal,2026-02-03,2026-07-10,Disposed,157.0,False,,157.0,False,False,,2026-02,2026Q1,2026-07,,False,Cape Lawson District Court,Eastern,District
003948,07,Civil,2024-07-09,2025-02-15,Disposed,221.0,False,,221.0,False,False,,2024-07,2024Q3,2025-02,,False,Eastfield District Court,Eastern,District
003949,04,Criminal,2025-12-22,2026-07-15,Disposed,205.0,False,,205.0,False,False,,2025-12,2025Q4,2026-07,,False,Riverton District Court,Central,District
003950,06,Family,2025-09-24,2026-06-02,Disposed,251.0,False,,251.0,False,False,,2025-09,2025Q3,2026-06,,False,Central Plains High Court,Central,High
003951,09,Youth,2026-06-23,,Active,,False,,,False,True,70.0,2026-06,2026Q2,,0-3 months,False,Southgate District Court,Southern,District
003952,09,Criminal,2024-11-16,2025-01-01,Disposed,46.0,False,,46.0,False,False,,2024-11,2024Q4,2025-01,,False,Southgate District Court,Southern,District
003953,01,Family,2025-07-26,,Active,,False,,,False,True,402.0,2025-07,2025Q3,,12+ months,True,Northbridge District Court,Northern,District
003954,01,Youth,2024-11-04,2024-12-07,Disposed,33.0,False,,33.0,False,False,,2024-11,2024Q4,2024-12,,False,Northbridge District Court,Northern,District
003955,03,Criminal,2024-09-24,,Active,,False,,,False,True,707.0,2024-09,2024Q3,,12+ months,True,Harbourview High Court,Northern,High
003956,06,Criminal,2026-04-13,2026-05-19,Disposed,36.0,False,,36.0,False,False,,2026-04,2026Q2,2026-05,,False,Central Plains High Court,Central,High
003957,12,Youth,2025-02-10,2025-11-03,Disposed,266.0,False,,266.0,False,False,,2025-02,2025Q1,2025-11,,False,Willow Creek District Court,Southern,District
003958,01,Family,2026-05-01,,Active,,False,,,False,True,123.0,2026-05,2026Q2,,3-12 months,False,Northbridge District Court,Northern,District
003959,02,Civil,2025-03-05,2025-12-29,Disposed,299.0,False,,299.0,False,False,,2025-03,2025Q1,2025-12,,False,Kauri Point District Court,Northern,District
003960,07,Youth,2026-03-27,2026-06-26,Disposed,91.0,False,,91.0,False,False,,2026-03,2026Q1,2026-06,,False,Eastfield District Court,Eastern,District
003961,04,Civil,2024-07-31,2024-12-04,Disposed,126.0,False,,126.0,False,False,,2024-07,2024Q3,2024-12,,False,Riverton District Court,Central,District
003962,01,Criminal,2026-04-03,2026-08-23,Disposed,142.0,False,,142.0,False,False,,2026-04,2026Q2,2026-08,,False,Northbridge District Court,Northern,District
003963,01,Family,2026-06-24,,Active,,False,,,False,True,69.0,2026-06,2026Q2,,0-3 months,False,Northbridge District Court,Northern,District
003964,09,Youth,2025-02-03,2025-04-16,Disposed,72.0,False,,72.0,False,False,,2025-02,2025Q1,2025-04,,False,Southgate District Court,Southern,District
003965,02,Civil,2026-04-02,2026-07-03,Disposed,92.0,False,,92.0,False,False,,2026-04,2026Q2,2026-07,,False,Kauri Point District Court,Northern,District
003966,02,Civil,2025-09-03,2025-11-12,Disposed,70.0,False,,70.0,False,False,,2025-09,2025Q3,2025-11,,False,Kauri Point District Court,Northern,District
003967,06,Family,2025-02-20,2025-08-13,Disposed,174.0,False,,174.0,False,False,,2025-02,2025Q1,2025-08,,False,Central Plains High Court,Central,High
003968,03,Criminal,2026-03-05,2026-06-20,Disposed,107.0,False,,107.0,False,False,,2026-03,2026Q1,2026-06,,False,Harbourview High Court,Northern,High
003969,08,Civil,2025-12-22,,Active,,False,,,False,True,253.0,2025-12,2025Q4,,3-12 months,False,Cape Lawson District Court,Eastern,District
003970,06,Family,2024-12-03,2025-05-18,Disposed,,False,,166.0,False,False,,2024-12,2024Q4,2025-05,,False,Central Plains High Court,Central,High
003971,04,Civil,2026-05-15,2026-07-26,Disposed,72.0,False,,72.0,False,False,,2026-05,2026Q2,2026-07,,False,Riverton District Court,Central,District
003972,08,Family,2025-09-11,,Active,,False,,,False,True,355.0,2025-09,2025Q3,,3-12 months,False,Cape Lawson District Court,Eastern,District
003973,10,Criminal,2024-09-20,2024-12-04,Disposed,75.0,False,,75.0,False,False,,2024-09,2024Q3,2024-12,,False,Fernbay District Court,Southern,District
003974,12,Criminal,2025-09-26,,Active,,False,,,False,True,340.0,2025-09,2025Q3,,3-12 months,False,Willow Creek District Court,Southern,District
003975,05,Criminal,2025-05-11,2025-11-14,Disposed,187.0,False,,187.0,False,False,,2025-05,2025Q2,2025-11,,False,Mistvale District Court,Central,District
003976,08,Criminal,2025-08-22,2025-12-17,Disposed,117.0,False,,117.0,False,False,,2025-08,2025Q3,2025-12,,False,Cape Lawson District Court,Eastern,District
003977,08,Youth,2025-10-19,2026-01-17,Disposed,90.0,False,,90.0,False,False,,2025-10,2025Q4,2026-01,,False,Cape Lawson District Court,Eastern,District
003978,02,Civil,2026-03-18,2026-05-30,Disposed,73.0,False,,73.0,False,False,,2026-03,2026Q1,2026-05,,False,Kauri Point District Court,Northern,District
003979,02,Criminal,2025-05-17,2025-08-18,Disposed,93.0,False,,93.0,False,False,,2025-05,2025Q2,2025-08,,False,Kauri Point District Court,Northern,District
003980,,Criminal,2024-12-22,2025-07-14,Disposed,204.0,True,court_id not in lookup,204.0,False,False,,2024-12,2024Q4,2025-07,,False,,,
003981,07,Family,2024-09-29,2025-02-23,Disposed,147.0,False,,147.0,False,False,,2024-09,2024Q3,2025-02,,False,Eastfield District Court,Eastern,District
003982,05,Criminal,2025-06-21,,Active,,False,,,False,True,437.0,2025-06,2025Q2,,12+ months,True,Mistvale District Court,Central,District
003983,08,Family,2026-05-30,,Active,,False,,,False,True,94.0,2026-05,2026Q2,,3-12 months,False,Cape Lawson District Court,Eastern,District
003984,01,Youth,2025-11-30,2026-03-27,Disposed,117.0,False,,117.0,False,False,,2025-11,2025Q4,2026-03,,False,Northbridge District Court,Northern,District
003985,05,Criminal,2026-06-10,,Active,,False,,,False,True,83.0,2026-06,2026Q2,,0-3 months,False,Mistvale District Court,Central,District
003986,03,Criminal,2025-09-12,,Active,,False,,,False,True,354.0,2025-09,2025Q3,,3-12 months,False,Harbourview High Court,Northern,High
003987,14,Family,2025-10-03,2026-03-18,Disposed,166.0,True,court_id not in lookup,166.0,False,False,,2025-10,2025Q4,2026-03,,False,,,
003988,01,Criminal,2025-08-04,2026-01-26,Disposed,175.0,False,,175.0,False,False,,2025-08,2025Q3,2026-01,,False,Northbridge District Court,Northern,District
003989,01,Civil,2026-03-03,,Active,,False,,,False,True,182.0,2026-03,2026Q1,,3-12 months,False,Northbridge District Court,Northern,District
003990,01,Family,2024-08-08,2026-06-12,Disposed,673.0,False,,673.0,False,False,,2024-08,2024Q3,2026-06,,False,Northbridge District Court,Northern,District
003991,12,Criminal,2025-02-28,2025-11-30,Disposed,275.0,False,,275.0,False,False,,2025-02,2025Q1,2025-11,,False,Willow Creek District Court,Southern,District
003992,04,Family,2025-10-24,2026-03-03,Disposed,130.0,False,,130.0,False,False,,2025-10,2025Q4,2026-03,,False,Riverton District Court,Central,District
003993,12,Criminal,2024-10-19,2024-12-12,Disposed,54.0,False,,54.0,False,False,,2024-10,2024Q4,2024-12,,False,Willow Creek District Court,Southern,District
003994,06,Criminal,2026-01-14,2026-05-14,Disposed,120.0,False,,120.0,False,False,,2026-01,2026Q1,2026-05,,False,Central Plains High Court,Central,High
003995,11,Civil,2025-12-14,2026-06-22,Disposed,190.0,False,,190.0,False,False,,2025-12,2025Q4,2026-06,,False,Southern Ranges High Court,Southern,High
003996,06,Family,2025-02-01,2026-03-20,Disposed,412.0,False,,412.0,False,False,,2025-02,2025Q1,2026-03,,False,Central Plains High Court,Central,High
003997,03,Criminal,2024-09-25,2025-03-26,Disposed,182.0,False,,182.0,False,False,,2024-09,2024Q3,2025-03,,False,Harbourview High Court,Northern,High
003998,09,Family,2026-05-22,,Active,,False,,,False,True,102.0,2026-05,2026Q2,,3-12 months,False,Southgate District Court,Southern,District
003999,10,Civil,2026-04-21,,Active,,False,,,False,True,133.0,2026-04,2026Q2,,3-12 months,False,Fernbay District Court,Southern,District
004000,10,Criminal,2025-07-06,2026-03-03,Disposed,240.0,False,,240.0,False,False,,2025-07,2025Q3,2026-03,,False,Fernbay District Court,Southern,District
004001,10,Criminal,2025-02-26,2025-07-05,Disposed,129.0,False,,129.0,False,False,,2025-02,2025Q1,2025-07,,False,Fernbay District Court,Southern,District
004002,06,Youth,2024-12-19,2025-02-25,Disposed,68.0,False,,68.0,False,False,,2024-12,2024Q4,2025-02,,False,Central Plains High Court,Central,High
004003,02,Civil,2024-08-02,2025-03-03,Disposed,213.0,False,,213.0,False,False,,2024-08,2024Q3,2025-03,,False,Kauri Point District Court,Northern,District
004004,08,Criminal,2026-02-24,,Active,,False,,,False,True,189.0,2026-02,2026Q1,,3-12 months,False,Cape Lawson District Court,Eastern,District
004005,08,Civil,2025-07-04,,Active,,False,,,False,True,424.0,2025-07,2025Q3,,12+ months,True,Cape Lawson District Court,Eastern,District
004006,09,Criminal,2025-10-02,,Active,,False,,,False,True,334.0,2025-10,2025Q4,,3-12 months,False,Southgate District Court,Southern,District
004007,03,Civil,2024-11-09,,Active,,False,,,False,True,661.0,2024-11,2024Q4,,12+ months,True,Harbourview High Court,Northern,High
004008,09,Criminal,2025-04-22,2025-06-09,Disposed,48.0,False,,48.0,False,False,,2025-04,2025Q2,2025-06,,False,Southgate District Court,Southern,District
004009,12,Criminal,2024-11-26,2025-04-23,Disposed,148.0,False,,148.0,False,False,,2024-11,2024Q4,2025-04,,False,Willow Creek District Court,Southern,District
004010,06,Civil,2026-05-27,,Active,,False,,,False,True,97.0,2026-05,2026Q2,,3-12 months,False,Central Plains High Court,Central,High
004011,09,Criminal,2025-08-05,,Active,,False,,,False,True,392.0,2025-08,2025Q3,,12+ months,True,Southgate District Court,Southern,District
004012,04,Criminal,2024-10-14,2024-12-12,Disposed,59.0,False,,59.0,False,False,,2024-10,2024Q4,2024-12,,False,Riverton District Court,Central,District
004013,10,Civil,2024-10-29,2025-07-22,Disposed,266.0,False,,266.0,False,False,,2024-10,2024Q4,2025-07,,False,Fernbay District Court,Southern,District
004014,04,Family,2025-04-27,,Active,,False,,,False,True,492.0,2025-04,2025Q2,,12+ months,True,Riverton District Court,Central,District
004015,05,Civil,2026-03-07,,Active,,False,,,False,True,178.0,2026-03,2026Q1,,3-12 months,False,Mistvale District Court,Central,District
004016,05,Civil,2025-04-20,,Active,,False,,,False,True,499.0,2025-04,2025Q2,,12+ months,True,Mistvale District Court,Central,District
004017,01,Family,2026-05-12,2026-08-11,Disposed,91.0,False,,91.0,False,False,,2026-05,2026Q2,2026-08,,False,Northbridge District Court,Northern,District
004018,09,Civil,2024-07-08,2024-12-18,Disposed,163.0,False,,163.0,False,False,,2024-07,2024Q3,2024-12,,False,Southgate District Court,Southern,District
004019,09,Family,2025-10-31,2026-07-25,Disposed,267.0,False,,267.0,False,False,,2025-10,2025Q4,2026-07,,False,Southgate District Court,Southern,District
004020,03,Criminal,2025-10-12,2026-07-13,Disposed,274.0,False,,274.0,False,False,,2025-10,2025Q4,2026-07,,False,Harbourview High Court,Northern,High
004021,09,Family,2024-08-31,2025-06-24,Disposed,297.0,False,,297.0,False,False,,2024-08,2024Q3,2025-06,,False,Southgate District Court,Southern,District
004022,02,Youth,2026-05-01,2026-06-20,Disposed,50.0,False,,50.0,False,False,,2026-05,2026Q2,2026-06,,False,Kauri Point District Court,Northern,District
004023,12,Family,2025-06-19,,Active,,False,,,False,True,439.0,2025-06,2025Q2,,12+ months,True,Willow Creek District Court,Southern,District
004024,12,Civil,2024-11-30,2025-03-23,Disposed,,False,,113.0,False,False,,2024-11,2024Q4,2025-03,,False,Willow Creek District Court,Southern,District
004025,05,Criminal,2025-10-25,2026-02-05,Disposed,103.0,False,,103.0,False,False,,2025-10,2025Q4,2026-02,,False,Mistvale District Court,Central,District
004026,07,Youth,2025-01-06,2025-05-12,Disposed,126.0,False,,126.0,False,False,,2025-01,2025Q1,2025-05,,False,Eastfield District Court,Eastern,District
004027,05,Civil,2025-08-29,,Active,,False,,,False,True,368.0,2025-08,2025Q3,,12+ months,True,Mistvale District Court,Central,District
004028,11,Civil,2026-03-18,,Active,,False,,,False,True,167.0,2026-03,2026Q1,,3-12 months,False,Southern Ranges High Court,Southern,High
004029,03,Criminal,2024-08-01,2024-10-27,Disposed,87.0,False,,87.0,False,False,,2024-08,2024Q3,2024-10,,False,Harbourview High Court,Northern,High
004030,10,Criminal,2025-12-14,2026-01-22,Disposed,39.0,False,,39.0,False,False,,2025-12,2025Q4,2026-01,,False,Fernbay District Court,Southern,District
004031,01,Youth,2025-03-29,2025-05-13,Disposed,45.0,False,,45.0,False,False,,2025-03,2025Q1,2025-05,,False,Northbridge District Court,Northern,District
004032,05,Criminal,2025-12-30,2026-04-02,Disposed,93.0,False,,93.0,False,False,,2025-12,2025Q4,2026-04,,False,Mistvale District Court,Central,District
004033,06,Civil,2026-06-12,,Active,,False,,,False,True,81.0,2026-06,2026Q2,,0-3 months,False,Central Plains High Court,Central,High
004034,08,Civil,2025-10-17,,Active,,False,,,False,True,319.0,2025-10,2025Q4,,3-12 months,False,Cape Lawson District Court,Eastern,District
004035,10,Criminal,2025-11-25,2026-02-08,Disposed,75.0,False,,75.0,False,False,,2025-11,2025Q4,2026-02,,False,Fernbay District Court,Southern,District
004036,10,Family,2026-01-29,,Active,,False,,,False,True,215.0,2026-01,2026Q1,,3-12 months,False,Fernbay District Court,Southern,District
004037,04,Criminal,2025-06-17,2025-08-25,Disposed,69.0,False,,69.0,False,False,,2025-06,2025Q2,2025-08,,False,Riverton District Court,Central,District
004038,11,Criminal,2024-07-31,2025-01-24,Disposed,177.0,False,,177.0,False,False,,2024-07,2024Q3,2025-01,,False,Southern Ranges High Court,Southern,High
004039,01,Civil,2024-08-08,2025-01-04,Disposed,149.0,False,,149.0,False,False,,2024-08,2024Q3,2025-01,,False,Northbridge District Court,Northern,District
004040,09,Criminal,2024-10-13,2025-03-26,Disposed,164.0,False,,164.0,False,False,,2024-10,2024Q4,2025-03,,False,Southgate District Court,Southern,District
004041,02,Family,2026-06-18,,Active,,False,,,False,True,75.0,2026-06,2026Q2,,0-3 months,False,Kauri Point District Court,Northern,District
004042,07,Youth,2024-09-07,2024-11-23,Disposed,77.0,False,,77.0,False,False,,2024-09,2024Q3,2024-11,,False,Eastfield District Court,Eastern,District
004043,06,Family,2026-05-21,,Active,,False,,,False,True,103.0,2026-05,2026Q2,,3-12 months,False,Central Plains High Court,Central,High
004044,08,Youth,2025-07-08,2025-08-15,Disposed,38.0,False,,38.0,False,False,,2025-07,2025Q3,2025-08,,False,Cape Lawson District Court,Eastern,District
004045,12,Criminal,2026-01-29,2026-03-03,Disposed,33.0,False,,33.0,False,False,,2026-01,2026Q1,2026-03,,False,Willow Creek District Court,Southern,District
004046,04,Youth,2024-07-04,2024-07-26,Disposed,22.0,False,,22.0,False,False,,2024-07,2024Q3,2024-07,,False,Riverton District Court,Central,District
004047,04,Civil,2025-10-25,2026-02-05,Disposed,103.0,False,,103.0,False,False,,2025-10,2025Q4,2026-02,,False,Riverton District Court,Central,District
004048,10,Criminal,2026-03-14,2026-06-26,Disposed,104.0,False,,104.0,False,False,,2026-03,2026Q1,2026-06,,False,Fernbay District Court,Southern,District
004049,07,Family,2024-09-09,2025-06-12,Disposed,276.0,False,,276.0,False,False,,2024-09,2024Q3,2025-06,,False,Eastfield District Court,Eastern,District
004050,01,Criminal,2025-04-09,2025-06-03,Disposed,,False,,55.0,False,False,,2025-04,2025Q2,2025-06,,False,Northbridge District Court,Northern,District
004051,10,Civil,2025-07-20,,Active,,False,,,False,True,408.0,2025-07,2025Q3,,12+ months,True,Fernbay District Court,Southern,District
004052,03,Criminal,2025-08-12,,Active,,False,,,False,True,385.0,2025-08,2025Q3,,12+ months,True,Harbourview High Court,Northern,High
004053,03,Criminal,2025-07-23,2025-08-24,Disposed,32.0,False,,32.0,False,False,,2025-07,2025Q3,2025-08,,False,Harbourview High Court,Northern,High
004054,08,Family,2025-10-08,2026-02-20,Disposed,135.0,False,,135.0,False,False,,2025-10,2025Q4,2026-02,,False,Cape Lawson District Court,Eastern,District
004055,02,Family,2026-05-03,,Active,,False,,,False,True,121.0,2026-05,2026Q2,,3-12 months,False,Kauri Point District Court,Northern,District
004056,02,Civil,2025-07-03,2025-12-19,Disposed,169.0,False,,169.0,False,False,,2025-07,2025Q3,2025-12,,False,Kauri Point District Court,Northern,District
004057,08,Civil,2026-02-10,2026-07-17,Disposed,157.0,False,,157.0,False,False,,2026-02,2026Q1,2026-07,,False,Cape Lawson District Court,Eastern,District
004058,11,Family,2025-05-04,2025-08-24,Disposed,112.0,False,,112.0,False,False,,2025-05,2025Q2,2025-08,,False,Southern Ranges High Court,Southern,High
004059,10,Criminal,2025-04-24,2025-09-03,Disposed,132.0,False,,132.0,False,False,,2025-04,2025Q2,2025-09,,False,Fernbay District Court,Southern,District
004060,12,Youth,2024-10-17,2024-11-21,Disposed,35.0,False,,35.0,False,False,,2024-10,2024Q4,2024-11,,False,Willow Creek District Court,Southern,District
004061,10,Family,2024-09-26,2024-10-30,Disposed,34.0,False,,34.0,False,False,,2024-09,2024Q3,2024-10,,False,Fernbay District Court,Southern,District
004062,03,Civil,2025-06-20,2025-08-04,Disposed,45.0,False,,45.0,False,False,,2025-06,2025Q2,2025-08,,False,Harbourview High Court,Northern,High
004063,10,Youth,2025-05-16,2025-06-09,Disposed,24.0,False,,24.0,False,False,,2025-05,2025Q2,2025-06,,False,Fernbay District Court,Southern,District
004064,10,Criminal,2025-10-14,2026-01-27,Disposed,105.0,False,,105.0,False,False,,2025-10,2025Q4,2026-01,,False,Fernbay District Court,Southern,District
004065,03,Civil,2025-06-30,2025-10-25,Disposed,117.0,False,,117.0,False,False,,2025-06,2025Q2,2025-10,,False,Harbourview High Court,Northern,High
004066,01,Criminal,2025-07-24,2026-01-03,Disposed,,False,,163.0,False,False,,2025-07,2025Q3,2026-01,,False,Northbridge District Court,Northern,District
004067,03,Youth,2025-10-29,2026-01-06,Disposed,69.0,False,,69.0,False,False,,2025-10,2025Q4,2026-01,,False,Harbourview High Court,Northern,High
004068,07,Civil,2025-04-15,2025-06-20,Disposed,66.0,False,,66.0,False,False,,2025-04,2025Q2,2025-06,,False,Eastfield District Court,Eastern,District
004069,07,Criminal,2024-11-01,2024-11-30,Disposed,29.0,False,,29.0,False,False,,2024-11,2024Q4,2024-11,,False,Eastfield District Court,Eastern,District
004070,04,Civil,2026-06-27,,Active,,False,,,False,True,66.0,2026-06,2026Q2,,0-3 months,False,Riverton District Court,Central,District
004071,03,Civil,2025-10-18,2026-04-24,Disposed,188.0,False,,188.0,False,False,,2025-10,2025Q4,2026-04,,False,Harbourview High Court,Northern,High
004072,11,Family,2026-06-30,,Active,,False,,,False,True,63.0,2026-06,2026Q2,,0-3 months,False,Southern Ranges High Court,Southern,High
004073,10,Youth,2026-06-29,2026-08-20,Disposed,52.0,False,,52.0,False,False,,2026-06,2026Q2,2026-08,,False,Fernbay District Court,Southern,District
004074,09,Criminal,2026-02-09,2026-06-06,Disposed,117.0,False,,117.0,False,False,,2026-02,2026Q1,2026-06,,False,Southgate District Court,Southern,District
004075,07,Civil,2024-07-13,2025-10-13,Disposed,457.0,False,,457.0,False,False,,2024-07,2024Q3,2025-10,,False,Eastfield District Court,Eastern,District
004076,09,Civil,2026-04-20,2026-06-30,Disposed,71.0,False,,71.0,False,False,,2026-04,2026Q2,2026-06,,False,Southgate District Court,Southern,District
004077,02,Criminal,2025-07-27,2025-11-03,Disposed,99.0,False,,99.0,False,False,,2025-07,2025Q3,2025-11,,False,Kauri Point District Court,Northern,District
004078,09,Civil,2026-04-01,2026-05-28,Disposed,57.0,False,,57.0,False,False,,2026-04,2026Q2,2026-05,,False,Southgate District Court,Southern,District
004079,07,Youth,2025-02-08,2025-09-07,Disposed,211.0,False,,211.0,False,False,,2025-02,2025Q1,2025-09,,False,Eastfield District Court,Eastern,District
004080,01,Youth,2025-08-11,2025-12-12,Disposed,123.0,False,,123.0,False,False,,2025-08,2025Q3,2025-12,,False,Northbridge District Court,Northern,District
004081,02,Criminal,2025-09-21,2025-11-06,Disposed,46.0,False,,46.0,False,False,,2025-09,2025Q3,2025-11,,False,Kauri Point District Court,Northern,District
004082,10,Youth,2024-07-30,2024-10-06,Disposed,68.0,False,,68.0,False,False,,2024-07,2024Q3,2024-10,,False,Fernbay District Court,Southern,District
004083,03,Criminal,2025-08-07,2026-01-24,Disposed,170.0,False,,170.0,False,False,,2025-08,2025Q3,2026-01,,False,Harbourview High Court,Northern,High
004084,06,Youth,2026-05-06,2026-06-23,Disposed,,False,,48.0,False,False,,2026-05,2026Q2,2026-06,,False,Central Plains High Court,Central,High
004085,05,Civil,2024-10-07,2024-11-29,Disposed,53.0,False,,53.0,False,False,,2024-10,2024Q4,2024-11,,False,Mistvale District Court,Central,District
004086,04,Youth,2026-02-20,2026-08-11,Disposed,172.0,False,,172.0,False,False,,2026-02,2026Q1,2026-08,,False,Riverton District Court,Central,District
004087,06,Civil,2024-12-25,2025-03-24,Disposed,89.0,False,,89.0,False,False,,2024-12,2024Q4,2025-03,,False,Central Plains High Court,Central,High
004088,09,Civil,2025-04-17,2025-11-29,Disposed,226.0,False,,226.0,False,False,,2025-04,2025Q2,2025-11,,False,Southgate District Court,Southern,District
004089,11,Family,2025-10-26,,Active,,False,,,False,True,310.0,2025-10,2025Q4,,3-12 months,False,Southern Ranges High Court,Southern,High
004090,11,Youth,2026-06-07,,Active,,False,,,False,True,86.0,2026-06,2026Q2,,0-3 months,False,Southern Ranges High Court,Southern,High
004091,08,Youth,2026-02-26,2026-04-23,Disposed,56.0,False,,56.0,False,False,,2026-02,2026Q1,2026-04,,False,Cape Lawson District Court,Eastern,District
004092,12,Criminal,2024-07-17,2025-03-29,Disposed,255.0,False,,255.0,False,False,,2024-07,2024Q3,2025-03,,False,Willow Creek District Court,Southern,District
004093,07,Civil,2025-04-14,2025-06-20,Disposed,,False,,67.0,False,False,,2025-04,2025Q2,2025-06,,False,Eastfield District Court,Eastern,District
004094,12,Family,2025-06-20,2025-10-14,Disposed,116.0,False,,116.0,False,False,,2025-06,2025Q2,2025-10,,False,Willow Creek District Court,Southern,District
004095,06,Criminal,2026-03-26,,Active,,False,,,False,True,159.0,2026-03,2026Q1,,3-12 months,False,Central Plains High Court,Central,High
004096,07,Youth,2025-12-16,2026-02-10,Disposed,56.0,False,,56.0,False,False,,2025-12,2025Q4,2026-02,,False,Eastfield District Court,Eastern,District
004097,05,Civil,2025-08-17,,Active,,False,,,False,True,380.0,2025-08,2025Q3,,12+ months,True,Mistvale District Court,Central,District
004098,12,Family,2024-11-16,2025-07-31,Disposed,257.0,False,,257.0,False,False,,2024-11,2024Q4,2025-07,,False,Willow Creek District Court,Southern,District
004099,04,Family,2025-08-18,,Active,,False,,,False,True,379.0,2025-08,2025Q3,,12+ months,True,Riverton District Court,Central,District
004100,04,Youth,2025-11-16,2026-02-14,Disposed,90.0,False,,90.0,False,False,,2025-11,2025Q4,2026-02,,False,Riverton District Court,Central,District
004101,07,Youth,2025-09-07,2025-11-10,Disposed,64.0,False,,64.0,False,False,,2025-09,2025Q3,2025-11,,False,Eastfield District Court,Eastern,District
004102,09,Civil,2025-12-05,,Active,,False,,,False,True,270.0,2025-12,2025Q4,,3-12 months,False,Southgate District Court,Southern,District
004103,08,Family,2025-06-23,2026-07-22,Disposed,394.0,False,,394.0,False,False,,2025-06,2025Q2,2026-07,,False,Cape Lawson District Court,Eastern,District
004104,05,Criminal,2026-05-30,2026-08-07,Disposed,,False,,69.0,False,False,,2026-05,2026Q2,2026-08,,False,Mistvale District Court,Central,District
004105,02,Civil,2025-05-19,2025-08-03,Disposed,76.0,False,,76.0,False,False,,2025-05,2025Q2,2025-08,,False,Kauri Point District Court,Northern,District
004106,11,Youth,2026-04-04,2026-06-08,Disposed,65.0,False,,65.0,False,False,,2026-04,2026Q2,2026-06,,False,Southern Ranges High Court,Southern,High
004107,09,Criminal,2026-06-01,,Active,,False,,,False,True,92.0,2026-06,2026Q2,,3-12 months,False,Southgate District Court,Southern,District
004108,01,Criminal,2026-03-23,2026-08-25,Disposed,155.0,False,,155.0,False,False,,2026-03,2026Q1,2026-08,,False,Northbridge District Court,Northern,District
004109,04,Criminal,2025-03-26,,Active,,False,,,False,True,524.0,2025-03,2025Q1,,12+ months,True,Riverton District Court,Central,District
004110,12,Family,2025-11-04,2025-12-22,Disposed,38.0,False,,48.0,True,False,,2025-11,2025Q4,2025-12,,False,Willow Creek District Court,Southern,District
004111,02,Civil,2025-07-30,2026-02-22,Disposed,207.0,False,,207.0,False,False,,2025-07,2025Q3,2026-02,,False,Kauri Point District Court,Northern,District
004112,10,Family,2025-05-22,2025-07-07,Disposed,46.0,False,,46.0,False,False,,2025-05,2025Q2,2025-07,,False,Fernbay District Court,Southern,District
004113,12,Criminal,2025-11-10,2026-02-01,Disposed,83.0,False,,83.0,False,False,,2025-11,2025Q4,2026-02,,False,Willow Creek District Court,Southern,District
004114,01,Criminal,2025-03-26,2025-09-10,Disposed,168.0,False,,168.0,False,False,,2025-03,2025Q1,2025-09,,False,Northbridge District Court,Northern,District
004115,08,Criminal,2025-09-18,2026-07-06,Disposed,291.0,False,,291.0,False,False,,2025-09,2025Q3,2026-07,,False,Cape Lawson District Court,Eastern,District
004116,07,Criminal,2026-06-19,2026-08-27,Disposed,69.0,False,,69.0,False,False,,2026-06,2026Q2,2026-08,,False,Eastfield District Court,Eastern,District
004117,05,Civil,2025-03-27,2025-09-16,Disposed,173.0,False,,173.0,False,False,,2025-03,2025Q1,2025-09,,False,Mistvale District Court,Central,District
004118,05,Family,2025-02-05,2025-09-05,Disposed,212.0,False,,212.0,False,False,,2025-02,2025Q1,2025-09,,False,Mistvale District Court,Central,District
004119,02,Family,2026-02-02,2026-04-26,Disposed,83.0,False,,83.0,False,False,,2026-02,2026Q1,2026-04,,False,Kauri Point District Court,Northern,District
004120,09,Criminal,2025-07-11,2025-11-07,Disposed,119.0,False,,119.0,False,False,,2025-07,2025Q3,2025-11,,False,Southgate District Court,Southern,District
004121,09,Civil,2025-01-23,2025-09-10,Disposed,230.0,False,,230.0,False,False,,2025-01,2025Q1,2025-09,,False,Southgate District Court,Southern,District
004122,09,Civil,2026-02-24,,Active,,False,,,False,True,189.0,2026-02,2026Q1,,3-12 months,False,Southgate District Court,Southern,District
004123,03,Civil,2026-05-09,,Active,,False,,,False,True,115.0,2026-05,2026Q2,,3-12 months,False,Harbourview High Court,Northern,High
004124,07,Family,2025-03-10,2025-07-31,Disposed,143.0,False,,143.0,False,False,,2025-03,2025Q1,2025-07,,False,Eastfield District Court,Eastern,District
004125,10,Civil,2025-11-04,2026-02-17,Disposed,,False,,105.0,False,False,,2025-11,2025Q4,2026-02,,False,Fernbay District Court,Southern,District
004126,06,Youth,2025-12-26,2026-05-13,Disposed,138.0,False,,138.0,False,False,,2025-12,2025Q4,2026-05,,False,Central Plains High Court,Central,High
004127,07,Family,2026-05-24,,Active,,False,,,False,True,100.0,2026-05,2026Q2,,3-12 months,False,Eastfield District Court,Eastern,District
004128,05,Family,2025-10-26,2026-05-30,Disposed,216.0,False,,216.0,False,False,,2025-10,2025Q4,2026-05,,False,Mistvale District Court,Central,District
004129,12,Criminal,2026-03-15,2026-04-25,Disposed,41.0,False,,41.0,False,False,,2026-03,2026Q1,2026-04,,False,Willow Creek District Court,Southern,District
004130,09,Criminal,2024-09-16,2024-12-10,Disposed,85.0,False,,85.0,False,False,,2024-09,2024Q3,2024-12,,False,Southgate District Court,Southern,District
004131,05,Civil,2026-04-28,,Active,,False,,,False,True,126.0,2026-04,2026Q2,,3-12 months,False,Mistvale District Court,Central,District
004132,09,Youth,2025-09-28,2025-12-23,Disposed,86.0,False,,86.0,False,False,,2025-09,2025Q3,2025-12,,False,Southgate District Court,Southern,District
004133,02,Family,2025-04-18,2025-06-12,Disposed,55.0,False,,55.0,False,False,,2025-04,2025Q2,2025-06,,False,Kauri Point District Court,Northern,District
004134,02,Criminal,2026-03-16,2026-06-28,Disposed,104.0,False,,104.0,False,False,,2026-03,2026Q1,2026-06,,False,Kauri Point District Court,Northern,District
004135,09,Youth,2024-07-26,2024-10-05,Disposed,71.0,False,,71.0,False,False,,2024-07,2024Q3,2024-10,,False,Southgate District Court,Southern,District
004136,10,Criminal,2024-11-03,2025-01-14,Disposed,72.0,False,,72.0,False,False,,2024-11,2024Q4,2025-01,,False,Fernbay District Court,Southern,District
004137,09,Criminal,2024-07-17,2024-10-09,Disposed,54.0,False,,84.0,True,False,,2024-07,2024Q3,2024-10,,False,Southgate District Court,Southern,District
004138,10,Criminal,2024-09-05,2024-07-26,Disposed,133.0,True,disposed before filed,-41.0,True,False,,2024-09,2024Q3,2024-07,,False,Fernbay District Court,Southern,District
004139,06,Youth,2025-06-19,2025-08-06,Disposed,48.0,False,,48.0,False,False,,2025-06,2025Q2,2025-08,,False,Central Plains High Court,Central,High
004140,12,Criminal,2025-07-08,2025-08-28,Disposed,51.0,False,,51.0,False,False,,2025-07,2025Q3,2025-08,,False,Willow Creek District Court,Southern,District
004141,11,Civil,2025-10-02,2026-05-10,Disposed,220.0,False,,220.0,False,False,,2025-10,2025Q4,2026-05,,False,Southern Ranges High Court,Southern,High
004142,09,Civil,2024-11-07,2024-12-27,Disposed,50.0,False,,50.0,False,False,,2024-11,2024Q4,2024-12,,False,Southgate District Court,Southern,District
004143,11,Criminal,2024-10-22,2025-03-09,Disposed,138.0,False,,138.0,False,False,,2024-10,2024Q4,2025-03,,False,Southern Ranges High Court,Southern,High
004144,06,Criminal,2025-08-09,2025-12-20,Disposed,133.0,False,,133.0,False,False,,2025-08,2025Q3,2025-12,,False,Central Plains High Court,Central,High
004145,09,Civil,2026-02-19,2026-05-17,Disposed,87.0,False,,87.0,False,False,,2026-02,2026Q1,2026-05,,False,Southgate District Court,Southern,District
004146,06,Criminal,2024-10-27,2025-06-08,Disposed,224.0,False,,224.0,False,False,,2024-10,2024Q4,2025-06,,False,Central Plains High Court,Central,High
004147,09,Criminal,2025-06-20,2025-08-28,Disposed,69.0,False,,69.0,False,False,,2025-06,2025Q2,2025-08,,False,Southgate District Court,Southern,District
004148,02,Family,2024-09-14,2025-02-23,Disposed,162.0,False,,162.0,False,False,,2024-09,2024Q3,2025-02,,False,Kauri Point District Court,Northern,District
004149,09,Civil,2025-12-06,2026-06-08,Disposed,184.0,False,,184.0,False,False,,2025-12,2025Q4,2026-06,,False,Southgate District Court,Southern,District
004150,05,Civil,2025-03-28,2025-12-04,Disposed,251.0,False,,251.0,False,False,,2025-03,2025Q1,2025-12,,False,Mistvale District Court,Central,District
004151,09,Youth,2024-09-25,2025-04-07,Disposed,194.0,False,,194.0,False,False,,2024-09,2024Q3,2025-04,,False,Southgate District Court,Southern,District
004152,01,Family,2025-12-02,2026-06-25,Disposed,205.0,False,,205.0,False,False,,2025-12,2025Q4,2026-06,,False,Northbridge District Court,Northern,District
004153,01,Civil,2026-06-05,2026-08-06,Disposed,62.0,False,,62.0,False,False,,2026-06,2026Q2,2026-08,,False,Northbridge District Court,Northern,District
004154,04,Family,2025-06-30,2026-01-28,Disposed,212.0,False,,212.0,False,False,,2025-06,2025Q2,2026-01,,False,Riverton District Court,Central,District
004155,09,Criminal,2026-06-09,,Active,,False,,,False,True,84.0,2026-06,2026Q2,,0-3 months,False,Southgate District Court,Southern,District
004156,06,Youth,2025-06-28,2025-10-18,Disposed,112.0,False,,112.0,False,False,,2025-06,2025Q2,2025-10,,False,Central Plains High Court,Central,High
004157,08,Family,2024-08-08,2026-02-24,Disposed,565.0,False,,565.0,False,False,,2024-08,2024Q3,2026-02,,False,Cape Lawson District Court,Eastern,District
004158,12,Criminal,2026-04-25,2026-07-13,Disposed,79.0,False,,79.0,False,False,,2026-04,2026Q2,2026-07,,False,Willow Creek District Court,Southern,District
004159,05,Family,2025-08-05,2026-08-08,Disposed,368.0,False,,368.0,False,False,,2025-08,2025Q3,2026-08,,False,Mistvale District Court,Central,District
004160,06,Civil,2024-12-08,,Active,,False,,,False,True,632.0,2024-12,2024Q4,,12+ months,True,Central Plains High Court,Central,High
004161,03,Youth,2025-12-26,2026-04-09,Disposed,104.0,False,,104.0,False,False,,2025-12,2025Q4,2026-04,,False,Harbourview High Court,Northern,High
004162,10,Civil,2024-10-11,,Active,,False,,,False,True,690.0,2024-10,2024Q4,,12+ months,True,Fernbay District Court,Southern,District
004163,10,Family,2025-08-04,2025-12-14,Disposed,132.0,False,,132.0,False,False,,2025-08,2025Q3,2025-12,,False,Fernbay District Court,Southern,District
004164,11,Civil,2025-11-17,2026-05-07,Disposed,171.0,False,,171.0,False,False,,2025-11,2025Q4,2026-05,,False,Southern Ranges High Court,Southern,High
004165,10,Criminal,2024-07-29,,Active,,False,,,False,True,764.0,2024-07,2024Q3,,12+ months,True,Fernbay District Court,Southern,District
004166,01,Family,2026-06-15,,Active,,False,,,False,True,78.0,2026-06,2026Q2,,0-3 months,False,Northbridge District Court,Northern,District
004167,01,Civil,2026-03-15,,Active,,False,,,False,True,170.0,2026-03,2026Q1,,3-12 months,False,Northbridge District Court,Northern,District
004168,04,Criminal,2025-08-12,2026-03-06,Disposed,206.0,False,,206.0,False,False,,2025-08,2025Q3,2026-03,,False,Riverton District Court,Central,District
004169,12,Civil,2026-02-20,,Active,,False,,,False,True,193.0,2026-02,2026Q1,,3-12 months,False,Willow Creek District Court,Southern,District
004170,11,Family,2025-03-11,2025-06-14,Disposed,95.0,False,,95.0,False,False,,2025-03,2025Q1,2025-06,,False,Southern Ranges High Court,Southern,High
004171,10,Civil,2024-09-06,2024-11-17,Disposed,72.0,False,,72.0,False,False,,2024-09,2024Q3,2024-11,,False,Fernbay District Court,Southern,District
004172,10,Criminal,2025-06-06,2025-09-06,Disposed,92.0,False,,92.0,False,False,,2025-06,2025Q2,2025-09,,False,Fernbay District Court,Southern,District
004173,12,Criminal,2024-07-07,2024-12-19,Disposed,165.0,False,,165.0,False,False,,2024-07,2024Q3,2024-12,,False,Willow Creek District Court,Southern,District
004174,10,Criminal,2024-08-12,2025-05-11,Disposed,272.0,False,,272.0,False,False,,2024-08,2024Q3,2025-05,,False,Fernbay District Court,Southern,District
004175,03,Criminal,2024-08-22,2024-12-15,Disposed,115.0,False,,115.0,False,False,,2024-08,2024Q3,2024-12,,False,Harbourview High Court,Northern,High
004176,05,Civil,2025-05-22,2025-10-21,Disposed,152.0,False,,152.0,False,False,,2025-05,2025Q2,2025-10,,False,Mistvale District Court,Central,District
004177,08,Criminal,2026-01-31,,Active,,False,,,False,True,213.0,2026-01,2026Q1,,3-12 months,False,Cape Lawson District Court,Eastern,District
004178,09,Family,2024-11-09,2025-02-21,Disposed,104.0,False,,104.0,False,False,,2024-11,2024Q4,2025-02,,False,Southgate District Court,Southern,District
004179,10,Civil,2025-06-03,2025-12-27,Disposed,207.0,False,,207.0,False,False,,2025-06,2025Q2,2025-12,,False,Fernbay District Court,Southern,District
004180,12,Civil,2025-10-20,2026-04-18,Disposed,180.0,False,,180.0,False,False,,2025-10,2025Q4,2026-04,,False,Willow Creek District Court,Southern,District
004181,07,Criminal,2025-10-23,2025-12-27,Disposed,65.0,False,,65.0,False,False,,2025-10,2025Q4,2025-12,,False,Eastfield District Court,Eastern,District
004182,12,Criminal,2024-10-31,,Active,,False,,,False,True,670.0,2024-10,2024Q4,,12+ months,True,Willow Creek District Court,Southern,District
004183,06,Criminal,2026-04-08,,Active,,False,,,False,True,146.0,2026-04,2026Q2,,3-12 months,False,Central Plains High Court,Central,High
004184,11,Criminal,2025-03-18,2025-07-15,Disposed,119.0,False,,119.0,False,False,,2025-03,2025Q1,2025-07,,False,Southern Ranges High Court,Southern,High
004185,01,Criminal,2025-06-14,2025-08-04,Disposed,51.0,False,,51.0,False,False,,2025-06,2025Q2,2025-08,,False,Northbridge District Court,Northern,District
004186,09,Family,2025-02-20,2025-06-27,Disposed,127.0,False,,127.0,False,False,,2025-02,2025Q1,2025-06,,False,Southgate District Court,Southern,District
004187,10,Criminal,2026-02-09,,Active,,False,,,False,True,204.0,2026-02,2026Q1,,3-12 months,False,Fernbay District Court,Southern,District
004188,05,Family,2025-05-20,,Active,,False,,,False,True,469.0,2025-05,2025Q2,,12+ months,True,Mistvale District Court,Central,District
004189,08,Youth,2024-08-24,2024-12-29,Disposed,127.0,False,,127.0,False,False,,2024-08,2024Q3,2024-12,,False,Cape Lawson District Court,Eastern,District
004190,03,Criminal,2025-05-15,2025-09-17,Disposed,125.0,False,,125.0,False,False,,2025-05,2025Q2,2025-09,,False,Harbourview High Court,Northern,High
004191,06,Youth,2026-01-07,2026-04-01,Disposed,84.0,False,,84.0,False,False,,2026-01,2026Q1,2026-04,,False,Central Plains High Court,Central,High
004192,06,Civil,2025-07-05,2026-08-17,Disposed,408.0,False,,408.0,False,False,,2025-07,2025Q3,2026-08,,False,Central Plains High Court,Central,High
004193,09,Civil,2025-01-15,2025-08-01,Disposed,198.0,False,,198.0,False,False,,2025-01,2025Q1,2025-08,,False,Southgate District Court,Southern,District
004194,08,Youth,2026-06-09,2026-08-16,Disposed,68.0,False,,68.0,False,False,,2026-06,2026Q2,2026-08,,False,Cape Lawson District Court,Eastern,District
004195,09,Civil,2025-02-25,,Active,,False,,,False,True,553.0,2025-02,2025Q1,,12+ months,True,Southgate District Court,Southern,District
004196,06,Youth,2024-10-05,2025-01-26,Disposed,113.0,False,,113.0,False,False,,2024-10,2024Q4,2025-01,,False,Central Plains High Court,Central,High
004197,07,Civil,2024-07-16,2024-10-11,Disposed,87.0,False,,87.0,False,False,,2024-07,2024Q3,2024-10,,False,Eastfield District Court,Eastern,District
004198,11,Criminal,2024-11-27,2025-03-24,Disposed,117.0,False,,117.0,False,False,,2024-11,2024Q4,2025-03,,False,Southern Ranges High Court,Southern,High
004199,07,Youth,2026-02-20,2026-05-01,Disposed,70.0,False,,70.0,False,False,,2026-02,2026Q1,2026-05,,False,Eastfield District Court,Eastern,District
004200,06,Family,2025-09-13,2026-06-28,Disposed,288.0,False,,288.0,False,False,,2025-09,2025Q3,2026-06,,False,Central Plains High Court,Central,High
004201,02,Family,2025-01-22,2025-05-25,Disposed,123.0,False,,123.0,False,False,,2025-01,2025Q1,2025-05,,False,Kauri Point District Court,Northern,District
004202,08,Criminal,2024-11-27,2025-01-21,Disposed,55.0,False,,55.0,False,False,,2024-11,2024Q4,2025-01,,False,Cape Lawson District Court,Eastern,District
004203,06,Family,2025-03-07,2025-09-21,Disposed,198.0,False,,198.0,False,False,,2025-03,2025Q1,2025-09,,False,Central Plains High Court,Central,High
004204,02,Criminal,2024-07-09,2025-01-27,Disposed,202.0,False,,202.0,False,False,,2024-07,2024Q3,2025-01,,False,Kauri Point District Court,Northern,District
004205,02,Youth,2025-04-10,2025-05-15,Disposed,35.0,False,,35.0,False,False,,2025-04,2025Q2,2025-05,,False,Kauri Point District Court,Northern,District
004206,09,Criminal,2025-02-20,2025-05-07,Disposed,76.0,False,,76.0,False,False,,2025-02,2025Q1,2025-05,,False,Southgate District Court,Southern,District
004207,10,Family,2026-02-20,2026-08-04,Disposed,165.0,False,,165.0,False,False,,2026-02,2026Q1,2026-08,,False,Fernbay District Court,Southern,District
004208,08,Criminal,2025-02-03,,Active,,False,,,False,True,575.0,2025-02,2025Q1,,12+ months,True,Cape Lawson District Court,Eastern,District
004209,01,Criminal,2024-10-13,2025-04-22,Disposed,191.0,False,,191.0,False,False,,2024-10,2024Q4,2025-04,,False,Northbridge District Court,Northern,District
004210,06,Civil,2025-03-11,2025-05-12,Disposed,62.0,False,,62.0,False,False,,2025-03,2025Q1,2025-05,,False,Central Plains High Court,Central,High
004211,02,Civil,2026-03-13,,Active,,False,,,False,True,172.0,2026-03,2026Q1,,3-12 months,False,Kauri Point District Court,Northern,District
004212,02,Civil,2025-10-25,2025-12-27,Disposed,63.0,False,,63.0,False,False,,2025-10,2025Q4,2025-12,,False,Kauri Point District Court,Northern,District
004213,06,Criminal,2026-03-17,2026-05-11,Disposed,55.0,False,,55.0,False,False,,2026-03,2026Q1,2026-05,,False,Central Plains High Court,Central,High
004214,02,Civil,2025-12-21,2026-03-30,Disposed,99.0,False,,99.0,False,False,,2025-12,2025Q4,2026-03,,False,Kauri Point District Court,Northern,District
004215,12,Youth,2024-07-10,2025-02-01,Disposed,206.0,False,,206.0,False,False,,2024-07,2024Q3,2025-02,,False,Willow Creek District Court,Southern,District
004216,02,Family,2025-02-15,2026-03-12,Disposed,390.0,False,,390.0,False,False,,2025-02,2025Q1,2026-03,,False,Kauri Point District Court,Northern,District
004217,01,Criminal,2026-06-08,,Active,,False,,,False,True,85.0,2026-06,2026Q2,,0-3 months,False,Northbridge District Court,Northern,District
004218,12,Criminal,2026-05-23,2026-07-29,Disposed,67.0,False,,67.0,False,False,,2026-05,2026Q2,2026-07,,False,Willow Creek District Court,Southern,District
004219,07,Civil,2026-03-16,,Active,,False,,,False,True,169.0,2026-03,2026Q1,,3-12 months,False,Eastfield District Court,Eastern,District
004220,06,Family,2025-01-12,2025-04-24,Disposed,102.0,False,,102.0,False,False,,2025-01,2025Q1,2025-04,,False,Central Plains High Court,Central,High
004221,09,Civil,2026-03-18,2026-06-05,Disposed,79.0,False,,79.0,False,False,,2026-03,2026Q1,2026-06,,False,Southgate District Court,Southern,District
004222,11,Civil,2025-03-22,2025-05-05,Disposed,34.0,False,,44.0,True,False,,2025-03,2025Q1,2025-05,,False,Southern Ranges High Court,Southern,High
004223,14,Civil,2026-05-15,2026-07-01,Disposed,47.0,True,court_id not in lookup,47.0,False,False,,2026-05,2026Q2,2026-07,,False,,,
004224,05,Family,2024-07-10,2025-08-04,Disposed,390.0,False,,390.0,False,False,,2024-07,2024Q3,2025-08,,False,Mistvale District Court,Central,District
004225,01,Criminal,2025-04-21,2025-05-26,Disposed,35.0,False,,35.0,False,False,,2025-04,2025Q2,2025-05,,False,Northbridge District Court,Northern,District
004226,05,Criminal,2026-02-16,,Active,,False,,,False,True,197.0,2026-02,2026Q1,,3-12 months,False,Mistvale District Court,Central,District
004227,02,Family,2025-08-26,2025-11-25,Disposed,91.0,False,,91.0,False,False,,2025-08,2025Q3,2025-11,,False,Kauri Point District Court,Northern,District
004228,01,Civil,2025-02-25,2025-09-11,Disposed,198.0,False,,198.0,False,False,,2025-02,2025Q1,2025-09,,False,Northbridge District Court,Northern,District
004229,10,Criminal,2026-03-18,2026-05-14,Disposed,57.0,False,,57.0,False,False,,2026-03,2026Q1,2026-05,,False,Fernbay District Court,Southern,District
004230,05,Youth,2025-12-27,,Active,,False,,,False,True,248.0,2025-12,2025Q4,,3-12 months,False,Mistvale District Court,Central,District
004231,11,Criminal,2024-11-30,2025-01-01,Disposed,32.0,False,,32.0,False,False,,2024-11,2024Q4,2025-01,,False,Southern Ranges High Court,Southern,High
004232,05,Youth,2025-10-01,2026-02-21,Disposed,143.0,False,,143.0,False,False,,2025-10,2025Q4,2026-02,,False,Mistvale District Court,Central,District
004233,09,Family,2024-09-26,,Active,,False,,,False,True,705.0,2024-09,2024Q3,,12+ months,True,Southgate District Court,Southern,District
004234,05,Criminal,2025-04-17,2025-11-01,Disposed,,False,,198.0,False,False,,2025-04,2025Q2,2025-11,,False,Mistvale District Court,Central,District
004235,09,Criminal,2024-07-05,2025-03-21,Disposed,259.0,False,,259.0,False,False,,2024-07,2024Q3,2025-03,,False,Southgate District Court,Southern,District
004236,11,Criminal,2024-07-04,2024-08-14,Disposed,41.0,False,,41.0,False,False,,2024-07,2024Q3,2024-08,,False,Southern Ranges High Court,Southern,High
004237,11,Criminal,2025-06-03,2025-11-21,Disposed,171.0,False,,171.0,False,False,,2025-06,2025Q2,2025-11,,False,Southern Ranges High Court,Southern,High
004238,02,Criminal,2025-08-27,2025-10-27,Disposed,61.0,False,,61.0,False,False,,2025-08,2025Q3,2025-10,,False,Kauri Point District Court,Northern,District
004239,08,Criminal,2026-05-01,,Active,,False,,,False,True,123.0,2026-05,2026Q2,,3-12 months,False,Cape Lawson District Court,Eastern,District
004240,04,Civil,2025-12-19,,Active,,False,,,False,True,256.0,2025-12,2025Q4,,3-12 months,False,Riverton District Court,Central,District
004241,12,Criminal,2025-12-31,2026-04-18,Disposed,108.0,False,,108.0,False,False,,2025-12,2025Q4,2026-04,,False,Willow Creek District Court,Southern,District
004242,06,Criminal,2025-09-13,,Active,,False,,,False,True,353.0,2025-09,2025Q3,,3-12 months,False,Central Plains High Court,Central,High
004243,06,Civil,2026-01-04,2026-03-27,Disposed,82.0,False,,82.0,False,False,,2026-01,2026Q1,2026-03,,False,Central Plains High Court,Central,High
004244,09,Criminal,2025-05-10,2025-07-15,Disposed,66.0,False,,66.0,False,False,,2025-05,2025Q2,2025-07,,False,Southgate District Court,Southern,District
004245,07,Criminal,2026-02-22,2026-06-07,Disposed,105.0,False,,105.0,False,False,,2026-02,2026Q1,2026-06,,False,Eastfield District Court,Eastern,District
004246,01,Criminal,2025-04-16,2025-10-22,Disposed,189.0,False,,189.0,False,False,,2025-04,2025Q2,2025-10,,False,Northbridge District Court,Northern,District
004247,02,Youth,2025-08-18,2025-09-12,Disposed,25.0,False,,25.0,False,False,,2025-08,2025Q3,2025-09,,False,Kauri Point District Court,Northern,District
004248,03,Criminal,2024-12-19,2025-09-14,Disposed,269.0,False,,269.0,False,False,,2024-12,2024Q4,2025-09,,False,Harbourview High Court,Northern,High
004249,12,Civil,2024-08-27,2025-03-23,Disposed,208.0,False,,208.0,False,False,,2024-08,2024Q3,2025-03,,False,Willow Creek District Court,Southern,District
004250,02,Criminal,2026-04-29,2026-07-04,Disposed,66.0,False,,66.0,False,False,,2026-04,2026Q2,2026-07,,False,Kauri Point District Court,Northern,District
004251,03,Family,2026-05-16,,Active,,False,,,False,True,108.0,2026-05,2026Q2,,3-12 months,False,Harbourview High Court,Northern,High
004252,10,Criminal,2025-12-14,2026-06-01,Disposed,169.0,False,,169.0,False,False,,2025-12,2025Q4,2026-06,,False,Fernbay District Court,Southern,District
004253,03,Criminal,2024-12-24,2025-02-21,Disposed,59.0,False,,59.0,False,False,,2024-12,2024Q4,2025-02,,False,Harbourview High Court,Northern,High
004254,04,Youth,2026-05-08,2026-06-16,Disposed,,False,,39.0,False,False,,2026-05,2026Q2,2026-06,,False,Riverton District Court,Central,District
004255,03,Criminal,2026-02-17,,Active,,False,,,False,True,196.0,2026-02,2026Q1,,3-12 months,False,Harbourview High Court,Northern,High
004256,03,Family,2026-06-30,,Active,,False,,,False,True,63.0,2026-06,2026Q2,,0-3 months,False,Harbourview High Court,Northern,High
004257,07,Youth,2025-04-10,,Active,,False,,,False,True,509.0,2025-04,2025Q2,,12+ months,True,Eastfield District Court,Eastern,District
004258,07,Criminal,2025-04-30,2025-09-29,Disposed,152.0,False,,152.0,False,False,,2025-04,2025Q2,2025-09,,False,Eastfield District Court,Eastern,District
004259,04,Civil,2024-08-02,2025-07-06,Disposed,338.0,False,,338.0,False,False,,2024-08,2024Q3,2025-07,,False,Riverton District Court,Central,District
004260,10,Youth,2024-09-01,2024-10-08,Disposed,37.0,False,,37.0,False,False,,2024-09,2024Q3,2024-10,,False,Fernbay District Court,Southern,District
004261,08,Family,2026-05-05,,Active,,False,,,False,True,119.0,2026-05,2026Q2,,3-12 months,False,Cape Lawson District Court,Eastern,District
004262,11,Criminal,2024-12-24,2025-04-17,Disposed,84.0,False,,114.0,True,False,,2024-12,2024Q4,2025-04,,False,Southern Ranges High Court,Southern,High
004263,02,Family,2025-04-05,2025-08-15,Disposed,132.0,False,,132.0,False,False,,2025-04,2025Q2,2025-08,,False,Kauri Point District Court,Northern,District
004264,06,Youth,2025-08-16,2026-02-07,Disposed,175.0,False,,175.0,False,False,,2025-08,2025Q3,2026-02,,False,Central Plains High Court,Central,High
004265,11,Family,2024-09-22,2024-12-16,Disposed,85.0,False,,85.0,False,False,,2024-09,2024Q3,2024-12,,False,Southern Ranges High Court,Southern,High
004266,04,Family,2026-05-21,,Active,,False,,,False,True,103.0,2026-05,2026Q2,,3-12 months,False,Riverton District Court,Central,District
004267,12,Civil,2025-06-22,2025-10-06,Disposed,106.0,False,,106.0,False,False,,2025-06,2025Q2,2025-10,,False,Willow Creek District Court,Southern,District
004268,05,Criminal,2025-06-11,,Active,,False,,,False,True,447.0,2025-06,2025Q2,,12+ months,True,Mistvale District Court,Central,District
004269,08,Youth,2025-08-29,2026-04-16,Disposed,230.0,False,,230.0,False,False,,2025-08,2025Q3,2026-04,,False,Cape Lawson District Court,Eastern,District
004270,10,Family,2025-06-13,2025-09-09,Disposed,88.0,False,,88.0,False,False,,2025-06,2025Q2,2025-09,,False,Fernbay District Court,Southern,District
004271,03,Family,2024-07-25,2025-01-26,Disposed,185.0,False,,185.0,False,False,,2024-07,2024Q3,2025-01,,False,Harbourview High Court,Northern,High
004272,08,Civil,2026-02-03,2026-05-07,Disposed,93.0,False,,93.0,False,False,,2026-02,2026Q1,2026-05,,False,Cape Lawson District Court,Eastern,District
004273,02,Criminal,2026-03-27,2026-05-29,Disposed,63.0,False,,63.0,False,False,,2026-03,2026Q1,2026-05,,False,Kauri Point District Court,Northern,District
004274,09,Criminal,2025-05-16,2025-12-11,Disposed,209.0,False,,209.0,False,False,,2025-05,2025Q2,2025-12,,False,Southgate District Court,Southern,District
004275,09,Civil,2025-03-08,2025-08-16,Disposed,161.0,False,,161.0,False,False,,2025-03,2025Q1,2025-08,,False,Southgate District Court,Southern,District
004276,02,Youth,2025-04-18,2025-06-27,Disposed,70.0,False,,70.0,False,False,,2025-04,2025Q2,2025-06,,False,Kauri Point District Court,Northern,District
004277,04,Civil,2025-03-17,2025-10-25,Disposed,222.0,False,,222.0,False,False,,2025-03,2025Q1,2025-10,,False,Riverton District Court,Central,District
004278,12,Civil,2025-04-20,2025-07-11,Disposed,82.0,False,,82.0,False,False,,2025-04,2025Q2,2025-07,,False,Willow Creek District Court,Southern,District
004279,11,Family,2025-08-28,2026-07-07,Disposed,313.0,False,,313.0,False,False,,2025-08,2025Q3,2026-07,,False,Southern Ranges High Court,Southern,High
004280,01,Family,2024-11-30,2025-04-04,Disposed,125.0,False,,125.0,False,False,,2024-11,2024Q4,2025-04,,False,Northbridge District Court,Northern,District
004281,06,Family,2025-05-02,,Active,,False,,,False,True,487.0,2025-05,2025Q2,,12+ months,True,Central Plains High Court,Central,High
004282,11,Civil,2025-03-03,2025-08-19,Disposed,169.0,False,,169.0,False,False,,2025-03,2025Q1,2025-08,,False,Southern Ranges High Court,Southern,High
004283,10,Family,2025-04-08,2025-07-06,Disposed,89.0,False,,89.0,False,False,,2025-04,2025Q2,2025-07,,False,Fernbay District Court,Southern,District
004284,04,Civil,2025-03-20,2025-04-22,Disposed,33.0,False,,33.0,False,False,,2025-03,2025Q1,2025-04,,False,Riverton District Court,Central,District
004285,08,Criminal,2026-01-22,,Active,,False,,,False,True,222.0,2026-01,2026Q1,,3-12 months,False,Cape Lawson District Court,Eastern,District
004286,05,Criminal,2025-09-20,2026-06-18,Disposed,271.0,False,,271.0,False,False,,2025-09,2025Q3,2026-06,,False,Mistvale District Court,Central,District
004287,07,Criminal,2024-08-08,2025-07-30,Disposed,356.0,False,,356.0,False,False,,2024-08,2024Q3,2025-07,,False,Eastfield District Court,Eastern,District
004288,12,Civil,2025-05-30,2025-09-02,Disposed,95.0,False,,95.0,False,False,,2025-05,2025Q2,2025-09,,False,Willow Creek District Court,Southern,District
004289,01,Civil,2024-08-15,2025-01-16,Disposed,154.0,False,,154.0,False,False,,2024-08,2024Q3,2025-01,,False,Northbridge District Court,Northern,District
004290,12,Civil,2026-05-24,,Active,,False,,,False,True,100.0,2026-05,2026Q2,,3-12 months,False,Willow Creek District Court,Southern,District
004291,11,Criminal,2024-08-01,2024-12-18,Disposed,139.0,False,,139.0,False,False,,2024-08,2024Q3,2024-12,,False,Southern Ranges High Court,Southern,High
004292,10,Family,2025-12-02,2026-05-07,Disposed,156.0,False,,156.0,False,False,,2025-12,2025Q4,2026-05,,False,Fernbay District Court,Southern,District
004293,02,Criminal,2024-11-25,2025-02-05,Disposed,72.0,False,,72.0,False,False,,2024-11,2024Q4,2025-02,,False,Kauri Point District Court,Northern,District
004294,10,Family,2025-05-24,2026-04-20,Disposed,331.0,False,,331.0,False,False,,2025-05,2025Q2,2026-04,,False,Fernbay District Court,Southern,District
004295,09,Criminal,2026-01-10,2026-05-11,Disposed,121.0,False,,121.0,False,False,,2026-01,2026Q1,2026-05,,False,Southgate District Court,Southern,District
004296,11,Civil,2025-05-18,2026-04-05,Disposed,322.0,False,,322.0,False,False,,2025-05,2025Q2,2026-04,,False,Southern Ranges High Court,Southern,High
004297,01,Youth,2026-05-27,2026-07-05,Disposed,39.0,False,,39.0,False,False,,2026-05,2026Q2,2026-07,,False,Northbridge District Court,Northern,District
004298,10,Criminal,2026-06-22,,Active,,False,,,False,True,71.0,2026-06,2026Q2,,0-3 months,False,Fernbay District Court,Southern,District
004299,12,Criminal,2025-03-04,2025-05-30,Disposed,87.0,False,,87.0,False,False,,2025-03,2025Q1,2025-05,,False,Willow Creek District Court,Southern,District
004300,11,Civil,2026-03-01,2026-06-05,Disposed,96.0,False,,96.0,False,False,,2026-03,2026Q1,2026-06,,False,Southern Ranges High Court,Southern,High
004301,11,Civil,2026-02-20,2026-07-20,Disposed,150.0,False,,150.0,False,False,,2026-02,2026Q1,2026-07,,False,Southern Ranges High Court,Southern,High
004302,05,Family,2026-06-27,,Active,,False,,,False,True,66.0,2026-06,2026Q2,,0-3 months,False,Mistvale District Court,Central,District
004303,01,Criminal,2025-03-08,2025-07-28,Disposed,142.0,False,,142.0,False,False,,2025-03,2025Q1,2025-07,,False,Northbridge District Court,Northern,District
004304,10,Criminal,2026-06-20,2026-08-15,Disposed,56.0,False,,56.0,False,False,,2026-06,2026Q2,2026-08,,False,Fernbay District Court,Southern,District
004305,12,Civil,2026-06-07,,Active,,False,,,False,True,86.0,2026-06,2026Q2,,0-3 months,False,Willow Creek District Court,Southern,District
004306,10,Youth,2026-02-09,2026-03-31,Disposed,50.0,False,,50.0,False,False,,2026-02,2026Q1,2026-03,,False,Fernbay District Court,Southern,District
004307,09,Criminal,2025-06-18,2025-10-31,Disposed,135.0,False,,135.0,False,False,,2025-06,2025Q2,2025-10,,False,Southgate District Court,Southern,District
004308,04,Criminal,2026-06-28,,Active,,False,,,False,True,65.0,2026-06,2026Q2,,0-3 months,False,Riverton District Court,Central,District
004309,12,Family,2024-08-26,,Active,,False,,,False,True,736.0,2024-08,2024Q3,,12+ months,True,Willow Creek District Court,Southern,District
004310,05,Family,2025-07-11,,Active,,False,,,False,True,417.0,2025-07,2025Q3,,12+ months,True,Mistvale District Court,Central,District
004311,06,Criminal,2024-08-03,2024-11-01,Disposed,90.0,False,,90.0,False,False,,2024-08,2024Q3,2024-11,,False,Central Plains High Court,Central,High
004312,08,Youth,2025-12-04,2026-06-27,Disposed,205.0,False,,205.0,False,False,,2025-12,2025Q4,2026-06,,False,Cape Lawson District Court,Eastern,District
004313,08,Civil,2026-06-01,,Active,,False,,,False,True,92.0,2026-06,2026Q2,,3-12 months,False,Cape Lawson District Court,Eastern,District
004314,10,Civil,2024-11-10,2025-02-16,Disposed,98.0,False,,98.0,False,False,,2024-11,2024Q4,2025-02,,False,Fernbay District Court,Southern,District
004315,07,Civil,2026-02-06,,Active,,False,,,False,True,207.0,2026-02,2026Q1,,3-12 months,False,Eastfield District Court,Eastern,District
004316,11,Civil,2026-06-02,,Active,,False,,,False,True,91.0,2026-06,2026Q2,,3-12 months,False,Southern Ranges High Court,Southern,High
004317,02,Civil,2026-01-19,2026-04-10,Disposed,81.0,False,,81.0,False,False,,2026-01,2026Q1,2026-04,,False,Kauri Point District Court,Northern,District
004318,10,Civil,2025-12-07,2026-02-22,Disposed,77.0,False,,77.0,False,False,,2025-12,2025Q4,2026-02,,False,Fernbay District Court,Southern,District
004319,07,Criminal,2025-03-16,,Active,,False,,,False,True,534.0,2025-03,2025Q1,,12+ months,True,Eastfield District Court,Eastern,District
004320,07,Youth,2025-06-24,2025-11-24,Disposed,153.0,False,,153.0,False,False,,2025-06,2025Q2,2025-11,,False,Eastfield District Court,Eastern,District
004321,04,Youth,2024-12-04,2025-02-06,Disposed,64.0,False,,64.0,False,False,,2024-12,2024Q4,2025-02,,False,Riverton District Court,Central,District
004322,12,Family,2026-01-07,2026-05-15,Disposed,128.0,False,,128.0,False,False,,2026-01,2026Q1,2026-05,,False,Willow Creek District Court,Southern,District
004323,01,Family,2026-01-27,2026-04-29,Disposed,92.0,False,,92.0,False,False,,2026-01,2026Q1,2026-04,,False,Northbridge District Court,Northern,District
004324,05,Criminal,2025-11-23,2026-05-20,Disposed,178.0,False,,178.0,False,False,,2025-11,2025Q4,2026-05,,False,Mistvale District Court,Central,District
004325,08,Civil,2024-11-11,2025-05-21,Disposed,191.0,False,,191.0,False,False,,2024-11,2024Q4,2025-05,,False,Cape Lawson District Court,Eastern,District
004326,04,Family,2026-04-23,,Active,,False,,,False,True,131.0,2026-04,2026Q2,,3-12 months,False,Riverton District Court,Central,District
004327,14,Criminal,2025-05-14,2025-11-20,Disposed,190.0,True,court_id not in lookup,190.0,False,False,,2025-05,2025Q2,2025-11,,False,,,
004328,10,Family,2025-06-18,2026-01-27,Disposed,223.0,False,,223.0,False,False,,2025-06,2025Q2,2026-01,,False,Fernbay District Court,Southern,District
004329,10,Criminal,2025-07-28,,Active,,False,,,False,True,400.0,2025-07,2025Q3,,12+ months,True,Fernbay District Court,Southern,District
004330,08,Criminal,2025-11-15,2026-08-01,Disposed,259.0,False,,259.0,False,False,,2025-11,2025Q4,2026-08,,False,Cape Lawson District Court,Eastern,District
004331,01,Family,2026-04-20,,Active,,False,,,False,True,134.0,2026-04,2026Q2,,3-12 months,False,Northbridge District Court,Northern,District
004332,04,Criminal,2025-02-25,2025-06-19,Disposed,114.0,False,,114.0,False,False,,2025-02,2025Q1,2025-06,,False,Riverton District Court,Central,District
004333,03,Criminal,2025-09-24,,Active,,False,,,False,True,342.0,2025-09,2025Q3,,3-12 months,False,Harbourview High Court,Northern,High
004334,01,Civil,2025-05-27,2025-07-22,Disposed,56.0,False,,56.0,False,False,,2025-05,2025Q2,2025-07,,False,Northbridge District Court,Northern,District
004335,03,Criminal,2026-06-23,2026-08-29,Disposed,67.0,False,,67.0,False,False,,2026-06,2026Q2,2026-08,,False,Harbourview High Court,Northern,High
004336,08,Family,2024-11-01,2026-01-08,Disposed,433.0,False,,433.0,False,False,,2024-11,2024Q4,2026-01,,False,Cape Lawson District Court,Eastern,District
004337,06,Family,2025-06-06,2025-11-19,Disposed,166.0,False,,166.0,False,False,,2025-06,2025Q2,2025-11,,False,Central Plains High Court,Central,High
004338,09,Civil,2026-02-14,2026-06-23,Disposed,129.0,False,,129.0,False,False,,2026-02,2026Q1,2026-06,,False,Southgate District Court,Southern,District
004339,10,Criminal,2025-04-04,2025-04-30,Disposed,,False,,26.0,False,False,,2025-04,2025Q2,2025-04,,False,Fernbay District Court,Southern,District
004340,05,Civil,2025-11-20,,Active,,False,,,False,True,285.0,2025-11,2025Q4,,3-12 months,False,Mistvale District Court,Central,District
004341,03,Youth,2025-09-16,2025-12-12,Disposed,87.0,False,,87.0,False,False,,2025-09,2025Q3,2025-12,,False,Harbourview High Court,Northern,High
004342,01,Criminal,2024-10-26,2025-03-10,Disposed,135.0,False,,135.0,False,False,,2024-10,2024Q4,2025-03,,False,Northbridge District Court,Northern,District
004343,08,Family,2025-04-04,2025-11-08,Disposed,218.0,False,,218.0,False,False,,2025-04,2025Q2,2025-11,,False,Cape Lawson District Court,Eastern,District
004344,02,Family,2025-03-13,2025-09-09,Disposed,180.0,False,,180.0,False,False,,2025-03,2025Q1,2025-09,,False,Kauri Point District Court,Northern,District
004345,03,Youth,2025-03-09,2025-06-06,Disposed,89.0,False,,89.0,False,False,,2025-03,2025Q1,2025-06,,False,Harbourview High Court,Northern,High
004346,11,Civil,2026-05-20,,Active,,False,,,False,True,104.0,2026-05,2026Q2,,3-12 months,False,Southern Ranges High Court,Southern,High
004347,01,Criminal,2026-04-16,,Active,,False,,,False,True,138.0,2026-04,2026Q2,,3-12 months,False,Northbridge District Court,Northern,District
004348,02,Youth,2026-05-01,2026-08-02,Disposed,93.0,False,,93.0,False,False,,2026-05,2026Q2,2026-08,,False,Kauri Point District Court,Northern,District
004349,12,Civil,2024-08-21,2025-02-27,Disposed,,False,,190.0,False,False,,2024-08,2024Q3,2025-02,,False,Willow Creek District Court,Southern,District
004350,06,Criminal,2026-03-06,,Active,,False,,,False,True,179.0,2026-03,2026Q1,,3-12 months,False,Central Plains High Court,Central,High
004351,01,Family,2025-10-16,2026-02-25,Disposed,132.0,False,,132.0,False,False,,2025-10,2025Q4,2026-02,,False,Northbridge District Court,Northern,District
004352,04,Criminal,2024-09-03,2025-03-18,Disposed,196.0,False,,196.0,False,False,,2024-09,2024Q3,2025-03,,False,Riverton District Court,Central,District
004353,06,Criminal,2024-08-05,2025-03-15,Disposed,222.0,False,,222.0,False,False,,2024-08,2024Q3,2025-03,,False,Central Plains High Court,Central,High
004354,04,Criminal,2026-02-05,2026-06-28,Disposed,143.0,False,,143.0,False,False,,2026-02,2026Q1,2026-06,,False,Riverton District Court,Central,District
004355,11,Civil,2026-02-17,,Active,,False,,,False,True,196.0,2026-02,2026Q1,,3-12 months,False,Southern Ranges High Court,Southern,High
004356,07,Civil,2025-10-10,2026-05-24,Disposed,226.0,False,,226.0,False,False,,2025-10,2025Q4,2026-05,,False,Eastfield District Court,Eastern,District
004357,08,Criminal,2024-11-19,2025-01-22,Disposed,64.0,False,,64.0,False,False,,2024-11,2024Q4,2025-01,,False,Cape Lawson District Court,Eastern,District
004358,10,Criminal,2025-01-29,2025-05-21,Disposed,112.0,False,,112.0,False,False,,2025-01,2025Q1,2025-05,,False,Fernbay District Court,Southern,District
004359,09,Civil,2024-10-02,2026-05-10,Disposed,585.0,False,,585.0,False,False,,2024-10,2024Q4,2026-05,,False,Southgate District Court,Southern,District
004360,08,Criminal,2025-07-02,2025-10-15,Disposed,105.0,False,,105.0,False,False,,2025-07,2025Q3,2025-10,,False,Cape Lawson District Court,Eastern,District
004361,06,Youth,2025-03-14,2026-04-02,Disposed,384.0,False,,384.0,False,False,,2025-03,2025Q1,2026-04,,False,Central Plains High Court,Central,High
004362,04,Criminal,2024-08-07,2024-12-18,Disposed,133.0,False,,133.0,False,False,,2024-08,2024Q3,2024-12,,False,Riverton District Court,Central,District
004363,08,Criminal,2026-02-02,2026-08-30,Disposed,209.0,False,,209.0,False,False,,2026-02,2026Q1,2026-08,,False,Cape Lawson District Court,Eastern,District
004364,02,Civil,2024-09-27,2025-06-17,Disposed,263.0,False,,263.0,False,False,,2024-09,2024Q3,2025-06,,False,Kauri Point District Court,Northern,District
004365,02,Civil,2025-04-14,2025-07-26,Disposed,,False,,103.0,False,False,,2025-04,2025Q2,2025-07,,False,Kauri Point District Court,Northern,District
004366,11,Family,2025-07-23,2025-11-17,Disposed,117.0,False,,117.0,False,False,,2025-07,2025Q3,2025-11,,False,Southern Ranges High Court,Southern,High
004367,12,Civil,2024-10-27,2025-02-27,Disposed,123.0,False,,123.0,False,False,,2024-10,2024Q4,2025-02,,False,Willow Creek District Court,Southern,District
004368,06,Criminal,2025-09-24,2026-02-05,Disposed,134.0,False,,134.0,False,False,,2025-09,2025Q3,2026-02,,False,Central Plains High Court,Central,High
004369,04,Family,2024-07-05,2024-12-08,Disposed,156.0,False,,156.0,False,False,,2024-07,2024Q3,2024-12,,False,Riverton District Court,Central,District
004370,01,Criminal,2025-04-26,2025-12-17,Disposed,235.0,False,,235.0,False,False,,2025-04,2025Q2,2025-12,,False,Northbridge District Court,Northern,District
004371,05,Civil,2026-01-05,,Active,,False,,,False,True,239.0,2026-01,2026Q1,,3-12 months,False,Mistvale District Court,Central,District
004372,09,Criminal,2025-11-05,2025-12-27,Disposed,52.0,False,,52.0,False,False,,2025-11,2025Q4,2025-12,,False,Southgate District Court,Southern,District
004373,07,Family,2024-12-24,2025-11-29,Disposed,340.0,False,,340.0,False,False,,2024-12,2024Q4,2025-11,,False,Eastfield District Court,Eastern,District
004374,05,Family,2026-05-30,,Active,,False,,,False,True,94.0,2026-05,2026Q2,,3-12 months,False,Mistvale District Court,Central,District
004375,07,Criminal,2025-12-17,2026-04-11,Disposed,115.0,False,,115.0,False,False,,2025-12,2025Q4,2026-04,,False,Eastfield District Court,Eastern,District
004376,01,Civil,2025-11-01,2026-02-15,Disposed,106.0,False,,106.0,False,False,,2025-11,2025Q4,2026-02,,False,Northbridge District Court,Northern,District
004377,06,Criminal,2025-09-23,,Active,,False,,,False,True,343.0,2025-09,2025Q3,,3-12 months,False,Central Plains High Court,Central,High
004378,07,Family,2025-10-04,,Active,,False,,,False,True,332.0,2025-10,2025Q4,,3-12 months,False,Eastfield District Court,Eastern,District
004379,04,Family,2024-10-29,2025-01-06,Disposed,69.0,False,,69.0,False,False,,2024-10,2024Q4,2025-01,,False,Riverton District Court,Central,District
004380,02,Civil,2026-02-17,2026-06-11,Disposed,114.0,False,,114.0,False,False,,2026-02,2026Q1,2026-06,,False,Kauri Point District Court,Northern,District
004381,02,Family,2025-02-26,2025-09-28,Disposed,214.0,False,,214.0,False,False,,2025-02,2025Q1,2025-09,,False,Kauri Point District Court,Northern,District
004382,07,Youth,2026-04-07,2026-08-02,Disposed,117.0,False,,117.0,False,False,,2026-04,2026Q2,2026-08,,False,Eastfield District Court,Eastern,District
004383,11,Criminal,2025-11-03,2026-03-04,Disposed,121.0,False,,121.0,False,False,,2025-11,2025Q4,2026-03,,False,Southern Ranges High Court,Southern,High
004384,06,Criminal,2025-06-22,2026-01-21,Disposed,213.0,False,,213.0,False,False,,2025-06,2025Q2,2026-01,,False,Central Plains High Court,Central,High
004385,09,Civil,2026-05-23,2026-08-21,Disposed,90.0,False,,90.0,False,False,,2026-05,2026Q2,2026-08,,False,Southgate District Court,Southern,District
004386,12,Youth,2024-11-03,2024-12-05,Disposed,32.0,False,,32.0,False,False,,2024-11,2024Q4,2024-12,,False,Willow Creek District Court,Southern,District
004387,10,Criminal,2025-05-09,2025-07-04,Disposed,56.0,False,,56.0,False,False,,2025-05,2025Q2,2025-07,,False,Fernbay District Court,Southern,District
004388,08,Criminal,2026-05-23,,Active,,False,,,False,True,101.0,2026-05,2026Q2,,3-12 months,False,Cape Lawson District Court,Eastern,District
004389,07,Family,2025-12-18,2026-04-02,Disposed,105.0,False,,105.0,False,False,,2025-12,2025Q4,2026-04,,False,Eastfield District Court,Eastern,District
004390,02,Criminal,2024-11-15,2025-03-16,Disposed,121.0,False,,121.0,False,False,,2024-11,2024Q4,2025-03,,False,Kauri Point District Court,Northern,District
004391,03,Youth,2026-02-08,,Active,,False,,,False,True,205.0,2026-02,2026Q1,,3-12 months,False,Harbourview High Court,Northern,High
004392,03,Civil,2025-10-17,2026-04-05,Disposed,170.0,False,,170.0,False,False,,2025-10,2025Q4,2026-04,,False,Harbourview High Court,Northern,High
004393,08,Youth,2025-07-05,2026-01-20,Disposed,199.0,False,,199.0,False,False,,2025-07,2025Q3,2026-01,,False,Cape Lawson District Court,Eastern,District
004394,02,Family,2025-10-29,2026-06-04,Disposed,,False,,218.0,False,False,,2025-10,2025Q4,2026-06,,False,Kauri Point District Court,Northern,District
004395,12,Family,2024-08-14,,Active,,False,,,False,True,748.0,2024-08,2024Q3,,12+ months,True,Willow Creek District Court,Southern,District
004396,08,Family,2026-03-15,,Active,,False,,,False,True,170.0,2026-03,2026Q1,,3-12 months,False,Cape Lawson District Court,Eastern,District
004397,07,Criminal,2025-03-15,2026-05-06,Disposed,,False,,417.0,False,False,,2025-03,2025Q1,2026-05,,False,Eastfield District Court,Eastern,District
004398,01,Family,2025-02-06,2025-06-12,Disposed,126.0,False,,126.0,False,False,,2025-02,2025Q1,2025-06,,False,Northbridge District Court,Northern,District
004399,07,Criminal,2025-11-25,2026-05-17,Disposed,173.0,False,,173.0,False,False,,2025-11,2025Q4,2026-05,,False,Eastfield District Court,Eastern,District
004400,06,Criminal,2025-07-07,,Active,,False,,,False,True,421.0,2025-07,2025Q3,,12+ months,True,Central Plains High Court,Central,High
004401,05,Youth,2026-02-19,2026-06-15,Disposed,116.0,False,,116.0,False,False,,2026-02,2026Q1,2026-06,,False,Mistvale District Court,Central,District
004402,06,Family,2025-10-20,2026-02-08,Disposed,111.0,False,,111.0,False,False,,2025-10,2025Q4,2026-02,,False,Central Plains High Court,Central,High
004403,01,Family,2025-09-04,2025-11-11,Disposed,68.0,False,,68.0,False,False,,2025-09,2025Q3,2025-11,,False,Northbridge District Court,Northern,District
004404,12,Criminal,2025-03-10,2025-06-07,Disposed,89.0,False,,89.0,False,False,,2025-03,2025Q1,2025-06,,False,Willow Creek District Court,Southern,District
004405,07,Criminal,2026-06-15,,Active,,False,,,False,True,78.0,2026-06,2026Q2,,0-3 months,False,Eastfield District Court,Eastern,District
004406,05,Criminal,2025-01-05,2026-03-28,Disposed,447.0,False,,447.0,False,False,,2025-01,2025Q1,2026-03,,False,Mistvale District Court,Central,District
004407,09,Criminal,2026-02-05,2026-07-26,Disposed,171.0,False,,171.0,False,False,,2026-02,2026Q1,2026-07,,False,Southgate District Court,Southern,District
004408,12,Civil,2026-01-02,,Active,,False,,,False,True,242.0,2026-01,2026Q1,,3-12 months,False,Willow Creek District Court,Southern,District
004409,08,Criminal,2025-05-13,2025-09-06,Disposed,116.0,False,,116.0,False,False,,2025-05,2025Q2,2025-09,,False,Cape Lawson District Court,Eastern,District
004410,08,Civil,2026-03-31,,Active,,False,,,False,True,154.0,2026-03,2026Q1,,3-12 months,False,Cape Lawson District Court,Eastern,District
004411,04,Youth,2025-06-15,2025-12-14,Disposed,182.0,False,,182.0,False,False,,2025-06,2025Q2,2025-12,,False,Riverton District Court,Central,District
004412,12,Family,2024-08-11,2024-11-20,Disposed,,False,,101.0,False,False,,2024-08,2024Q3,2024-11,,False,Willow Creek District Court,Southern,District
004413,03,Family,2024-08-16,,Active,,False,,,False,True,746.0,2024-08,2024Q3,,12+ months,True,Harbourview High Court,Northern,High
004414,11,Criminal,2025-06-23,2025-10-29,Disposed,128.0,False,,128.0,False,False,,2025-06,2025Q2,2025-10,,False,Southern Ranges High Court,Southern,High
004415,01,Criminal,2025-11-06,2026-02-04,Disposed,90.0,False,,90.0,False,False,,2025-11,2025Q4,2026-02,,False,Northbridge District Court,Northern,District
004416,04,Criminal,2026-05-31,,Active,,False,,,False,True,93.0,2026-05,2026Q2,,3-12 months,False,Riverton District Court,Central,District
004417,01,Family,2025-08-19,2026-02-17,Disposed,182.0,False,,182.0,False,False,,2025-08,2025Q3,2026-02,,False,Northbridge District Court,Northern,District
004418,10,Criminal,2025-08-11,2026-05-02,Disposed,264.0,False,,264.0,False,False,,2025-08,2025Q3,2026-05,,False,Fernbay District Court,Southern,District
004419,01,Civil,2024-11-30,2025-04-13,Disposed,134.0,False,,134.0,False,False,,2024-11,2024Q4,2025-04,,False,Northbridge District Court,Northern,District
004420,04,Youth,2025-07-28,2025-09-28,Disposed,62.0,False,,62.0,False,False,,2025-07,2025Q3,2025-09,,False,Riverton District Court,Central,District
004421,11,Criminal,2025-10-27,2026-05-18,Disposed,203.0,False,,203.0,False,False,,2025-10,2025Q4,2026-05,,False,Southern Ranges High Court,Southern,High
004422,04,Criminal,2024-11-12,2025-03-18,Disposed,126.0,False,,126.0,False,False,,2024-11,2024Q4,2025-03,,False,Riverton District Court,Central,District
004423,10,Youth,2025-09-23,2026-01-03,Disposed,102.0,False,,102.0,False,False,,2025-09,2025Q3,2026-01,,False,Fernbay District Court,Southern,District
004424,10,Criminal,2025-11-08,2026-01-28,Disposed,81.0,False,,81.0,False,False,,2025-11,2025Q4,2026-01,,False,Fernbay District Court,Southern,District
004425,06,Criminal,2025-03-23,2025-06-22,Disposed,91.0,False,,91.0,False,False,,2025-03,2025Q1,2025-06,,False,Central Plains High Court,Central,High
004426,12,Civil,2025-09-27,2026-01-29,Disposed,124.0,False,,124.0,False,False,,2025-09,2025Q3,2026-01,,False,Willow Creek District Court,Southern,District
004427,02,Youth,2026-01-29,2026-06-15,Disposed,137.0,False,,137.0,False,False,,2026-01,2026Q1,2026-06,,False,Kauri Point District Court,Northern,District
004428,04,Youth,2026-05-05,2026-07-22,Disposed,78.0,False,,78.0,False,False,,2026-05,2026Q2,2026-07,,False,Riverton District Court,Central,District
004429,02,Civil,2026-06-26,,Active,,False,,,False,True,67.0,2026-06,2026Q2,,0-3 months,False,Kauri Point District Court,Northern,District
004430,08,Criminal,2026-05-26,,Active,,False,,,False,True,98.0,2026-05,2026Q2,,3-12 months,False,Cape Lawson District Court,Eastern,District
004431,02,Family,2025-02-25,2025-04-03,Disposed,37.0,False,,37.0,False,False,,2025-02,2025Q1,2025-04,,False,Kauri Point District Court,Northern,District
004432,12,Family,2025-12-03,,Active,,False,,,False,True,272.0,2025-12,2025Q4,,3-12 months,False,Willow Creek District Court,Southern,District
004433,02,Family,2024-08-27,2024-11-13,Disposed,78.0,False,,78.0,False,False,,2024-08,2024Q3,2024-11,,False,Kauri Point District Court,Northern,District
004434,10,Criminal,2026-04-25,,Active,,False,,,False,True,129.0,2026-04,2026Q2,,3-12 months,False,Fernbay District Court,Southern,District
004435,10,Family,2025-07-09,2025-09-15,Disposed,68.0,False,,68.0,False,False,,2025-07,2025Q3,2025-09,,False,Fernbay District Court,Southern,District
004436,,Family,2024-07-06,2025-11-02,Disposed,484.0,True,court_id not in lookup,484.0,False,False,,2024-07,2024Q3,2025-11,,False,,,
004437,09,Criminal,2025-08-30,2026-01-21,Disposed,144.0,False,,144.0,False,False,,2025-08,2025Q3,2026-01,,False,Southgate District Court,Southern,District
004438,06,Criminal,2026-03-07,,Active,,False,,,False,True,178.0,2026-03,2026Q1,,3-12 months,False,Central Plains High Court,Central,High
004439,12,Family,2026-04-23,,Active,,False,,,False,True,131.0,2026-04,2026Q2,,3-12 months,False,Willow Creek District Court,Southern,District
004440,06,Civil,2025-12-10,,Active,,False,,,False,True,265.0,2025-12,2025Q4,,3-12 months,False,Central Plains High Court,Central,High
004441,10,Criminal,2024-12-03,2025-03-05,Disposed,92.0,False,,92.0,False,False,,2024-12,2024Q4,2025-03,,False,Fernbay District Court,Southern,District
004442,02,Civil,2025-04-17,2025-07-04,Disposed,78.0,False,,78.0,False,False,,2025-04,2025Q2,2025-07,,False,Kauri Point District Court,Northern,District
004443,14,Family,2025-10-02,2026-02-10,Disposed,131.0,True,court_id not in lookup,131.0,False,False,,2025-10,2025Q4,2026-02,,False,,,
004444,06,Criminal,2025-11-07,2026-05-19,Disposed,193.0,False,,193.0,False,False,,2025-11,2025Q4,2026-05,,False,Central Plains High Court,Central,High
004445,08,Youth,2025-11-03,2026-03-01,Disposed,118.0,False,,118.0,False,False,,2025-11,2025Q4,2026-03,,False,Cape Lawson District Court,Eastern,District
004446,07,Criminal,2025-02-08,2025-12-25,Disposed,320.0,False,,320.0,False,False,,2025-02,2025Q1,2025-12,,False,Eastfield District Court,Eastern,District
004447,06,Criminal,2025-11-21,2026-05-29,Disposed,189.0,False,,189.0,False,False,,2025-11,2025Q4,2026-05,,False,Central Plains High Court,Central,High
004448,09,Criminal,2026-04-22,,Active,,False,,,False,True,132.0,2026-04,2026Q2,,3-12 months,False,Southgate District Court,Southern,District
004449,08,Criminal,2025-02-28,2025-08-30,Disposed,183.0,False,,183.0,False,False,,2025-02,2025Q1,2025-08,,False,Cape Lawson District Court,Eastern,District
004450,08,Family,2024-12-13,2025-08-23,Disposed,253.0,False,,253.0,False,False,,2024-12,2024Q4,2025-08,,False,Cape Lawson District Court,Eastern,District
004451,03,Civil,2025-04-28,2025-10-07,Disposed,162.0,False,,162.0,False,False,,2025-04,2025Q2,2025-10,,False,Harbourview High Court,Northern,High
004452,04,Family,2025-09-09,2026-02-22,Disposed,166.0,False,,166.0,False,False,,2025-09,2025Q3,2026-02,,False,Riverton District Court,Central,District
004453,12,Family,2025-05-15,2025-09-26,Disposed,134.0,False,,134.0,False,False,,2025-05,2025Q2,2025-09,,False,Willow Creek District Court,Southern,District
004454,08,Family,2025-07-10,2026-02-07,Disposed,212.0,False,,212.0,False,False,,2025-07,2025Q3,2026-02,,False,Cape Lawson District Court,Eastern,District
004455,08,Criminal,2026-03-29,,Active,,False,,,False,True,156.0,2026-03,2026Q1,,3-12 months,False,Cape Lawson District Court,Eastern,District
004456,11,Family,2024-08-04,2025-04-01,Disposed,240.0,False,,240.0,False,False,,2024-08,2024Q3,2025-04,,False,Southern Ranges High Court,Southern,High
004457,08,Criminal,2024-09-30,2025-02-27,Disposed,150.0,False,,150.0,False,False,,2024-09,2024Q3,2025-02,,False,Cape Lawson District Court,Eastern,District
004458,10,Criminal,2025-01-29,2025-03-23,Disposed,53.0,False,,53.0,False,False,,2025-01,2025Q1,2025-03,,False,Fernbay District Court,Southern,District
004459,10,Family,2025-10-12,2026-03-13,Disposed,152.0,False,,152.0,False,False,,2025-10,2025Q4,2026-03,,False,Fernbay District Court,Southern,District
004460,03,Criminal,2025-07-04,2025-09-11,Disposed,69.0,False,,69.0,False,False,,2025-07,2025Q3,2025-09,,False,Harbourview High Court,Northern,High
004461,11,Criminal,2024-10-23,2025-01-30,Disposed,99.0,False,,99.0,False,False,,2024-10,2024Q4,2025-01,,False,Southern Ranges High Court,Southern,High
004462,09,Youth,2025-03-04,2025-08-05,Disposed,154.0,False,,154.0,False,False,,2025-03,2025Q1,2025-08,,False,Southgate District Court,Southern,District
004463,04,Criminal,2026-04-02,2026-08-25,Disposed,145.0,False,,145.0,False,False,,2026-04,2026Q2,2026-08,,False,Riverton District Court,Central,District
004464,02,Civil,2024-09-15,2024-12-16,Disposed,92.0,False,,92.0,False,False,,2024-09,2024Q3,2024-12,,False,Kauri Point District Court,Northern,District
004465,11,Criminal,2024-08-28,2024-11-27,Disposed,91.0,False,,91.0,False,False,,2024-08,2024Q3,2024-11,,False,Southern Ranges High Court,Southern,High
004466,02,Family,2024-11-09,2025-04-02,Disposed,144.0,False,,144.0,False,False,,2024-11,2024Q4,2025-04,,False,Kauri Point District Court,Northern,District
004467,10,Family,2025-01-18,2025-05-02,Disposed,,False,,104.0,False,False,,2025-01,2025Q1,2025-05,,False,Fernbay District Court,Southern,District
004468,03,Youth,2026-02-12,2026-05-04,Disposed,81.0,False,,81.0,False,False,,2026-02,2026Q1,2026-05,,False,Harbourview High Court,Northern,High
004469,11,Civil,2026-06-20,,Active,,False,,,False,True,73.0,2026-06,2026Q2,,0-3 months,False,Southern Ranges High Court,Southern,High
004470,09,Youth,2024-09-30,2024-12-22,Disposed,83.0,False,,83.0,False,False,,2024-09,2024Q3,2024-12,,False,Southgate District Court,Southern,District
004471,01,Civil,2025-02-02,2025-05-08,Disposed,95.0,False,,95.0,False,False,,2025-02,2025Q1,2025-05,,False,Northbridge District Court,Northern,District
004472,02,Civil,2025-04-26,2025-07-25,Disposed,90.0,False,,90.0,False,False,,2025-04,2025Q2,2025-07,,False,Kauri Point District Court,Northern,District
004473,10,Family,2025-08-21,2025-12-03,Disposed,104.0,False,,104.0,False,False,,2025-08,2025Q3,2025-12,,False,Fernbay District Court,Southern,District
004474,06,Criminal,2026-01-22,2026-04-16,Disposed,84.0,False,,84.0,False,False,,2026-01,2026Q1,2026-04,,False,Central Plains High Court,Central,High
004475,01,Family,2025-06-04,2026-03-09,Disposed,278.0,False,,278.0,False,False,,2025-06,2025Q2,2026-03,,False,Northbridge District Court,Northern,District
004476,01,Criminal,2025-03-14,2025-07-29,Disposed,137.0,False,,137.0,False,False,,2025-03,2025Q1,2025-07,,False,Northbridge District Court,Northern,District
004477,04,Criminal,2024-12-06,,Active,,False,,,False,True,634.0,2024-12,2024Q4,,12+ months,True,Riverton District Court,Central,District
004478,01,Civil,2024-12-04,2025-02-03,Disposed,61.0,False,,61.0,False,False,,2024-12,2024Q4,2025-02,,False,Northbridge District Court,Northern,District
004479,08,Civil,2025-02-25,2025-07-17,Disposed,142.0,False,,142.0,False,False,,2025-02,2025Q1,2025-07,,False,Cape Lawson District Court,Eastern,District
004480,02,Criminal,2025-07-26,2025-12-06,Disposed,133.0,False,,133.0,False,False,,2025-07,2025Q3,2025-12,,False,Kauri Point District Court,Northern,District
004481,06,Youth,2025-06-06,2025-07-15,Disposed,39.0,False,,39.0,False,False,,2025-06,2025Q2,2025-07,,False,Central Plains High Court,Central,High
004482,09,Family,2026-06-21,2026-08-06,Disposed,46.0,False,,46.0,False,False,,2026-06,2026Q2,2026-08,,False,Southgate District Court,Southern,District
004483,02,Family,2025-09-13,2026-01-21,Disposed,,False,,130.0,False,False,,2025-09,2025Q3,2026-01,,False,Kauri Point District Court,Northern,District
004484,02,Civil,2025-08-06,2026-01-05,Disposed,152.0,False,,152.0,False,False,,2025-08,2025Q3,2026-01,,False,Kauri Point District Court,Northern,District
004485,01,Family,2026-04-09,,Active,,False,,,False,True,145.0,2026-04,2026Q2,,3-12 months,False,Northbridge District Court,Northern,District
004486,04,Family,2025-03-04,2026-07-15,Disposed,498.0,False,,498.0,False,False,,2025-03,2025Q1,2026-07,,False,Riverton District Court,Central,District
004487,10,Civil,2026-04-18,2026-07-04,Disposed,77.0,False,,77.0,False,False,,2026-04,2026Q2,2026-07,,False,Fernbay District Court,Southern,District
004488,06,Family,2025-04-03,2026-02-19,Disposed,322.0,False,,322.0,False,False,,2025-04,2025Q2,2026-02,,False,Central Plains High Court,Central,High
004489,07,Family,2025-07-04,2025-11-18,Disposed,137.0,False,,137.0,False,False,,2025-07,2025Q3,2025-11,,False,Eastfield District Court,Eastern,District
004490,07,Family,2026-04-07,,Active,,False,,,False,True,147.0,2026-04,2026Q2,,3-12 months,False,Eastfield District Court,Eastern,District
004491,08,Criminal,2024-08-14,2024-11-05,Disposed,83.0,False,,83.0,False,False,,2024-08,2024Q3,2024-11,,False,Cape Lawson District Court,Eastern,District
004492,09,Criminal,2025-11-04,2026-01-25,Disposed,82.0,False,,82.0,False,False,,2025-11,2025Q4,2026-01,,False,Southgate District Court,Southern,District
004493,07,Criminal,2024-09-03,2025-04-25,Disposed,234.0,False,,234.0,False,False,,2024-09,2024Q3,2025-04,,False,Eastfield District Court,Eastern,District
004494,03,Civil,2026-06-07,,Active,,False,,,False,True,86.0,2026-06,2026Q2,,0-3 months,False,Harbourview High Court,Northern,High
004495,01,Criminal,2025-06-21,2025-09-14,Disposed,85.0,False,,85.0,False,False,,2025-06,2025Q2,2025-09,,False,Northbridge District Court,Northern,District
004496,04,Criminal,2025-05-06,2025-11-25,Disposed,203.0,False,,203.0,False,False,,2025-05,2025Q2,2025-11,,False,Riverton District Court,Central,District
004497,05,Civil,2024-08-29,2025-07-19,Disposed,324.0,False,,324.0,False,False,,2024-08,2024Q3,2025-07,,False,Mistvale District Court,Central,District
004498,01,Criminal,2025-01-23,2025-03-29,Disposed,65.0,False,,65.0,False,False,,2025-01,2025Q1,2025-03,,False,Northbridge District Court,Northern,District
004499,01,Family,2025-12-16,2026-03-23,Disposed,,False,,97.0,False,False,,2025-12,2025Q4,2026-03,,False,Northbridge District Court,Northern,District
004500,01,Civil,2025-11-08,2025-12-10,Disposed,32.0,False,,32.0,False,False,,2025-11,2025Q4,2025-12,,False,Northbridge District Court,Northern,District
004501,01,Youth,2025-03-25,,Active,,False,,,False,True,525.0,2025-03,2025Q1,,12+ months,True,Northbridge District Court,Northern,District
004502,10,Family,2024-11-15,2025-07-16,Disposed,243.0,False,,243.0,False,False,,2024-11,2024Q4,2025-07,,False,Fernbay District Court,Southern,District
004503,09,Family,2025-10-27,2026-04-25,Disposed,180.0,False,,180.0,False,False,,2025-10,2025Q4,2026-04,,False,Southgate District Court,Southern,District
004504,12,Civil,2026-03-05,,Active,,False,,,False,True,180.0,2026-03,2026Q1,,3-12 months,False,Willow Creek District Court,Southern,District
004505,03,Youth,2025-07-29,2025-10-04,Disposed,67.0,False,,67.0,False,False,,2025-07,2025Q3,2025-10,,False,Harbourview High Court,Northern,High
004506,11,Civil,2025-01-01,2025-10-23,Disposed,295.0,False,,295.0,False,False,,2025-01,2025Q1,2025-10,,False,Southern Ranges High Court,Southern,High
004507,10,Family,2025-01-19,2025-12-23,Disposed,338.0,False,,338.0,False,False,,2025-01,2025Q1,2025-12,,False,Fernbay District Court,Southern,District
004508,08,Criminal,2026-01-09,2026-04-24,Disposed,105.0,False,,105.0,False,False,,2026-01,2026Q1,2026-04,,False,Cape Lawson District Court,Eastern,District
004509,08,Criminal,2026-01-29,,Active,,False,,,False,True,215.0,2026-01,2026Q1,,3-12 months,False,Cape Lawson District Court,Eastern,District
004510,05,Criminal,2025-10-21,2026-08-16,Disposed,299.0,False,,299.0,False,False,,2025-10,2025Q4,2026-08,,False,Mistvale District Court,Central,District
004511,09,Family,2026-03-17,,Active,,False,,,False,True,168.0,2026-03,2026Q1,,3-12 months,False,Southgate District Court,Southern,District
004512,01,Civil,2026-03-06,2026-05-16,Disposed,71.0,False,,71.0,False,False,,2026-03,2026Q1,2026-05,,False,Northbridge District Court,Northern,District
004513,10,Criminal,2025-11-29,2026-05-17,Disposed,169.0,False,,169.0,False,False,,2025-11,2025Q4,2026-05,,False,Fernbay District Court,Southern,District
004514,09,Youth,2025-09-24,2025-12-21,Disposed,88.0,False,,88.0,False,False,,2025-09,2025Q3,2025-12,,False,Southgate District Court,Southern,District
004515,08,Criminal,2026-01-16,2026-05-15,Disposed,119.0,False,,119.0,False,False,,2026-01,2026Q1,2026-05,,False,Cape Lawson District Court,Eastern,District
004516,08,Criminal,2025-02-08,2025-06-22,Disposed,134.0,False,,134.0,False,False,,2025-02,2025Q1,2025-06,,False,Cape Lawson District Court,Eastern,District
004517,11,Criminal,2025-08-26,,Active,,False,,,False,True,371.0,2025-08,2025Q3,,12+ months,True,Southern Ranges High Court,Southern,High
004518,05,Youth,2025-11-09,,Active,,False,,,False,True,296.0,2025-11,2025Q4,,3-12 months,False,Mistvale District Court,Central,District
004519,10,Criminal,2024-09-02,2025-02-03,Disposed,154.0,False,,154.0,False,False,,2024-09,2024Q3,2025-02,,False,Fernbay District Court,Southern,District
004520,04,Criminal,2024-07-19,2024-09-23,Disposed,66.0,False,,66.0,False,False,,2024-07,2024Q3,2024-09,,False,Riverton District Court,Central,District
004521,07,Family,2026-05-08,,Active,,False,,,False,True,116.0,2026-05,2026Q2,,3-12 months,False,Eastfield District Court,Eastern,District
004522,05,Civil,2025-05-13,2025-11-27,Disposed,198.0,False,,198.0,False,False,,2025-05,2025Q2,2025-11,,False,Mistvale District Court,Central,District
004523,07,Civil,2025-03-13,2025-10-16,Disposed,217.0,False,,217.0,False,False,,2025-03,2025Q1,2025-10,,False,Eastfield District Court,Eastern,District
004524,06,Family,2024-10-09,2025-01-28,Disposed,111.0,False,,111.0,False,False,,2024-10,2024Q4,2025-01,,False,Central Plains High Court,Central,High
004525,01,Youth,2025-02-08,2025-06-12,Disposed,124.0,False,,124.0,False,False,,2025-02,2025Q1,2025-06,,False,Northbridge District Court,Northern,District
004526,08,Family,2026-02-19,,Active,,False,,,False,True,194.0,2026-02,2026Q1,,3-12 months,False,Cape Lawson District Court,Eastern,District
004527,04,Criminal,2024-09-02,2024-10-05,Disposed,33.0,False,,33.0,False,False,,2024-09,2024Q3,2024-10,,False,Riverton District Court,Central,District
004528,03,Youth,2025-03-23,2025-09-28,Disposed,189.0,False,,189.0,False,False,,2025-03,2025Q1,2025-09,,False,Harbourview High Court,Northern,High
004529,12,Family,2025-02-15,2025-05-14,Disposed,88.0,False,,88.0,False,False,,2025-02,2025Q1,2025-05,,False,Willow Creek District Court,Southern,District
004530,12,Criminal,2025-01-25,2025-07-17,Disposed,173.0,False,,173.0,False,False,,2025-01,2025Q1,2025-07,,False,Willow Creek District Court,Southern,District
004531,06,Civil,2024-10-13,2025-03-09,Disposed,147.0,False,,147.0,False,False,,2024-10,2024Q4,2025-03,,False,Central Plains High Court,Central,High
004532,11,Criminal,2026-01-26,,Active,,False,,,False,True,218.0,2026-01,2026Q1,,3-12 months,False,Southern Ranges High Court,Southern,High
004533,12,Civil,2024-09-30,2025-03-08,Disposed,159.0,False,,159.0,False,False,,2024-09,2024Q3,2025-03,,False,Willow Creek District Court,Southern,District
004534,02,Criminal,2024-07-06,2025-03-01,Disposed,238.0,False,,238.0,False,False,,2024-07,2024Q3,2025-03,,False,Kauri Point District Court,Northern,District
004535,12,Family,2026-01-09,2026-05-30,Disposed,141.0,False,,141.0,False,False,,2026-01,2026Q1,2026-05,,False,Willow Creek District Court,Southern,District
004536,09,Civil,2024-10-03,2025-03-12,Disposed,150.0,False,,160.0,True,False,,2024-10,2024Q4,2025-03,,False,Southgate District Court,Southern,District
004537,03,Criminal,2025-04-05,2025-08-09,Disposed,126.0,False,,126.0,False,False,,2025-04,2025Q2,2025-08,,False,Harbourview High Court,Northern,High
004538,04,Criminal,2026-02-04,2026-07-18,Disposed,164.0,False,,164.0,False,False,,2026-02,2026Q1,2026-07,,False,Riverton District Court,Central,District
004539,12,Youth,2025-07-05,2025-10-13,Disposed,100.0,False,,100.0,False,False,,2025-07,2025Q3,2025-10,,False,Willow Creek District Court,Southern,District
004540,05,Family,2025-06-13,2026-04-04,Disposed,295.0,False,,295.0,False,False,,2025-06,2025Q2,2026-04,,False,Mistvale District Court,Central,District
004541,05,Criminal,2024-10-11,2025-11-13,Disposed,398.0,False,,398.0,False,False,,2024-10,2024Q4,2025-11,,False,Mistvale District Court,Central,District
004542,02,Civil,2025-07-04,2025-10-14,Disposed,102.0,False,,102.0,False,False,,2025-07,2025Q3,2025-10,,False,Kauri Point District Court,Northern,District
004543,06,Family,2026-01-07,2026-07-06,Disposed,180.0,False,,180.0,False,False,,2026-01,2026Q1,2026-07,,False,Central Plains High Court,Central,High
004544,05,Youth,2025-07-16,2025-11-23,Disposed,130.0,False,,130.0,False,False,,2025-07,2025Q3,2025-11,,False,Mistvale District Court,Central,District
004545,11,Civil,2025-08-20,2025-11-22,Disposed,94.0,False,,94.0,False,False,,2025-08,2025Q3,2025-11,,False,Southern Ranges High Court,Southern,High
004546,11,Criminal,2025-08-31,2026-01-03,Disposed,125.0,False,,125.0,False,False,,2025-08,2025Q3,2026-01,,False,Southern Ranges High Court,Southern,High
004547,05,Family,2026-04-02,,Active,,False,,,False,True,152.0,2026-04,2026Q2,,3-12 months,False,Mistvale District Court,Central,District
004548,01,Criminal,2024-07-27,2024-12-22,Disposed,148.0,False,,148.0,False,False,,2024-07,2024Q3,2024-12,,False,Northbridge District Court,Northern,District
004549,08,Civil,2025-08-16,2026-07-10,Disposed,328.0,False,,328.0,False,False,,2025-08,2025Q3,2026-07,,False,Cape Lawson District Court,Eastern,District
004550,08,Family,2025-06-12,2026-01-14,Disposed,216.0,False,,216.0,False,False,,2025-06,2025Q2,2026-01,,False,Cape Lawson District Court,Eastern,District
004551,10,Criminal,2025-07-28,2025-11-16,Disposed,111.0,False,,111.0,False,False,,2025-07,2025Q3,2025-11,,False,Fernbay District Court,Southern,District
004552,06,Criminal,2026-04-23,,Active,,False,,,False,True,131.0,2026-04,2026Q2,,3-12 months,False,Central Plains High Court,Central,High
004553,02,Criminal,2026-05-28,2026-08-27,Disposed,91.0,False,,91.0,False,False,,2026-05,2026Q2,2026-08,,False,Kauri Point District Court,Northern,District
004554,08,Criminal,2026-06-07,,Active,,False,,,False,True,86.0,2026-06,2026Q2,,0-3 months,False,Cape Lawson District Court,Eastern,District
004555,03,Family,2024-10-23,2025-07-31,Disposed,281.0,False,,281.0,False,False,,2024-10,2024Q4,2025-07,,False,Harbourview High Court,Northern,High
004556,08,Family,2024-10-26,2025-11-27,Disposed,397.0,False,,397.0,False,False,,2024-10,2024Q4,2025-11,,False,Cape Lawson District Court,Eastern,District
004557,03,Civil,2025-09-21,2026-03-13,Disposed,173.0,False,,173.0,False,False,,2025-09,2025Q3,2026-03,,False,Harbourview High Court,Northern,High
004558,07,Family,2024-08-06,,Active,,False,,,False,True,756.0,2024-08,2024Q3,,12+ months,True,Eastfield District Court,Eastern,District
004559,05,Youth,2025-10-27,2026-06-11,Disposed,227.0,False,,227.0,False,False,,2025-10,2025Q4,2026-06,,False,Mistvale District Court,Central,District
004560,05,Criminal,2026-05-14,,Active,,False,,,False,True,110.0,2026-05,2026Q2,,3-12 months,False,Mistvale District Court,Central,District
004561,12,Criminal,2024-11-22,2025-10-28,Disposed,340.0,False,,340.0,False,False,,2024-11,2024Q4,2025-10,,False,Willow Creek District Court,Southern,District
004562,02,Family,2026-05-08,,Active,,False,,,False,True,116.0,2026-05,2026Q2,,3-12 months,False,Kauri Point District Court,Northern,District
004563,08,Youth,2025-08-06,2026-04-04,Disposed,241.0,False,,241.0,False,False,,2025-08,2025Q3,2026-04,,False,Cape Lawson District Court,Eastern,District
004564,09,Family,2025-10-08,2026-03-27,Disposed,170.0,False,,170.0,False,False,,2025-10,2025Q4,2026-03,,False,Southgate District Court,Southern,District
004565,10,Family,2026-06-02,,Active,,False,,,False,True,91.0,2026-06,2026Q2,,3-12 months,False,Fernbay District Court,Southern,District
004566,08,Family,2025-06-02,2026-04-16,Disposed,318.0,False,,318.0,False,False,,2025-06,2025Q2,2026-04,,False,Cape Lawson District Court,Eastern,District
004567,01,Youth,2025-07-02,2025-08-17,Disposed,46.0,False,,46.0,False,False,,2025-07,2025Q3,2025-08,,False,Northbridge District Court,Northern,District
004568,02,Family,2024-12-22,2025-09-08,Disposed,260.0,False,,260.0,False,False,,2024-12,2024Q4,2025-09,,False,Kauri Point District Court,Northern,District
004569,12,Family,2025-09-08,2026-01-30,Disposed,144.0,False,,144.0,False,False,,2025-09,2025Q3,2026-01,,False,Willow Creek District Court,Southern,District
004570,10,Family,2026-01-11,,Active,,False,,,False,True,233.0,2026-01,2026Q1,,3-12 months,False,Fernbay District Court,Southern,District
004571,11,Civil,2024-07-16,2024-10-19,Disposed,95.0,False,,95.0,False,False,,2024-07,2024Q3,2024-10,,False,Southern Ranges High Court,Southern,High
004572,05,Criminal,2024-08-02,2025-05-02,Disposed,273.0,False,,273.0,False,False,,2024-08,2024Q3,2025-05,,False,Mistvale District Court,Central,District
004573,08,Criminal,2025-05-02,2025-10-08,Disposed,159.0,False,,159.0,False,False,,2025-05,2025Q2,2025-10,,False,Cape Lawson District Court,Eastern,District
004574,06,Civil,2025-07-07,2025-12-06,Disposed,152.0,False,,152.0,False,False,,2025-07,2025Q3,2025-12,,False,Central Plains High Court,Central,High
004575,03,Criminal,2025-12-03,2026-06-21,Disposed,200.0,False,,200.0,False,False,,2025-12,2025Q4,2026-06,,False,Harbourview High Court,Northern,High
004576,03,Family,2024-10-23,2026-01-12,Disposed,,False,,446.0,False,False,,2024-10,2024Q4,2026-01,,False,Harbourview High Court,Northern,High
004577,07,Civil,2026-05-03,2026-08-18,Disposed,107.0,False,,107.0,False,False,,2026-05,2026Q2,2026-08,,False,Eastfield District Court,Eastern,District
004578,08,Criminal,2025-03-02,2025-11-20,Disposed,263.0,False,,263.0,False,False,,2025-03,2025Q1,2025-11,,False,Cape Lawson District Court,Eastern,District
004579,02,Youth,2024-09-12,2024-11-05,Disposed,54.0,False,,54.0,False,False,,2024-09,2024Q3,2024-11,,False,Kauri Point District Court,Northern,District
004580,09,Criminal,2024-10-30,2024-12-02,Disposed,33.0,False,,33.0,False,False,,2024-10,2024Q4,2024-12,,False,Southgate District Court,Southern,District
004581,06,Criminal,2025-03-15,2025-06-10,Disposed,87.0,False,,87.0,False,False,,2025-03,2025Q1,2025-06,,False,Central Plains High Court,Central,High
004582,03,Family,2026-04-12,2026-09-01,Disposed,142.0,False,,142.0,False,False,,2026-04,2026Q2,2026-09,,False,Harbourview High Court,Northern,High
004583,01,Family,2026-06-23,,Active,,False,,,False,True,70.0,2026-06,2026Q2,,0-3 months,False,Northbridge District Court,Northern,District
004584,02,Civil,2025-10-06,2026-01-19,Disposed,105.0,False,,105.0,False,False,,2025-10,2025Q4,2026-01,,False,Kauri Point District Court,Northern,District
004585,06,Civil,2026-03-05,,Active,,False,,,False,True,180.0,2026-03,2026Q1,,3-12 months,False,Central Plains High Court,Central,High
004586,04,Family,2024-10-23,2024-12-23,Disposed,61.0,False,,61.0,False,False,,2024-10,2024Q4,2024-12,,False,Riverton District Court,Central,District
004587,05,Civil,2026-06-26,,Active,,False,,,False,True,67.0,2026-06,2026Q2,,0-3 months,False,Mistvale District Court,Central,District
004588,09,Youth,2024-09-11,2024-11-07,Disposed,57.0,False,,57.0,False,False,,2024-09,2024Q3,2024-11,,False,Southgate District Court,Southern,District
004589,02,Civil,2024-09-12,2025-05-01,Disposed,231.0,False,,231.0,False,False,,2024-09,2024Q3,2025-05,,False,Kauri Point District Court,Northern,District
004590,01,Criminal,2025-09-13,2026-01-17,Disposed,126.0,False,,126.0,False,False,,2025-09,2025Q3,2026-01,,False,Northbridge District Court,Northern,District
004591,04,Youth,2026-02-27,2026-06-23,Disposed,116.0,False,,116.0,False,False,,2026-02,2026Q1,2026-06,,False,Riverton District Court,Central,District
004592,03,Civil,2026-02-13,,Active,,False,,,False,True,200.0,2026-02,2026Q1,,3-12 months,False,Harbourview High Court,Northern,High
004593,08,Civil,2025-10-30,2026-06-05,Disposed,218.0,False,,218.0,False,False,,2025-10,2025Q4,2026-06,,False,Cape Lawson District Court,Eastern,District
004594,11,Youth,2024-12-16,2025-01-07,Disposed,22.0,False,,22.0,False,False,,2024-12,2024Q4,2025-01,,False,Southern Ranges High Court,Southern,High
004595,10,Family,2025-02-06,,Active,,False,,,False,True,572.0,2025-02,2025Q1,,12+ months,True,Fernbay District Court,Southern,District
004596,07,Criminal,2024-09-29,2025-01-19,Disposed,112.0,False,,112.0,False,False,,2024-09,2024Q3,2025-01,,False,Eastfield District Court,Eastern,District
004597,10,Family,2025-04-12,2025-07-29,Disposed,108.0,False,,108.0,False,False,,2025-04,2025Q2,2025-07,,False,Fernbay District Court,Southern,District
004598,01,Family,2026-06-28,,Active,,False,,,False,True,65.0,2026-06,2026Q2,,0-3 months,False,Northbridge District Court,Northern,District
004599,11,Youth,2026-06-03,,Active,,False,,,False,True,90.0,2026-06,2026Q2,,0-3 months,False,Southern Ranges High Court,Southern,High
004600,12,Family,2025-12-22,2026-07-22,Disposed,212.0,False,,212.0,False,False,,2025-12,2025Q4,2026-07,,False,Willow Creek District Court,Southern,District
004601,04,Family,2025-02-20,,Active,,False,,,False,True,558.0,2025-02,2025Q1,,12+ months,True,Riverton District Court,Central,District
004602,05,Civil,2025-07-17,,Active,,False,,,False,True,411.0,2025-07,2025Q3,,12+ months,True,Mistvale District Court,Central,District
004603,11,Youth,2025-10-18,,Active,,False,,,False,True,318.0,2025-10,2025Q4,,3-12 months,False,Southern Ranges High Court,Southern,High
004604,02,Criminal,2025-03-08,2025-07-21,Disposed,135.0,False,,135.0,False,False,,2025-03,2025Q1,2025-07,,False,Kauri Point District Court,Northern,District
004605,01,Criminal,2025-02-16,2025-04-03,Disposed,46.0,False,,46.0,False,False,,2025-02,2025Q1,2025-04,,False,Northbridge District Court,Northern,District
004606,06,Criminal,2024-11-17,2025-02-22,Disposed,97.0,False,,97.0,False,False,,2024-11,2024Q4,2025-02,,False,Central Plains High Court,Central,High
004607,04,Criminal,2026-04-22,2026-09-01,Disposed,132.0,False,,132.0,False,False,,2026-04,2026Q2,2026-09,,False,Riverton District Court,Central,District
004608,12,Criminal,2026-04-13,,Active,,False,,,False,True,141.0,2026-04,2026Q2,,3-12 months,False,Willow Creek District Court,Southern,District
004609,10,Criminal,2024-07-26,2024-12-22,Disposed,149.0,False,,149.0,False,False,,2024-07,2024Q3,2024-12,,False,Fernbay District Court,Southern,District
004610,07,Criminal,2025-10-26,2026-02-24,Disposed,121.0,False,,121.0,False,False,,2025-10,2025Q4,2026-02,,False,Eastfield District Court,Eastern,District
004611,10,Criminal,2026-06-26,,Active,,False,,,False,True,67.0,2026-06,2026Q2,,0-3 months,False,Fernbay District Court,Southern,District
004612,09,Criminal,2026-02-23,,Active,,False,,,False,True,190.0,2026-02,2026Q1,,3-12 months,False,Southgate District Court,Southern,District
004613,09,Civil,2024-10-07,2025-04-14,Disposed,189.0,False,,189.0,False,False,,2024-10,2024Q4,2025-04,,False,Southgate District Court,Southern,District
004614,06,Youth,2025-04-13,2025-06-21,Disposed,69.0,False,,69.0,False,False,,2025-04,2025Q2,2025-06,,False,Central Plains High Court,Central,High
004615,07,Civil,2025-02-08,2026-02-12,Disposed,369.0,False,,369.0,False,False,,2025-02,2025Q1,2026-02,,False,Eastfield District Court,Eastern,District
004616,01,Youth,2025-12-25,2026-03-31,Disposed,96.0,False,,96.0,False,False,,2025-12,2025Q4,2026-03,,False,Northbridge District Court,Northern,District
004617,01,Civil,2024-11-24,2025-06-19,Disposed,207.0,False,,207.0,False,False,,2024-11,2024Q4,2025-06,,False,Northbridge District Court,Northern,District
004618,08,Criminal,2024-11-23,2025-08-27,Disposed,,False,,277.0,False,False,,2024-11,2024Q4,2025-08,,False,Cape Lawson District Court,Eastern,District
004619,03,Civil,2025-02-21,2025-06-08,Disposed,107.0,False,,107.0,False,False,,2025-02,2025Q1,2025-06,,False,Harbourview High Court,Northern,High
004620,06,Criminal,2025-02-26,2026-07-24,Disposed,513.0,False,,513.0,False,False,,2025-02,2025Q1,2026-07,,False,Central Plains High Court,Central,High
004621,02,Family,2026-06-27,,Active,,False,,,False,True,66.0,2026-06,2026Q2,,0-3 months,False,Kauri Point District Court,Northern,District
004622,11,Youth,2026-04-20,,Active,,False,,,False,True,134.0,2026-04,2026Q2,,3-12 months,False,Southern Ranges High Court,Southern,High
004623,08,Civil,2025-12-15,2026-07-28,Disposed,225.0,False,,225.0,False,False,,2025-12,2025Q4,2026-07,,False,Cape Lawson District Court,Eastern,District
004624,05,Youth,2025-09-11,,Active,,False,,,False,True,355.0,2025-09,2025Q3,,3-12 months,False,Mistvale District Court,Central,District
004625,10,Civil,2025-07-22,2025-11-08,Disposed,109.0,False,,109.0,False,False,,2025-07,2025Q3,2025-11,,False,Fernbay District Court,Southern,District
004626,06,Civil,2025-02-05,2025-09-27,Disposed,234.0,False,,234.0,False,False,,2025-02,2025Q1,2025-09,,False,Central Plains High Court,Central,High
004627,10,Family,2026-05-05,,Active,,False,,,False,True,119.0,2026-05,2026Q2,,3-12 months,False,Fernbay District Court,Southern,District
004628,08,Youth,2024-12-17,2025-06-01,Disposed,166.0,False,,166.0,False,False,,2024-12,2024Q4,2025-06,,False,Cape Lawson District Court,Eastern,District
004629,01,Family,2026-06-25,,Active,,False,,,False,True,68.0,2026-06,2026Q2,,0-3 months,False,Northbridge District Court,Northern,District
004630,05,Youth,2024-08-01,2025-02-11,Disposed,,False,,194.0,False,False,,2024-08,2024Q3,2025-02,,False,Mistvale District Court,Central,District
004631,09,Civil,2024-09-14,2024-12-08,Disposed,85.0,False,,85.0,False,False,,2024-09,2024Q3,2024-12,,False,Southgate District Court,Southern,District
004632,12,Criminal,2025-09-09,,Active,,False,,,False,True,357.0,2025-09,2025Q3,,3-12 months,False,Willow Creek District Court,Southern,District
004633,06,Youth,2024-10-30,2025-01-06,Disposed,68.0,False,,68.0,False,False,,2024-10,2024Q4,2025-01,,False,Central Plains High Court,Central,High
004634,05,Family,2026-02-13,,Active,,False,,,False,True,200.0,2026-02,2026Q1,,3-12 months,False,Mistvale District Court,Central,District
004635,09,Criminal,2025-05-17,2025-08-09,Disposed,84.0,False,,84.0,False,False,,2025-05,2025Q2,2025-08,,False,Southgate District Court,Southern,District
004636,03,Criminal,2025-06-24,,Active,,False,,,False,True,434.0,2025-06,2025Q2,,12+ months,True,Harbourview High Court,Northern,High
004637,10,Criminal,2026-06-09,2026-08-16,Disposed,68.0,False,,68.0,False,False,,2026-06,2026Q2,2026-08,,False,Fernbay District Court,Southern,District
004638,04,Youth,2026-04-02,2026-06-24,Disposed,83.0,False,,83.0,False,False,,2026-04,2026Q2,2026-06,,False,Riverton District Court,Central,District
004639,03,Civil,2025-08-03,2026-02-01,Disposed,182.0,False,,182.0,False,False,,2025-08,2025Q3,2026-02,,False,Harbourview High Court,Northern,High
004640,04,Civil,2026-05-17,,Active,,False,,,False,True,107.0,2026-05,2026Q2,,3-12 months,False,Riverton District Court,Central,District
004641,10,Civil,2025-09-17,2025-12-01,Disposed,75.0,False,,75.0,False,False,,2025-09,2025Q3,2025-12,,False,Fernbay District Court,Southern,District
004642,05,Criminal,2025-05-09,2025-09-24,Disposed,138.0,False,,138.0,False,False,,2025-05,2025Q2,2025-09,,False,Mistvale District Court,Central,District
004643,11,Youth,2026-05-21,2026-08-01,Disposed,72.0,False,,72.0,False,False,,2026-05,2026Q2,2026-08,,False,Southern Ranges High Court,Southern,High
004644,08,Criminal,2024-10-21,2025-01-27,Disposed,98.0,False,,98.0,False,False,,2024-10,2024Q4,2025-01,,False,Cape Lawson District Court,Eastern,District
004645,10,Family,2026-02-11,2026-05-10,Disposed,88.0,False,,88.0,False,False,,2026-02,2026Q1,2026-05,,False,Fernbay District Court,Southern,District
004646,07,Civil,2024-10-19,2024-12-30,Disposed,72.0,False,,72.0,False,False,,2024-10,2024Q4,2024-12,,False,Eastfield District Court,Eastern,District
004647,11,Civil,2025-11-30,2026-04-26,Disposed,147.0,False,,147.0,False,False,,2025-11,2025Q4,2026-04,,False,Southern Ranges High Court,Southern,High
004648,05,Criminal,2025-09-27,2026-01-31,Disposed,126.0,False,,126.0,False,False,,2025-09,2025Q3,2026-01,,False,Mistvale District Court,Central,District
004649,07,Civil,2026-06-03,,Active,,False,,,False,True,90.0,2026-06,2026Q2,,0-3 months,False,Eastfield District Court,Eastern,District
004650,04,Civil,2025-05-30,2025-08-03,Disposed,65.0,False,,65.0,False,False,,2025-05,2025Q2,2025-08,,False,Riverton District Court,Central,District
004651,05,Criminal,2024-08-24,2025-04-13,Disposed,232.0,False,,232.0,False,False,,2024-08,2024Q3,2025-04,,False,Mistvale District Court,Central,District
004652,09,Family,2025-12-08,,Active,,False,,,False,True,267.0,2025-12,2025Q4,,3-12 months,False,Southgate District Court,Southern,District
004653,12,Criminal,2025-04-24,2025-10-30,Disposed,189.0,False,,189.0,False,False,,2025-04,2025Q2,2025-10,,False,Willow Creek District Court,Southern,District
004654,12,Criminal,2026-04-15,,Active,,False,,,False,True,139.0,2026-04,2026Q2,,3-12 months,False,Willow Creek District Court,Southern,District
004655,04,Civil,2024-09-03,2024-11-28,Disposed,86.0,False,,86.0,False,False,,2024-09,2024Q3,2024-11,,False,Riverton District Court,Central,District
004656,12,Civil,2025-10-22,,Active,,False,,,False,True,314.0,2025-10,2025Q4,,3-12 months,False,Willow Creek District Court,Southern,District
004657,04,Criminal,2025-08-08,2025-12-19,Disposed,133.0,False,,133.0,False,False,,2025-08,2025Q3,2025-12,,False,Riverton District Court,Central,District
004658,11,Youth,2026-06-20,,Active,,False,,,False,True,73.0,2026-06,2026Q2,,0-3 months,False,Southern Ranges High Court,Southern,High
004659,03,Family,2024-10-01,2025-05-17,Disposed,228.0,False,,228.0,False,False,,2024-10,2024Q4,2025-05,,False,Harbourview High Court,Northern,High
004660,01,Criminal,2025-07-10,2025-10-19,Disposed,101.0,False,,101.0,False,False,,2025-07,2025Q3,2025-10,,False,Northbridge District Court,Northern,District
004661,10,Family,2026-03-08,2026-06-15,Disposed,99.0,False,,99.0,False,False,,2026-03,2026Q1,2026-06,,False,Fernbay District Court,Southern,District
004662,04,Family,2026-04-20,,Active,,False,,,False,True,134.0,2026-04,2026Q2,,3-12 months,False,Riverton District Court,Central,District
004663,12,Family,2025-02-01,2025-09-01,Disposed,212.0,False,,212.0,False,False,,2025-02,2025Q1,2025-09,,False,Willow Creek District Court,Southern,District
004664,02,Youth,2024-10-20,2024-12-12,Disposed,53.0,False,,53.0,False,False,,2024-10,2024Q4,2024-12,,False,Kauri Point District Court,Northern,District
004665,06,Civil,2024-07-17,,Active,,False,,,False,True,776.0,2024-07,2024Q3,,12+ months,True,Central Plains High Court,Central,High
004666,05,Family,2025-07-01,,Active,,False,,,False,True,427.0,2025-07,2025Q3,,12+ months,True,Mistvale District Court,Central,District
004667,04,Criminal,2025-01-18,2025-03-23,Disposed,64.0,False,,64.0,False,False,,2025-01,2025Q1,2025-03,,False,Riverton District Court,Central,District
004668,01,Youth,2026-02-11,2026-04-19,Disposed,,False,,67.0,False,False,,2026-02,2026Q1,2026-04,,False,Northbridge District Court,Northern,District
004669,12,Youth,2026-03-10,2026-07-08,Disposed,120.0,False,,120.0,False,False,,2026-03,2026Q1,2026-07,,False,Willow Creek District Court,Southern,District
004670,09,Youth,2025-06-12,2025-10-03,Disposed,113.0,False,,113.0,False,False,,2025-06,2025Q2,2025-10,,False,Southgate District Court,Southern,District
004671,02,Civil,2026-03-26,,Active,,False,,,False,True,159.0,2026-03,2026Q1,,3-12 months,False,Kauri Point District Court,Northern,District
004672,06,Family,2025-07-31,2026-02-03,Disposed,187.0,False,,187.0,False,False,,2025-07,2025Q3,2026-02,,False,Central Plains High Court,Central,High
004673,10,Criminal,2025-07-16,2025-10-18,Disposed,,False,,94.0,False,False,,2025-07,2025Q3,2025-10,,False,Fernbay District Court,Southern,District
004674,06,Civil,2024-07-21,2024-11-08,Disposed,110.0,False,,110.0,False,False,,2024-07,2024Q3,2024-11,,False,Central Plains High Court,Central,High
004675,03,Youth,2024-10-27,2025-03-18,Disposed,142.0,False,,142.0,False,False,,2024-10,2024Q4,2025-03,,False,Harbourview High Court,Northern,High
004676,05,Family,2025-06-29,2026-06-19,Disposed,355.0,False,,355.0,False,False,,2025-06,2025Q2,2026-06,,False,Mistvale District Court,Central,District
004677,02,Youth,2025-10-29,2025-10-19,Disposed,22.0,True,disposed before filed,-10.0,True,False,,2025-10,2025Q4,2025-10,,False,Kauri Point District Court,Northern,District
004678,03,Civil,2025-03-03,2025-06-24,Disposed,113.0,False,,113.0,False,False,,2025-03,2025Q1,2025-06,,False,Harbourview High Court,Northern,High
004679,02,Criminal,2025-10-17,2026-04-11,Disposed,176.0,False,,176.0,False,False,,2025-10,2025Q4,2026-04,,False,Kauri Point District Court,Northern,District
004680,05,Family,2025-12-20,2026-08-20,Disposed,243.0,False,,243.0,False,False,,2025-12,2025Q4,2026-08,,False,Mistvale District Court,Central,District
004681,11,Criminal,2025-07-24,2025-10-07,Disposed,75.0,False,,75.0,False,False,,2025-07,2025Q3,2025-10,,False,Southern Ranges High Court,Southern,High
004682,10,Criminal,2025-04-06,,Active,,False,,,False,True,513.0,2025-04,2025Q2,,12+ months,True,Fernbay District Court,Southern,District
004683,03,Civil,2024-11-28,2025-04-03,Disposed,126.0,False,,126.0,False,False,,2024-11,2024Q4,2025-04,,False,Harbourview High Court,Northern,High
004684,08,Youth,2025-11-01,2026-03-22,Disposed,141.0,False,,141.0,False,False,,2025-11,2025Q4,2026-03,,False,Cape Lawson District Court,Eastern,District
004685,02,Criminal,2026-05-09,2026-05-27,Disposed,18.0,False,,18.0,False,False,,2026-05,2026Q2,2026-05,,False,Kauri Point District Court,Northern,District
004686,10,Youth,2025-05-22,2025-09-09,Disposed,110.0,False,,110.0,False,False,,2025-05,2025Q2,2025-09,,False,Fernbay District Court,Southern,District
004687,03,Family,2024-09-09,2025-01-26,Disposed,139.0,False,,139.0,False,False,,2024-09,2024Q3,2025-01,,False,Harbourview High Court,Northern,High
004688,07,Family,2024-10-02,2025-05-12,Disposed,222.0,False,,222.0,False,False,,2024-10,2024Q4,2025-05,,False,Eastfield District Court,Eastern,District
004689,06,Criminal,2026-03-21,2026-08-14,Disposed,146.0,False,,146.0,False,False,,2026-03,2026Q1,2026-08,,False,Central Plains High Court,Central,High
004690,07,Youth,2025-10-07,,Active,,False,,,False,True,329.0,2025-10,2025Q4,,3-12 months,False,Eastfield District Court,Eastern,District
004691,03,Civil,2025-08-15,2026-02-23,Disposed,192.0,False,,192.0,False,False,,2025-08,2025Q3,2026-02,,False,Harbourview High Court,Northern,High
004692,03,Criminal,2025-02-17,2025-07-16,Disposed,149.0,False,,149.0,False,False,,2025-02,2025Q1,2025-07,,False,Harbourview High Court,Northern,High
004693,03,Family,2025-05-18,2025-07-26,Disposed,69.0,False,,69.0,False,False,,2025-05,2025Q2,2025-07,,False,Harbourview High Court,Northern,High
004694,12,Criminal,2025-02-14,2025-06-16,Disposed,122.0,False,,122.0,False,False,,2025-02,2025Q1,2025-06,,False,Willow Creek District Court,Southern,District
004695,07,Youth,2025-11-13,2026-08-31,Disposed,291.0,False,,291.0,False,False,,2025-11,2025Q4,2026-08,,False,Eastfield District Court,Eastern,District
004696,10,Criminal,2026-06-04,2026-08-25,Disposed,82.0,False,,82.0,False,False,,2026-06,2026Q2,2026-08,,False,Fernbay District Court,Southern,District
004697,11,Criminal,2026-04-08,,Active,,False,,,False,True,146.0,2026-04,2026Q2,,3-12 months,False,Southern Ranges High Court,Southern,High
004698,05,Criminal,2025-08-02,2026-02-02,Disposed,184.0,False,,184.0,False,False,,2025-08,2025Q3,2026-02,,False,Mistvale District Court,Central,District
004699,02,Criminal,2025-05-05,2025-09-01,Disposed,119.0,False,,119.0,False,False,,2025-05,2025Q2,2025-09,,False,Kauri Point District Court,Northern,District
004700,07,Criminal,2024-07-23,2024-10-03,Disposed,72.0,False,,72.0,False,False,,2024-07,2024Q3,2024-10,,False,Eastfield District Court,Eastern,District
004701,04,Criminal,2026-05-31,,Active,,False,,,False,True,93.0,2026-05,2026Q2,,3-12 months,False,Riverton District Court,Central,District
004702,09,Criminal,2025-11-02,2026-03-06,Disposed,124.0,False,,124.0,False,False,,2025-11,2025Q4,2026-03,,False,Southgate District Court,Southern,District
004703,09,Criminal,2024-10-21,2025-02-10,Disposed,112.0,False,,112.0,False,False,,2024-10,2024Q4,2025-02,,False,Southgate District Court,Southern,District
004704,09,Criminal,2024-12-18,2025-02-15,Disposed,59.0,False,,59.0,False,False,,2024-12,2024Q4,2025-02,,False,Southgate District Court,Southern,District
004705,09,Youth,2026-04-21,2026-06-22,Disposed,62.0,False,,62.0,False,False,,2026-04,2026Q2,2026-06,,False,Southgate District Court,Southern,District
004706,05,Youth,2025-03-21,2025-06-14,Disposed,85.0,False,,85.0,False,False,,2025-03,2025Q1,2025-06,,False,Mistvale District Court,Central,District
004707,02,Civil,2025-11-15,,Active,,False,,,False,True,290.0,2025-11,2025Q4,,3-12 months,False,Kauri Point District Court,Northern,District
004708,02,Family,2025-05-06,2025-11-27,Disposed,205.0,False,,205.0,False,False,,2025-05,2025Q2,2025-11,,False,Kauri Point District Court,Northern,District
004709,10,Family,2026-05-24,,Active,,False,,,False,True,100.0,2026-05,2026Q2,,3-12 months,False,Fernbay District Court,Southern,District
004710,05,Family,2026-04-19,,Active,,False,,,False,True,135.0,2026-04,2026Q2,,3-12 months,False,Mistvale District Court,Central,District
004711,02,Criminal,2026-05-16,,Active,,False,,,False,True,108.0,2026-05,2026Q2,,3-12 months,False,Kauri Point District Court,Northern,District
004712,06,Family,2025-09-16,2026-07-28,Disposed,315.0,False,,315.0,False,False,,2025-09,2025Q3,2026-07,,False,Central Plains High Court,Central,High
004713,10,Civil,2025-12-30,2026-06-15,Disposed,167.0,False,,167.0,False,False,,2025-12,2025Q4,2026-06,,False,Fernbay District Court,Southern,District
004714,08,Family,2026-05-08,,Active,,False,,,False,True,116.0,2026-05,2026Q2,,3-12 months,False,Cape Lawson District Court,Eastern,District
004715,10,Criminal,2025-08-24,2025-11-16,Disposed,84.0,False,,84.0,False,False,,2025-08,2025Q3,2025-11,,False,Fernbay District Court,Southern,District
004716,01,Family,2025-03-09,,Active,,False,,,False,True,541.0,2025-03,2025Q1,,12+ months,True,Northbridge District Court,Northern,District
004717,01,Criminal,2025-05-09,2025-07-25,Disposed,77.0,False,,77.0,False,False,,2025-05,2025Q2,2025-07,,False,Northbridge District Court,Northern,District
004718,02,Criminal,2025-11-16,2026-01-08,Disposed,53.0,False,,53.0,False,False,,2025-11,2025Q4,2026-01,,False,Kauri Point District Court,Northern,District
004719,03,Criminal,2024-07-27,2025-01-22,Disposed,179.0,False,,179.0,False,False,,2024-07,2024Q3,2025-01,,False,Harbourview High Court,Northern,High
004720,01,Criminal,2026-03-31,2026-08-17,Disposed,139.0,False,,139.0,False,False,,2026-03,2026Q1,2026-08,,False,Northbridge District Court,Northern,District
004721,06,Family,2024-09-15,2025-03-11,Disposed,177.0,False,,177.0,False,False,,2024-09,2024Q3,2025-03,,False,Central Plains High Court,Central,High
004722,07,Criminal,2026-05-02,,Active,,False,,,False,True,122.0,2026-05,2026Q2,,3-12 months,False,Eastfield District Court,Eastern,District
004723,09,Civil,2025-10-20,,Active,,False,,,False,True,316.0,2025-10,2025Q4,,3-12 months,False,Southgate District Court,Southern,District
004724,08,Family,2025-05-10,2025-11-19,Disposed,193.0,False,,193.0,False,False,,2025-05,2025Q2,2025-11,,False,Cape Lawson District Court,Eastern,District
004725,09,Civil,2026-04-03,2026-06-25,Disposed,83.0,False,,83.0,False,False,,2026-04,2026Q2,2026-06,,False,Southgate District Court,Southern,District
004726,08,Family,2025-11-12,,Active,,False,,,False,True,293.0,2025-11,2025Q4,,3-12 months,False,Cape Lawson District Court,Eastern,District
004727,02,Youth,2025-03-19,2025-06-18,Disposed,91.0,False,,91.0,False,False,,2025-03,2025Q1,2025-06,,False,Kauri Point District Court,Northern,District
004728,12,Criminal,2025-11-27,2026-02-17,Disposed,82.0,False,,82.0,False,False,,2025-11,2025Q4,2026-02,,False,Willow Creek District Court,Southern,District
004729,03,Criminal,2024-08-12,2024-12-01,Disposed,111.0,False,,111.0,False,False,,2024-08,2024Q3,2024-12,,False,Harbourview High Court,Northern,High
004730,06,Family,2024-11-07,2025-09-02,Disposed,299.0,False,,299.0,False,False,,2024-11,2024Q4,2025-09,,False,Central Plains High Court,Central,High
004731,02,Civil,2025-08-21,2026-02-05,Disposed,168.0,False,,168.0,False,False,,2025-08,2025Q3,2026-02,,False,Kauri Point District Court,Northern,District
004732,09,Criminal,2026-01-25,2026-04-19,Disposed,84.0,False,,84.0,False,False,,2026-01,2026Q1,2026-04,,False,Southgate District Court,Southern,District
004733,12,Family,2025-04-14,2025-07-13,Disposed,90.0,False,,90.0,False,False,,2025-04,2025Q2,2025-07,,False,Willow Creek District Court,Southern,District
004734,07,Family,2025-10-29,2025-12-18,Disposed,50.0,False,,50.0,False,False,,2025-10,2025Q4,2025-12,,False,Eastfield District Court,Eastern,District
004735,09,Youth,2025-03-02,2025-04-29,Disposed,58.0,False,,58.0,False,False,,2025-03,2025Q1,2025-04,,False,Southgate District Court,Southern,District
004736,07,Civil,2025-03-08,2025-10-01,Disposed,,False,,207.0,False,False,,2025-03,2025Q1,2025-10,,False,Eastfield District Court,Eastern,District
004737,09,Family,2024-07-27,2025-10-19,Disposed,449.0,False,,449.0,False,False,,2024-07,2024Q3,2025-10,,False,Southgate District Court,Southern,District
004738,04,Family,2025-03-18,2026-04-01,Disposed,379.0,False,,379.0,False,False,,2025-03,2025Q1,2026-04,,False,Riverton District Court,Central,District
004739,06,Criminal,2025-05-28,2025-09-05,Disposed,100.0,False,,100.0,False,False,,2025-05,2025Q2,2025-09,,False,Central Plains High Court,Central,High
004740,01,Civil,2025-10-22,,Active,,False,,,False,True,314.0,2025-10,2025Q4,,3-12 months,False,Northbridge District Court,Northern,District
004741,06,Criminal,2025-11-27,,Active,,False,,,False,True,278.0,2025-11,2025Q4,,3-12 months,False,Central Plains High Court,Central,High
004742,02,Youth,2026-02-09,2026-08-27,Disposed,199.0,False,,199.0,False,False,,2026-02,2026Q1,2026-08,,False,Kauri Point District Court,Northern,District
004743,11,Civil,2024-07-05,2025-01-25,Disposed,204.0,False,,204.0,False,False,,2024-07,2024Q3,2025-01,,False,Southern Ranges High Court,Southern,High
004744,10,Criminal,2025-10-04,2026-02-05,Disposed,124.0,False,,124.0,False,False,,2025-10,2025Q4,2026-02,,False,Fernbay District Court,Southern,District
004745,11,Family,2025-09-09,2026-06-25,Disposed,289.0,False,,289.0,False,False,,2025-09,2025Q3,2026-06,,False,Southern Ranges High Court,Southern,High
004746,01,Criminal,2024-08-18,2024-12-11,Disposed,115.0,False,,115.0,False,False,,2024-08,2024Q3,2024-12,,False,Northbridge District Court,Northern,District
004747,11,Criminal,2025-04-29,2026-02-10,Disposed,287.0,False,,287.0,False,False,,2025-04,2025Q2,2026-02,,False,Southern Ranges High Court,Southern,High
004748,08,Criminal,2026-06-29,,Active,,False,,,False,True,64.0,2026-06,2026Q2,,0-3 months,False,Cape Lawson District Court,Eastern,District
004749,01,Criminal,2026-02-23,2026-03-20,Disposed,25.0,False,,25.0,False,False,,2026-02,2026Q1,2026-03,,False,Northbridge District Court,Northern,District
004750,09,Family,2026-06-24,,Active,,False,,,False,True,69.0,2026-06,2026Q2,,0-3 months,False,Southgate District Court,Southern,District
004751,05,Criminal,2026-05-07,,Active,,False,,,False,True,117.0,2026-05,2026Q2,,3-12 months,False,Mistvale District Court,Central,District
004752,08,Family,2024-11-20,2025-04-11,Disposed,142.0,False,,142.0,False,False,,2024-11,2024Q4,2025-04,,False,Cape Lawson District Court,Eastern,District
004753,10,Civil,2026-02-16,,Active,,False,,,False,True,197.0,2026-02,2026Q1,,3-12 months,False,Fernbay District Court,Southern,District
004754,09,Criminal,2025-11-04,2026-05-02,Disposed,179.0,False,,179.0,False,False,,2025-11,2025Q4,2026-05,,False,Southgate District Court,Southern,District
004755,08,Civil,2025-08-06,2026-04-28,Disposed,265.0,False,,265.0,False,False,,2025-08,2025Q3,2026-04,,False,Cape Lawson District Court,Eastern,District
004756,02,Youth,2025-03-17,2025-05-03,Disposed,47.0,False,,47.0,False,False,,2025-03,2025Q1,2025-05,,False,Kauri Point District Court,Northern,District
004757,07,Family,2024-09-12,2025-04-13,Disposed,213.0,False,,213.0,False,False,,2024-09,2024Q3,2025-04,,False,Eastfield District Court,Eastern,District
004758,12,Criminal,2025-10-09,2026-02-25,Disposed,139.0,False,,139.0,False,False,,2025-10,2025Q4,2026-02,,False,Willow Creek District Court,Southern,District
004759,04,Civil,2024-11-02,,Active,,False,,,False,True,668.0,2024-11,2024Q4,,12+ months,True,Riverton District Court,Central,District
004760,04,Criminal,2025-08-23,2026-05-22,Disposed,272.0,False,,272.0,False,False,,2025-08,2025Q3,2026-05,,False,Riverton District Court,Central,District
004761,03,Criminal,2026-02-20,2026-08-26,Disposed,187.0,False,,187.0,False,False,,2026-02,2026Q1,2026-08,,False,Harbourview High Court,Northern,High
004762,09,Criminal,2025-11-27,2026-02-08,Disposed,73.0,False,,73.0,False,False,,2025-11,2025Q4,2026-02,,False,Southgate District Court,Southern,District
004763,09,Family,2026-04-03,,Active,,False,,,False,True,151.0,2026-04,2026Q2,,3-12 months,False,Southgate District Court,Southern,District
004764,07,Criminal,2025-08-09,2025-11-04,Disposed,87.0,False,,87.0,False,False,,2025-08,2025Q3,2025-11,,False,Eastfield District Court,Eastern,District
004765,04,Family,2024-08-24,2025-06-25,Disposed,305.0,False,,305.0,False,False,,2024-08,2024Q3,2025-06,,False,Riverton District Court,Central,District
004766,09,Family,2025-02-26,2025-05-19,Disposed,82.0,False,,82.0,False,False,,2025-02,2025Q1,2025-05,,False,Southgate District Court,Southern,District
004767,03,Youth,2025-09-08,2025-12-17,Disposed,100.0,False,,100.0,False,False,,2025-09,2025Q3,2025-12,,False,Harbourview High Court,Northern,High
004768,08,Family,2024-08-11,2025-03-19,Disposed,,False,,220.0,False,False,,2024-08,2024Q3,2025-03,,False,Cape Lawson District Court,Eastern,District
004769,06,Criminal,2025-11-25,2026-05-07,Disposed,163.0,False,,163.0,False,False,,2025-11,2025Q4,2026-05,,False,Central Plains High Court,Central,High
004770,05,Family,2025-03-18,2026-01-08,Disposed,296.0,False,,296.0,False,False,,2025-03,2025Q1,2026-01,,False,Mistvale District Court,Central,District
004771,08,Family,2025-03-24,2025-08-28,Disposed,157.0,False,,157.0,False,False,,2025-03,2025Q1,2025-08,,False,Cape Lawson District Court,Eastern,District
004772,02,Civil,2025-04-03,2025-11-29,Disposed,240.0,False,,240.0,False,False,,2025-04,2025Q2,2025-11,,False,Kauri Point District Court,Northern,District
004773,10,Criminal,2025-07-05,2025-08-23,Disposed,49.0,False,,49.0,False,False,,2025-07,2025Q3,2025-08,,False,Fernbay District Court,Southern,District
004774,06,Civil,2024-09-14,2025-07-19,Disposed,308.0,False,,308.0,False,False,,2024-09,2024Q3,2025-07,,False,Central Plains High Court,Central,High
004775,03,Criminal,2025-05-24,2025-09-23,Disposed,122.0,False,,122.0,False,False,,2025-05,2025Q2,2025-09,,False,Harbourview High Court,Northern,High
004776,07,Criminal,2025-04-28,2025-12-23,Disposed,239.0,False,,239.0,False,False,,2025-04,2025Q2,2025-12,,False,Eastfield District Court,Eastern,District
004777,01,Criminal,2025-01-29,2025-07-28,Disposed,180.0,False,,180.0,False,False,,2025-01,2025Q1,2025-07,,False,Northbridge District Court,Northern,District
004778,07,Youth,2024-07-30,2025-02-10,Disposed,195.0,False,,195.0,False,False,,2024-07,2024Q3,2025-02,,False,Eastfield District Court,Eastern,District
004779,05,Family,2025-08-13,2026-05-17,Disposed,277.0,False,,277.0,False,False,,2025-08,2025Q3,2026-05,,False,Mistvale District Court,Central,District
004780,01,Criminal,2024-09-03,2024-10-01,Disposed,28.0,False,,28.0,False,False,,2024-09,2024Q3,2024-10,,False,Northbridge District Court,Northern,District
004781,07,Civil,2025-10-22,2026-03-17,Disposed,146.0,False,,146.0,False,False,,2025-10,2025Q4,2026-03,,False,Eastfield District Court,Eastern,District
004782,05,Criminal,2026-03-20,2026-08-16,Disposed,149.0,False,,149.0,False,False,,2026-03,2026Q1,2026-08,,False,Mistvale District Court,Central,District
004783,08,Family,2025-06-23,2026-04-21,Disposed,302.0,False,,302.0,False,False,,2025-06,2025Q2,2026-04,,False,Cape Lawson District Court,Eastern,District
004784,10,Criminal,2025-11-20,2026-01-15,Disposed,56.0,False,,56.0,False,False,,2025-11,2025Q4,2026-01,,False,Fernbay District Court,Southern,District
004785,12,Criminal,2024-10-23,2025-02-28,Disposed,128.0,False,,128.0,False,False,,2024-10,2024Q4,2025-02,,False,Willow Creek District Court,Southern,District
004786,03,Youth,2025-08-22,2025-10-29,Disposed,68.0,False,,68.0,False,False,,2025-08,2025Q3,2025-10,,False,Harbourview High Court,Northern,High
004787,04,Criminal,2026-02-27,,Active,,False,,,False,True,186.0,2026-02,2026Q1,,3-12 months,False,Riverton District Court,Central,District
004788,09,Youth,2026-05-08,2026-08-31,Disposed,115.0,False,,115.0,False,False,,2026-05,2026Q2,2026-08,,False,Southgate District Court,Southern,District
004789,10,Civil,2024-09-14,2025-09-29,Disposed,380.0,False,,380.0,False,False,,2024-09,2024Q3,2025-09,,False,Fernbay District Court,Southern,District
004790,09,Criminal,2025-08-05,2026-01-07,Disposed,155.0,False,,155.0,False,False,,2025-08,2025Q3,2026-01,,False,Southgate District Court,Southern,District
004791,04,Family,2025-07-07,2025-10-28,Disposed,113.0,False,,113.0,False,False,,2025-07,2025Q3,2025-10,,False,Riverton District Court,Central,District
004792,05,Youth,2025-11-01,2026-01-16,Disposed,76.0,False,,76.0,False,False,,2025-11,2025Q4,2026-01,,False,Mistvale District Court,Central,District
004793,08,Criminal,2025-03-03,2025-10-09,Disposed,220.0,False,,220.0,False,False,,2025-03,2025Q1,2025-10,,False,Cape Lawson District Court,Eastern,District
004794,04,Criminal,2025-05-09,,Active,,False,,,False,True,480.0,2025-05,2025Q2,,12+ months,True,Riverton District Court,Central,District
004795,05,Youth,2024-07-25,2024-10-26,Disposed,93.0,False,,93.0,False,False,,2024-07,2024Q3,2024-10,,False,Mistvale District Court,Central,District
004796,07,Civil,2026-05-08,,Active,,False,,,False,True,116.0,2026-05,2026Q2,,3-12 months,False,Eastfield District Court,Eastern,District
004797,01,Youth,2024-11-17,2025-03-10,Disposed,113.0,False,,113.0,False,False,,2024-11,2024Q4,2025-03,,False,Northbridge District Court,Northern,District
004798,03,Youth,2025-01-01,2025-06-12,Disposed,162.0,False,,162.0,False,False,,2025-01,2025Q1,2025-06,,False,Harbourview High Court,Northern,High
004799,02,Civil,2024-08-17,2024-11-26,Disposed,101.0,False,,101.0,False,False,,2024-08,2024Q3,2024-11,,False,Kauri Point District Court,Northern,District
004800,04,Criminal,2025-09-22,2025-12-05,Disposed,,False,,74.0,False,False,,2025-09,2025Q3,2025-12,,False,Riverton District Court,Central,District
004801,05,Family,2026-05-27,,Active,,False,,,False,True,97.0,2026-05,2026Q2,,3-12 months,False,Mistvale District Court,Central,District
004802,11,Civil,2025-08-16,2025-10-07,Disposed,52.0,False,,52.0,False,False,,2025-08,2025Q3,2025-10,,False,Southern Ranges High Court,Southern,High
004803,04,Civil,2026-03-21,2026-07-18,Disposed,119.0,False,,119.0,False,False,,2026-03,2026Q1,2026-07,,False,Riverton District Court,Central,District
004804,04,Civil,2025-09-13,,Active,,False,,,False,True,353.0,2025-09,2025Q3,,3-12 months,False,Riverton District Court,Central,District
004805,06,Criminal,2025-07-24,2026-05-16,Disposed,296.0,False,,296.0,False,False,,2025-07,2025Q3,2026-05,,False,Central Plains High Court,Central,High
004806,07,Youth,2024-10-27,2025-08-30,Disposed,307.0,False,,307.0,False,False,,2024-10,2024Q4,2025-08,,False,Eastfield District Court,Eastern,District
004807,03,Family,2025-09-23,2026-09-01,Disposed,343.0,False,,343.0,False,False,,2025-09,2025Q3,2026-09,,False,Harbourview High Court,Northern,High
004808,07,Family,2024-08-29,2024-11-13,Disposed,76.0,False,,76.0,False,False,,2024-08,2024Q3,2024-11,,False,Eastfield District Court,Eastern,District
004809,08,Criminal,2025-07-06,,Active,,False,,,False,True,422.0,2025-07,2025Q3,,12+ months,True,Cape Lawson District Court,Eastern,District
004810,01,Family,2025-02-04,2026-03-28,Disposed,417.0,False,,417.0,False,False,,2025-02,2025Q1,2026-03,,False,Northbridge District Court,Northern,District
004811,02,Criminal,2024-08-22,2024-12-01,Disposed,101.0,False,,101.0,False,False,,2024-08,2024Q3,2024-12,,False,Kauri Point District Court,Northern,District
004812,02,Criminal,2025-08-10,2025-11-01,Disposed,83.0,False,,83.0,False,False,,2025-08,2025Q3,2025-11,,False,Kauri Point District Court,Northern,District
004813,06,Family,2026-05-31,,Active,,False,,,False,True,93.0,2026-05,2026Q2,,3-12 months,False,Central Plains High Court,Central,High
004814,11,Criminal,2024-07-02,2024-08-22,Disposed,51.0,False,,51.0,False,False,,2024-07,2024Q3,2024-08,,False,Southern Ranges High Court,Southern,High
004815,08,Family,2025-02-12,2025-08-05,Disposed,174.0,False,,174.0,False,False,,2025-02,2025Q1,2025-08,,False,Cape Lawson District Court,Eastern,District
004816,05,Family,2025-08-20,2025-12-21,Disposed,123.0,False,,123.0,False,False,,2025-08,2025Q3,2025-12,,False,Mistvale District Court,Central,District
004817,02,Youth,2025-06-24,2026-01-31,Disposed,221.0,False,,221.0,False,False,,2025-06,2025Q2,2026-01,,False,Kauri Point District Court,Northern,District
004818,02,Family,2024-09-30,2025-03-20,Disposed,171.0,False,,171.0,False,False,,2024-09,2024Q3,2025-03,,False,Kauri Point District Court,Northern,District
004819,07,Civil,2024-07-16,2024-12-16,Disposed,153.0,False,,153.0,False,False,,2024-07,2024Q3,2024-12,,False,Eastfield District Court,Eastern,District
004820,10,Youth,2025-07-12,2025-11-15,Disposed,126.0,False,,126.0,False,False,,2025-07,2025Q3,2025-11,,False,Fernbay District Court,Southern,District
004821,05,Family,2026-06-25,,Active,,False,,,False,True,68.0,2026-06,2026Q2,,0-3 months,False,Mistvale District Court,Central,District
004822,07,Civil,2025-05-07,2025-08-05,Disposed,90.0,False,,90.0,False,False,,2025-05,2025Q2,2025-08,,False,Eastfield District Court,Eastern,District
004823,04,Criminal,2024-08-02,,Active,,False,,,False,True,760.0,2024-08,2024Q3,,12+ months,True,Riverton District Court,Central,District
004824,06,Criminal,2025-02-05,2025-11-17,Disposed,285.0,False,,285.0,False,False,,2025-02,2025Q1,2025-11,,False,Central Plains High Court,Central,High
004825,03,Youth,2025-05-12,2025-08-27,Disposed,107.0,False,,107.0,False,False,,2025-05,2025Q2,2025-08,,False,Harbourview High Court,Northern,High
004826,01,Family,2025-02-19,2026-01-11,Disposed,326.0,False,,326.0,False,False,,2025-02,2025Q1,2026-01,,False,Northbridge District Court,Northern,District
004827,10,Criminal,2024-09-29,2024-10-26,Disposed,27.0,False,,27.0,False,False,,2024-09,2024Q3,2024-10,,False,Fernbay District Court,Southern,District
004828,09,Criminal,2024-07-11,2025-01-08,Disposed,181.0,False,,181.0,False,False,,2024-07,2024Q3,2025-01,,False,Southgate District Court,Southern,District
004829,02,Criminal,2025-10-26,2026-06-19,Disposed,226.0,False,,236.0,True,False,,2025-10,2025Q4,2026-06,,False,Kauri Point District Court,Northern,District
004830,09,Civil,2024-09-03,2024-10-31,Disposed,58.0,False,,58.0,False,False,,2024-09,2024Q3,2024-10,,False,Southgate District Court,Southern,District
004831,07,Criminal,2024-10-13,2025-01-30,Disposed,109.0,False,,109.0,False,False,,2024-10,2024Q4,2025-01,,False,Eastfield District Court,Eastern,District
004832,01,Criminal,2025-04-28,2025-10-10,Disposed,165.0,False,,165.0,False,False,,2025-04,2025Q2,2025-10,,False,Northbridge District Court,Northern,District
004833,05,Family,2026-02-02,,Active,,False,,,False,True,211.0,2026-02,2026Q1,,3-12 months,False,Mistvale District Court,Central,District
004834,02,Family,2025-09-30,2026-03-12,Disposed,,False,,163.0,False,False,,2025-09,2025Q3,2026-03,,False,Kauri Point District Court,Northern,District
004835,05,Criminal,2025-01-27,2026-06-27,Disposed,516.0,False,,516.0,False,False,,2025-01,2025Q1,2026-06,,False,Mistvale District Court,Central,District
004836,02,Family,2025-06-30,2026-01-14,Disposed,198.0,False,,198.0,False,False,,2025-06,2025Q2,2026-01,,False,Kauri Point District Court,Northern,District
004837,04,Civil,2024-09-15,2025-02-27,Disposed,165.0,False,,165.0,False,False,,2024-09,2024Q3,2025-02,,False,Riverton District Court,Central,District
004838,08,Family,2025-09-30,,Active,,False,,,False,True,336.0,2025-09,2025Q3,,3-12 months,False,Cape Lawson District Court,Eastern,District
004839,01,Family,2025-07-19,2025-11-11,Disposed,115.0,False,,115.0,False,False,,2025-07,2025Q3,2025-11,,False,Northbridge District Court,Northern,District
004840,10,Civil,2025-07-31,2026-05-10,Disposed,283.0,False,,283.0,False,False,,2025-07,2025Q3,2026-05,,False,Fernbay District Court,Southern,District
004841,04,Youth,2025-02-11,2025-04-21,Disposed,69.0,False,,69.0,False,False,,2025-02,2025Q1,2025-04,,False,Riverton District Court,Central,District
004842,04,Family,2024-12-27,2025-02-13,Disposed,48.0,False,,48.0,False,False,,2024-12,2024Q4,2025-02,,False,Riverton District Court,Central,District
004843,09,Criminal,2026-03-01,2026-06-12,Disposed,103.0,False,,103.0,False,False,,2026-03,2026Q1,2026-06,,False,Southgate District Court,Southern,District
004844,02,Family,2025-07-26,2026-02-24,Disposed,213.0,False,,213.0,False,False,,2025-07,2025Q3,2026-02,,False,Kauri Point District Court,Northern,District
004845,01,Civil,2025-04-20,2025-06-18,Disposed,59.0,False,,59.0,False,False,,2025-04,2025Q2,2025-06,,False,Northbridge District Court,Northern,District
004846,07,Criminal,2025-08-08,2025-10-01,Disposed,54.0,False,,54.0,False,False,,2025-08,2025Q3,2025-10,,False,Eastfield District Court,Eastern,District
004847,12,Criminal,2025-03-03,2025-08-01,Disposed,151.0,False,,151.0,False,False,,2025-03,2025Q1,2025-08,,False,Willow Creek District Court,Southern,District
004848,08,Civil,2024-10-22,2025-05-19,Disposed,209.0,False,,209.0,False,False,,2024-10,2024Q4,2025-05,,False,Cape Lawson District Court,Eastern,District
004849,02,Civil,2026-03-28,2026-06-29,Disposed,93.0,False,,93.0,False,False,,2026-03,2026Q1,2026-06,,False,Kauri Point District Court,Northern,District
004850,09,Family,2025-06-13,2026-04-03,Disposed,294.0,False,,294.0,False,False,,2025-06,2025Q2,2026-04,,False,Southgate District Court,Southern,District
004851,07,Civil,2026-02-28,2026-05-07,Disposed,68.0,False,,68.0,False,False,,2026-02,2026Q1,2026-05,,False,Eastfield District Court,Eastern,District
004852,02,Family,2026-06-27,,Active,,False,,,False,True,66.0,2026-06,2026Q2,,0-3 months,False,Kauri Point District Court,Northern,District
004853,11,Civil,2025-03-03,2025-07-10,Disposed,129.0,False,,129.0,False,False,,2025-03,2025Q1,2025-07,,False,Southern Ranges High Court,Southern,High
004854,04,Family,2025-06-18,2026-04-09,Disposed,295.0,False,,295.0,False,False,,2025-06,2025Q2,2026-04,,False,Riverton District Court,Central,District
004855,02,Criminal,2024-09-24,2024-11-02,Disposed,39.0,False,,39.0,False,False,,2024-09,2024Q3,2024-11,,False,Kauri Point District Court,Northern,District
004856,03,Criminal,2024-09-25,2025-03-02,Disposed,128.0,False,,158.0,True,False,,2024-09,2024Q3,2025-03,,False,Harbourview High Court,Northern,High
004857,03,Civil,2025-08-12,2025-07-19,Disposed,317.0,True,disposed before filed,-24.0,True,False,,2025-08,2025Q3,2025-07,,False,Harbourview High Court,Northern,High
004858,09,Family,2025-05-15,2025-07-29,Disposed,75.0,False,,75.0,False,False,,2025-05,2025Q2,2025-07,,False,Southgate District Court,Southern,District
004859,09,Criminal,2025-06-02,2025-08-23,Disposed,82.0,False,,82.0,False,False,,2025-06,2025Q2,2025-08,,False,Southgate District Court,Southern,District
004860,06,Family,2026-05-15,,Active,,False,,,False,True,109.0,2026-05,2026Q2,,3-12 months,False,Central Plains High Court,Central,High
004861,09,Criminal,2024-07-03,2025-02-13,Disposed,225.0,False,,225.0,False,False,,2024-07,2024Q3,2025-02,,False,Southgate District Court,Southern,District
004862,04,Family,2025-09-09,2026-01-06,Disposed,119.0,False,,119.0,False,False,,2025-09,2025Q3,2026-01,,False,Riverton District Court,Central,District
004863,11,Civil,2026-06-22,,Active,,False,,,False,True,71.0,2026-06,2026Q2,,0-3 months,False,Southern Ranges High Court,Southern,High
004864,06,Family,2024-08-11,2025-10-06,Disposed,421.0,False,,421.0,False,False,,2024-08,2024Q3,2025-10,,False,Central Plains High Court,Central,High
004865,07,Civil,2025-08-29,2026-03-30,Disposed,213.0,False,,213.0,False,False,,2025-08,2025Q3,2026-03,,False,Eastfield District Court,Eastern,District
004866,07,Criminal,2026-02-15,,Active,,False,,,False,True,198.0,2026-02,2026Q1,,3-12 months,False,Eastfield District Court,Eastern,District
004867,10,Civil,2025-04-26,2025-08-20,Disposed,116.0,False,,116.0,False,False,,2025-04,2025Q2,2025-08,,False,Fernbay District Court,Southern,District
004868,07,Civil,2025-10-04,2026-03-05,Disposed,152.0,False,,152.0,False,False,,2025-10,2025Q4,2026-03,,False,Eastfield District Court,Eastern,District
004869,01,Youth,2025-08-09,2025-09-25,Disposed,47.0,False,,47.0,False,False,,2025-08,2025Q3,2025-09,,False,Northbridge District Court,Northern,District
004870,08,Family,2026-01-05,,Active,,False,,,False,True,239.0,2026-01,2026Q1,,3-12 months,False,Cape Lawson District Court,Eastern,District
004871,12,Family,2024-09-19,2025-05-18,Disposed,241.0,False,,241.0,False,False,,2024-09,2024Q3,2025-05,,False,Willow Creek District Court,Southern,District
004872,10,Criminal,2024-09-22,2024-12-05,Disposed,74.0,False,,74.0,False,False,,2024-09,2024Q3,2024-12,,False,Fernbay District Court,Southern,District
004873,07,Family,2025-08-03,,Active,,False,,,False,True,394.0,2025-08,2025Q3,,12+ months,True,Eastfield District Court,Eastern,District
004874,04,Civil,2025-05-31,,Active,,False,,,False,True,458.0,2025-05,2025Q2,,12+ months,True,Riverton District Court,Central,District
004875,02,Criminal,2025-02-17,2025-04-17,Disposed,,False,,59.0,False,False,,2025-02,2025Q1,2025-04,,False,Kauri Point District Court,Northern,District
004876,07,Criminal,2025-06-08,2025-10-20,Disposed,134.0,False,,134.0,False,False,,2025-06,2025Q2,2025-10,,False,Eastfield District Court,Eastern,District
004877,01,Criminal,2024-11-29,2025-02-05,Disposed,68.0,False,,68.0,False,False,,2024-11,2024Q4,2025-02,,False,Northbridge District Court,Northern,District
004878,07,Criminal,2025-11-05,2026-04-08,Disposed,154.0,False,,154.0,False,False,,2025-11,2025Q4,2026-04,,False,Eastfield District Court,Eastern,District
004879,11,Family,2025-03-14,2025-07-26,Disposed,134.0,False,,134.0,False,False,,2025-03,2025Q1,2025-07,,False,Southern Ranges High Court,Southern,High
004880,03,Criminal,2026-05-25,,Active,,False,,,False,True,99.0,2026-05,2026Q2,,3-12 months,False,Harbourview High Court,Northern,High
004881,09,Family,2026-05-17,,Active,,False,,,False,True,107.0,2026-05,2026Q2,,3-12 months,False,Southgate District Court,Southern,District
004882,07,Civil,2026-03-12,,Active,,False,,,False,True,173.0,2026-03,2026Q1,,3-12 months,False,Eastfield District Court,Eastern,District
004883,03,Criminal,2026-06-01,,Active,,False,,,False,True,92.0,2026-06,2026Q2,,3-12 months,False,Harbourview High Court,Northern,High
004884,01,Family,2025-06-24,,Active,,False,,,False,True,434.0,2025-06,2025Q2,,12+ months,True,Northbridge District Court,Northern,District
004885,09,Criminal,2025-07-24,,Active,,False,,,False,True,404.0,2025-07,2025Q3,,12+ months,True,Southgate District Court,Southern,District
004886,01,Youth,2025-08-10,2025-09-05,Disposed,26.0,False,,26.0,False,False,,2025-08,2025Q3,2025-09,,False,Northbridge District Court,Northern,District
004887,06,Criminal,2025-08-18,2025-10-30,Disposed,73.0,False,,73.0,False,False,,2025-08,2025Q3,2025-10,,False,Central Plains High Court,Central,High
004888,05,Youth,2025-11-24,2026-04-23,Disposed,150.0,False,,150.0,False,False,,2025-11,2025Q4,2026-04,,False,Mistvale District Court,Central,District
004889,06,Family,2026-03-02,,Active,,False,,,False,True,183.0,2026-03,2026Q1,,3-12 months,False,Central Plains High Court,Central,High
004890,11,Family,2025-03-23,,Active,,False,,,False,True,527.0,2025-03,2025Q1,,12+ months,True,Southern Ranges High Court,Southern,High
004891,06,Civil,2024-09-28,2025-05-18,Disposed,232.0,False,,232.0,False,False,,2024-09,2024Q3,2025-05,,False,Central Plains High Court,Central,High
004892,01,Family,2025-07-13,2026-01-08,Disposed,179.0,False,,179.0,False,False,,2025-07,2025Q3,2026-01,,False,Northbridge District Court,Northern,District
004893,05,Civil,2026-06-14,,Active,,False,,,False,True,79.0,2026-06,2026Q2,,0-3 months,False,Mistvale District Court,Central,District
004894,11,Family,2025-02-15,2025-08-27,Disposed,193.0,False,,193.0,False,False,,2025-02,2025Q1,2025-08,,False,Southern Ranges High Court,Southern,High
004895,06,Civil,2026-02-14,2026-06-08,Disposed,114.0,False,,114.0,False,False,,2026-02,2026Q1,2026-06,,False,Central Plains High Court,Central,High
004896,03,Criminal,2024-07-25,2024-11-10,Disposed,,False,,108.0,False,False,,2024-07,2024Q3,2024-11,,False,Harbourview High Court,Northern,High
004897,06,Civil,2026-03-22,,Active,,False,,,False,True,163.0,2026-03,2026Q1,,3-12 months,False,Central Plains High Court,Central,High
004898,01,Criminal,2024-07-22,2024-11-05,Disposed,106.0,False,,106.0,False,False,,2024-07,2024Q3,2024-11,,False,Northbridge District Court,Northern,District
004899,07,Civil,2025-06-18,2026-04-05,Disposed,291.0,False,,291.0,False,False,,2025-06,2025Q2,2026-04,,False,Eastfield District Court,Eastern,District
004900,03,Criminal,2025-07-25,,Active,,False,,,False,True,403.0,2025-07,2025Q3,,12+ months,True,Harbourview High Court,Northern,High
004901,03,Youth,2026-06-23,,Active,,False,,,False,True,70.0,2026-06,2026Q2,,0-3 months,False,Harbourview High Court,Northern,High
004902,06,Family,2024-11-06,2025-06-26,Disposed,232.0,False,,232.0,False,False,,2024-11,2024Q4,2025-06,,False,Central Plains High Court,Central,High
004903,01,Criminal,2026-03-29,2026-06-28,Disposed,91.0,False,,91.0,False,False,,2026-03,2026Q1,2026-06,,False,Northbridge District Court,Northern,District
004904,11,Family,2026-03-21,,Active,,False,,,False,True,164.0,2026-03,2026Q1,,3-12 months,False,Southern Ranges High Court,Southern,High
004905,14,Criminal,2026-06-23,,Active,,True,court_id not in lookup,,False,True,70.0,2026-06,2026Q2,,0-3 months,False,,,
004906,08,Youth,2024-08-09,2024-10-25,Disposed,77.0,False,,77.0,False,False,,2024-08,2024Q3,2024-10,,False,Cape Lawson District Court,Eastern,District
004907,12,Family,2024-07-20,,Active,,False,,,False,True,773.0,2024-07,2024Q3,,12+ months,True,Willow Creek District Court,Southern,District
004908,05,Family,2024-07-08,2025-07-28,Disposed,385.0,False,,385.0,False,False,,2024-07,2024Q3,2025-07,,False,Mistvale District Court,Central,District
004909,01,Civil,2025-03-13,2025-05-13,Disposed,61.0,False,,61.0,False,False,,2025-03,2025Q1,2025-05,,False,Northbridge District Court,Northern,District
004910,07,Civil,2024-09-03,2025-03-18,Disposed,196.0,False,,196.0,False,False,,2024-09,2024Q3,2025-03,,False,Eastfield District Court,Eastern,District
004911,01,Family,2025-02-12,,Active,,False,,,False,True,566.0,2025-02,2025Q1,,12+ months,True,Northbridge District Court,Northern,District
004912,12,Criminal,2026-06-03,2026-06-11,Disposed,8.0,False,,8.0,False,False,,2026-06,2026Q2,2026-06,,False,Willow Creek District Court,Southern,District
004913,01,Family,2025-06-07,2025-10-05,Disposed,120.0,False,,120.0,False,False,,2025-06,2025Q2,2025-10,,False,Northbridge District Court,Northern,District
004914,06,Criminal,2025-01-21,2025-04-18,Disposed,87.0,False,,87.0,False,False,,2025-01,2025Q1,2025-04,,False,Central Plains High Court,Central,High
004915,02,Criminal,2024-07-23,2024-11-14,Disposed,114.0,False,,114.0,False,False,,2024-07,2024Q3,2024-11,,False,Kauri Point District Court,Northern,District
004916,07,Criminal,2026-06-04,,Active,,False,,,False,True,89.0,2026-06,2026Q2,,0-3 months,False,Eastfield District Court,Eastern,District
004917,11,Family,2025-09-10,2026-07-13,Disposed,306.0,False,,306.0,False,False,,2025-09,2025Q3,2026-07,,False,Southern Ranges High Court,Southern,High
004918,10,Family,2026-06-11,,Active,,False,,,False,True,82.0,2026-06,2026Q2,,0-3 months,False,Fernbay District Court,Southern,District
004919,05,Criminal,2026-02-17,2026-06-19,Disposed,122.0,False,,122.0,False,False,,2026-02,2026Q1,2026-06,,False,Mistvale District Court,Central,District
004920,06,Criminal,2025-09-07,2026-08-28,Disposed,355.0,False,,355.0,False,False,,2025-09,2025Q3,2026-08,,False,Central Plains High Court,Central,High
004921,04,Civil,2025-04-13,2025-07-30,Disposed,108.0,False,,108.0,False,False,,2025-04,2025Q2,2025-07,,False,Riverton District Court,Central,District
004922,07,Criminal,2024-10-28,2025-08-29,Disposed,305.0,False,,305.0,False,False,,2024-10,2024Q4,2025-08,,False,Eastfield District Court,Eastern,District
004923,01,Civil,2025-12-22,2026-05-01,Disposed,130.0,False,,130.0,False,False,,2025-12,2025Q4,2026-05,,False,Northbridge District Court,Northern,District
004924,01,Youth,2025-11-23,2026-03-14,Disposed,111.0,False,,111.0,False,False,,2025-11,2025Q4,2026-03,,False,Northbridge District Court,Northern,District
004925,07,Civil,2024-08-28,2025-03-04,Disposed,188.0,False,,188.0,False,False,,2024-08,2024Q3,2025-03,,False,Eastfield District Court,Eastern,District
004926,02,Civil,2025-02-15,2025-10-25,Disposed,252.0,False,,252.0,False,False,,2025-02,2025Q1,2025-10,,False,Kauri Point District Court,Northern,District
004927,11,Civil,2024-07-25,,Active,,False,,,False,True,768.0,2024-07,2024Q3,,12+ months,True,Southern Ranges High Court,Southern,High
004928,08,Family,2025-05-16,2025-09-13,Disposed,120.0,False,,120.0,False,False,,2025-05,2025Q2,2025-09,,False,Cape Lawson District Court,Eastern,District
004929,08,Youth,2025-01-25,2025-05-12,Disposed,107.0,False,,107.0,False,False,,2025-01,2025Q1,2025-05,,False,Cape Lawson District Court,Eastern,District
004930,08,Family,2024-11-30,2025-08-12,Disposed,255.0,False,,255.0,False,False,,2024-11,2024Q4,2025-08,,False,Cape Lawson District Court,Eastern,District
004931,04,Civil,2025-11-03,2026-02-10,Disposed,99.0,False,,99.0,False,False,,2025-11,2025Q4,2026-02,,False,Riverton District Court,Central,District
004932,11,Youth,2026-03-22,2026-06-06,Disposed,76.0,False,,76.0,False,False,,2026-03,2026Q1,2026-06,,False,Southern Ranges High Court,Southern,High
004933,06,Family,2024-08-15,2025-03-23,Disposed,220.0,False,,220.0,False,False,,2024-08,2024Q3,2025-03,,False,Central Plains High Court,Central,High
004934,08,Youth,2025-03-06,2025-07-09,Disposed,125.0,False,,125.0,False,False,,2025-03,2025Q1,2025-07,,False,Cape Lawson District Court,Eastern,District
004935,09,Civil,2025-02-18,2025-12-22,Disposed,307.0,False,,307.0,False,False,,2025-02,2025Q1,2025-12,,False,Southgate District Court,Southern,District
004936,12,Youth,2025-09-06,2025-10-12,Disposed,36.0,False,,36.0,False,False,,2025-09,2025Q3,2025-10,,False,Willow Creek District Court,Southern,District
004937,09,Civil,2025-09-18,,Active,,False,,,False,True,348.0,2025-09,2025Q3,,3-12 months,False,Southgate District Court,Southern,District
004938,08,Criminal,2024-12-09,2025-03-07,Disposed,88.0,False,,88.0,False,False,,2024-12,2024Q4,2025-03,,False,Cape Lawson District Court,Eastern,District
004939,02,Criminal,2026-03-10,2026-06-07,Disposed,89.0,False,,89.0,False,False,,2026-03,2026Q1,2026-06,,False,Kauri Point District Court,Northern,District
004940,08,Family,2026-01-01,,Active,,False,,,False,True,243.0,2026-01,2026Q1,,3-12 months,False,Cape Lawson District Court,Eastern,District
004941,08,Criminal,2026-03-10,,Active,,False,,,False,True,175.0,2026-03,2026Q1,,3-12 months,False,Cape Lawson District Court,Eastern,District
004942,02,Family,2024-10-12,,Active,,False,,,False,True,689.0,2024-10,2024Q4,,12+ months,True,Kauri Point District Court,Northern,District
004943,08,Criminal,2024-09-03,2025-01-25,Disposed,144.0,False,,144.0,False,False,,2024-09,2024Q3,2025-01,,False,Cape Lawson District Court,Eastern,District
004944,05,Family,2025-09-30,2026-08-10,Disposed,314.0,False,,314.0,False,False,,2025-09,2025Q3,2026-08,,False,Mistvale District Court,Central,District
004945,06,Criminal,2025-10-14,2026-01-03,Disposed,81.0,False,,81.0,False,False,,2025-10,2025Q4,2026-01,,False,Central Plains High Court,Central,High
004946,06,Family,2025-07-05,2025-12-11,Disposed,159.0,False,,159.0,False,False,,2025-07,2025Q3,2025-12,,False,Central Plains High Court,Central,High
004947,04,Criminal,2024-07-26,2024-09-12,Disposed,48.0,False,,48.0,False,False,,2024-07,2024Q3,2024-09,,False,Riverton District Court,Central,District
004948,08,Youth,2026-06-11,,Active,,False,,,False,True,82.0,2026-06,2026Q2,,0-3 months,False,Cape Lawson District Court,Eastern,District
004949,04,Criminal,2025-03-24,2025-05-28,Disposed,65.0,False,,65.0,False,False,,2025-03,2025Q1,2025-05,,False,Riverton District Court,Central,District
004950,07,Youth,2025-03-18,2025-05-23,Disposed,66.0,False,,66.0,False,False,,2025-03,2025Q1,2025-05,,False,Eastfield District Court,Eastern,District
004951,01,Family,2026-03-07,2026-05-04,Disposed,58.0,False,,58.0,False,False,,2026-03,2026Q1,2026-05,,False,Northbridge District Court,Northern,District
004952,08,Youth,2025-02-19,2025-06-22,Disposed,123.0,False,,123.0,False,False,,2025-02,2025Q1,2025-06,,False,Cape Lawson District Court,Eastern,District
004953,09,Civil,2025-09-07,2025-11-19,Disposed,73.0,False,,73.0,False,False,,2025-09,2025Q3,2025-11,,False,Southgate District Court,Southern,District
004954,12,Family,2025-01-17,2025-07-11,Disposed,175.0,False,,175.0,False,False,,2025-01,2025Q1,2025-07,,False,Willow Creek District Court,Southern,District
004955,08,Civil,2024-10-13,2025-06-11,Disposed,241.0,False,,241.0,False,False,,2024-10,2024Q4,2025-06,,False,Cape Lawson District Court,Eastern,District
004956,10,Civil,2025-12-01,,Active,,False,,,False,True,274.0,2025-12,2025Q4,,3-12 months,False,Fernbay District Court,Southern,District
004957,07,Youth,2025-01-14,2025-04-12,Disposed,88.0,False,,88.0,False,False,,2025-01,2025Q1,2025-04,,False,Eastfield District Court,Eastern,District
004958,12,Civil,2024-11-15,2025-06-02,Disposed,199.0,False,,199.0,False,False,,2024-11,2024Q4,2025-06,,False,Willow Creek District Court,Southern,District
004959,12,Criminal,2024-10-17,2025-02-10,Disposed,116.0,False,,116.0,False,False,,2024-10,2024Q4,2025-02,,False,Willow Creek District Court,Southern,District
004960,03,Youth,2024-07-24,2024-10-02,Disposed,70.0,False,,70.0,False,False,,2024-07,2024Q3,2024-10,,False,Harbourview High Court,Northern,High
004961,02,Youth,2025-05-27,2025-07-31,Disposed,65.0,False,,65.0,False,False,,2025-05,2025Q2,2025-07,,False,Kauri Point District Court,Northern,District
004962,12,Criminal,2026-02-06,2026-05-13,Disposed,96.0,False,,96.0,False,False,,2026-02,2026Q1,2026-05,,False,Willow Creek District Court,Southern,District
004963,01,Family,2025-04-21,2025-07-04,Disposed,74.0,False,,74.0,False,False,,2025-04,2025Q2,2025-07,,False,Northbridge District Court,Northern,District
004964,03,Family,2026-02-04,2026-04-18,Disposed,73.0,False,,73.0,False,False,,2026-02,2026Q1,2026-04,,False,Harbourview High Court,Northern,High
004965,03,Family,2026-03-29,2026-08-31,Disposed,155.0,False,,155.0,False,False,,2026-03,2026Q1,2026-08,,False,Harbourview High Court,Northern,High
004966,06,Criminal,2026-06-24,,Active,,False,,,False,True,69.0,2026-06,2026Q2,,0-3 months,False,Central Plains High Court,Central,High
004967,07,Civil,2025-05-27,2025-10-22,Disposed,148.0,False,,148.0,False,False,,2025-05,2025Q2,2025-10,,False,Eastfield District Court,Eastern,District
004968,08,Family,2024-10-23,2025-10-21,Disposed,363.0,False,,363.0,False,False,,2024-10,2024Q4,2025-10,,False,Cape Lawson District Court,Eastern,District
004969,07,Family,2025-07-17,2026-06-05,Disposed,323.0,False,,323.0,False,False,,2025-07,2025Q3,2026-06,,False,Eastfield District Court,Eastern,District
004970,06,Criminal,2024-11-15,2025-02-12,Disposed,89.0,False,,89.0,False,False,,2024-11,2024Q4,2025-02,,False,Central Plains High Court,Central,High
004971,02,Criminal,2026-03-29,2026-05-11,Disposed,43.0,False,,43.0,False,False,,2026-03,2026Q1,2026-05,,False,Kauri Point District Court,Northern,District
004972,10,Criminal,2025-05-21,2025-06-19,Disposed,29.0,False,,29.0,False,False,,2025-05,2025Q2,2025-06,,False,Fernbay District Court,Southern,District
004973,07,Family,2026-06-17,,Active,,False,,,False,True,76.0,2026-06,2026Q2,,0-3 months,False,Eastfield District Court,Eastern,District
004974,02,Civil,2025-03-21,2025-07-17,Disposed,118.0,False,,118.0,False,False,,2025-03,2025Q1,2025-07,,False,Kauri Point District Court,Northern,District
004975,11,Criminal,2025-06-04,2025-09-18,Disposed,76.0,False,,106.0,True,False,,2025-06,2025Q2,2025-09,,False,Southern Ranges High Court,Southern,High
004976,01,Criminal,2025-01-09,2025-05-14,Disposed,125.0,False,,125.0,False,False,,2025-01,2025Q1,2025-05,,False,Northbridge District Court,Northern,District
004977,04,Civil,2026-05-06,,Active,,False,,,False,True,118.0,2026-05,2026Q2,,3-12 months,False,Riverton District Court,Central,District
004978,10,Family,2025-07-10,,Active,,False,,,False,True,418.0,2025-07,2025Q3,,12+ months,True,Fernbay District Court,Southern,District
004979,12,Youth,2025-04-12,2025-06-03,Disposed,52.0,False,,52.0,False,False,,2025-04,2025Q2,2025-06,,False,Willow Creek District Court,Southern,District
004980,06,Youth,2024-09-14,2024-12-01,Disposed,78.0,False,,78.0,False,False,,2024-09,2024Q3,2024-12,,False,Central Plains High Court,Central,High
004981,09,Family,2024-10-15,2025-05-09,Disposed,206.0,False,,206.0,False,False,,2024-10,2024Q4,2025-05,,False,Southgate District Court,Southern,District
004982,04,Criminal,2024-09-20,2025-07-06,Disposed,289.0,False,,289.0,False,False,,2024-09,2024Q3,2025-07,,False,Riverton District Court,Central,District
004983,08,Civil,2024-08-29,2024-12-07,Disposed,100.0,False,,100.0,False,False,,2024-08,2024Q3,2024-12,,False,Cape Lawson District Court,Eastern,District
004984,06,Family,2026-01-23,2026-08-06,Disposed,195.0,False,,195.0,False,False,,2026-01,2026Q1,2026-08,,False,Central Plains High Court,Central,High
004985,02,Youth,2026-02-25,2026-03-26,Disposed,29.0,False,,29.0,False,False,,2026-02,2026Q1,2026-03,,False,Kauri Point District Court,Northern,District
004986,10,Criminal,2025-08-27,2025-12-28,Disposed,123.0,False,,123.0,False,False,,2025-08,2025Q3,2025-12,,False,Fernbay District Court,Southern,District
004987,07,Civil,2024-08-23,2025-01-10,Disposed,140.0,False,,140.0,False,False,,2024-08,2024Q3,2025-01,,False,Eastfield District Court,Eastern,District
004988,08,Youth,2025-05-15,2026-04-02,Disposed,322.0,False,,322.0,False,False,,2025-05,2025Q2,2026-04,,False,Cape Lawson District Court,Eastern,District
004989,05,Youth,2025-08-27,2025-10-11,Disposed,45.0,False,,45.0,False,False,,2025-08,2025Q3,2025-10,,False,Mistvale District Court,Central,District
004990,07,Civil,2025-10-28,2026-02-22,Disposed,117.0,False,,117.0,False,False,,2025-10,2025Q4,2026-02,,False,Eastfield District Court,Eastern,District
004991,03,Civil,2024-09-24,2025-05-10,Disposed,228.0,False,,228.0,False,False,,2024-09,2024Q3,2025-05,,False,Harbourview High Court,Northern,High
004992,07,Family,2025-08-17,2025-10-27,Disposed,71.0,False,,71.0,False,False,,2025-08,2025Q3,2025-10,,False,Eastfield District Court,Eastern,District
004993,10,Criminal,2026-05-25,,Active,,False,,,False,True,99.0,2026-05,2026Q2,,3-12 months,False,Fernbay District Court,Southern,District
004994,08,Youth,2025-05-29,2025-07-22,Disposed,54.0,False,,54.0,False,False,,2025-05,2025Q2,2025-07,,False,Cape Lawson District Court,Eastern,District
004995,08,Criminal,2026-03-24,2026-08-31,Disposed,160.0,False,,160.0,False,False,,2026-03,2026Q1,2026-08,,False,Cape Lawson District Court,Eastern,District
004996,11,Criminal,2025-06-05,2025-10-05,Disposed,122.0,False,,122.0,False,False,,2025-06,2025Q2,2025-10,,False,Southern Ranges High Court,Southern,High
004997,03,Family,2024-12-13,2026-05-11,Disposed,514.0,False,,514.0,False,False,,2024-12,2024Q4,2026-05,,False,Harbourview High Court,Northern,High
004998,02,Civil,2025-01-15,2025-07-22,Disposed,188.0,False,,188.0,False,False,,2025-01,2025Q1,2025-07,,False,Kauri Point District Court,Northern,District
004999,03,Family,2025-11-20,2026-04-27,Disposed,158.0,False,,158.0,False,False,,2025-11,2025Q4,2026-04,,False,Harbourview High Court,Northern,High
005000,02,Civil,2025-03-10,,Active,,False,,,False,True,540.0,2025-03,2025Q1,,12+ months,True,Kauri Point District Court,Northern,District
005001,08,Criminal,2025-02-24,2025-06-27,Disposed,123.0,False,,123.0,False,False,,2025-02,2025Q1,2025-06,,False,Cape Lawson District Court,Eastern,District
005002,03,Criminal,2025-08-21,2025-12-10,Disposed,111.0,False,,111.0,False,False,,2025-08,2025Q3,2025-12,,False,Harbourview High Court,Northern,High
005003,07,Criminal,2024-08-30,2025-04-21,Disposed,234.0,False,,234.0,False,False,,2024-08,2024Q3,2025-04,,False,Eastfield District Court,Eastern,District
005004,04,Youth,2025-06-24,2026-03-28,Disposed,277.0,False,,277.0,False,False,,2025-06,2025Q2,2026-03,,False,Riverton District Court,Central,District
005005,03,Criminal,2026-05-22,,Active,,False,,,False,True,102.0,2026-05,2026Q2,,3-12 months,False,Harbourview High Court,Northern,High
005006,06,Civil,2024-07-22,2025-05-24,Disposed,306.0,False,,306.0,False,False,,2024-07,2024Q3,2025-05,,False,Central Plains High Court,Central,High
005007,07,Family,2026-02-07,,Active,,False,,,False,True,206.0,2026-02,2026Q1,,3-12 months,False,Eastfield District Court,Eastern,District
005008,04,Criminal,2024-09-15,2025-06-15,Disposed,,False,,273.0,False,False,,2024-09,2024Q3,2025-06,,False,Riverton District Court,Central,District
005009,04,Family,2024-11-05,,Active,,False,,,False,True,665.0,2024-11,2024Q4,,12+ months,True,Riverton District Court,Central,District
005010,12,Civil,2026-04-29,2026-07-12,Disposed,74.0,False,,74.0,False,False,,2026-04,2026Q2,2026-07,,False,Willow Creek District Court,Southern,District
005011,08,Criminal,2025-03-07,2025-06-29,Disposed,114.0,False,,114.0,False,False,,2025-03,2025Q1,2025-06,,False,Cape Lawson District Court,Eastern,District
005012,01,Family,2024-08-16,2024-12-31,Disposed,137.0,False,,137.0,False,False,,2024-08,2024Q3,2024-12,,False,Northbridge District Court,Northern,District
005013,05,Criminal,2025-09-03,,Active,,False,,,False,True,363.0,2025-09,2025Q3,,3-12 months,False,Mistvale District Court,Central,District
005014,04,Criminal,2025-02-04,2025-07-21,Disposed,167.0,False,,167.0,False,False,,2025-02,2025Q1,2025-07,,False,Riverton District Court,Central,District
005015,11,Family,2025-06-11,2026-06-04,Disposed,358.0,False,,358.0,False,False,,2025-06,2025Q2,2026-06,,False,Southern Ranges High Court,Southern,High
005016,02,Civil,2026-02-12,2026-03-12,Disposed,28.0,False,,28.0,False,False,,2026-02,2026Q1,2026-03,,False,Kauri Point District Court,Northern,District
005017,02,Civil,2025-07-20,2026-06-18,Disposed,333.0,False,,333.0,False,False,,2025-07,2025Q3,2026-06,,False,Kauri Point District Court,Northern,District
005018,03,Civil,2026-05-26,,Active,,False,,,False,True,98.0,2026-05,2026Q2,,3-12 months,False,Harbourview High Court,Northern,High
005019,02,Criminal,2025-10-27,2026-05-17,Disposed,202.0,False,,202.0,False,False,,2025-10,2025Q4,2026-05,,False,Kauri Point District Court,Northern,District
005020,10,Criminal,2025-10-22,2026-01-05,Disposed,75.0,False,,75.0,False,False,,2025-10,2025Q4,2026-01,,False,Fernbay District Court,Southern,District
005021,12,Criminal,2026-03-19,2026-08-05,Disposed,139.0,False,,139.0,False,False,,2026-03,2026Q1,2026-08,,False,Willow Creek District Court,Southern,District
005022,05,Civil,2025-02-11,2025-07-28,Disposed,167.0,False,,167.0,False,False,,2025-02,2025Q1,2025-07,,False,Mistvale District Court,Central,District
005023,12,Family,2026-01-30,,Active,,False,,,False,True,214.0,2026-01,2026Q1,,3-12 months,False,Willow Creek District Court,Southern,District
005024,05,Criminal,2025-07-11,,Active,,False,,,False,True,417.0,2025-07,2025Q3,,12+ months,True,Mistvale District Court,Central,District
005025,05,Criminal,2024-11-29,2025-02-28,Disposed,91.0,False,,91.0,False,False,,2024-11,2024Q4,2025-02,,False,Mistvale District Court,Central,District
005026,06,Youth,2026-02-15,2026-06-06,Disposed,111.0,False,,111.0,False,False,,2026-02,2026Q1,2026-06,,False,Central Plains High Court,Central,High
005027,09,Family,2025-09-20,2026-02-21,Disposed,154.0,False,,154.0,False,False,,2025-09,2025Q3,2026-02,,False,Southgate District Court,Southern,District
005028,07,Youth,2024-11-23,2025-04-22,Disposed,150.0,False,,150.0,False,False,,2024-11,2024Q4,2025-04,,False,Eastfield District Court,Eastern,District
005029,10,Criminal,2025-08-02,2025-09-21,Disposed,50.0,False,,50.0,False,False,,2025-08,2025Q3,2025-09,,False,Fernbay District Court,Southern,District
005030,02,Civil,2025-02-01,2025-04-30,Disposed,88.0,False,,88.0,False,False,,2025-02,2025Q1,2025-04,,False,Kauri Point District Court,Northern,District
005031,01,Civil,2024-07-28,2025-02-01,Disposed,188.0,False,,188.0,False,False,,2024-07,2024Q3,2025-02,,False,Northbridge District Court,Northern,District
005032,08,Criminal,2025-09-19,2026-01-15,Disposed,118.0,False,,118.0,False,False,,2025-09,2025Q3,2026-01,,False,Cape Lawson District Court,Eastern,District
005033,02,Family,2026-06-15,2026-08-07,Disposed,53.0,False,,53.0,False,False,,2026-06,2026Q2,2026-08,,False,Kauri Point District Court,Northern,District
005034,05,Family,2024-12-29,2026-02-20,Disposed,418.0,False,,418.0,False,False,,2024-12,2024Q4,2026-02,,False,Mistvale District Court,Central,District
005035,02,Family,2025-11-14,2026-04-26,Disposed,163.0,False,,163.0,False,False,,2025-11,2025Q4,2026-04,,False,Kauri Point District Court,Northern,District
005036,05,Family,2025-06-12,2026-08-30,Disposed,444.0,False,,444.0,False,False,,2025-06,2025Q2,2026-08,,False,Mistvale District Court,Central,District
005037,07,Criminal,2024-11-23,2025-04-27,Disposed,155.0,False,,155.0,False,False,,2024-11,2024Q4,2025-04,,False,Eastfield District Court,Eastern,District
005038,04,Youth,2024-11-18,2025-01-10,Disposed,53.0,False,,53.0,False,False,,2024-11,2024Q4,2025-01,,False,Riverton District Court,Central,District
005039,08,Family,2025-05-23,2026-06-12,Disposed,385.0,False,,385.0,False,False,,2025-05,2025Q2,2026-06,,False,Cape Lawson District Court,Eastern,District
005040,01,Family,2025-04-22,2026-06-21,Disposed,425.0,False,,425.0,False,False,,2025-04,2025Q2,2026-06,,False,Northbridge District Court,Northern,District
005041,11,Family,2026-01-18,2026-04-30,Disposed,102.0,False,,102.0,False,False,,2026-01,2026Q1,2026-04,,False,Southern Ranges High Court,Southern,High
005042,10,Civil,2025-11-27,2026-03-07,Disposed,100.0,False,,100.0,False,False,,2025-11,2025Q4,2026-03,,False,Fernbay District Court,Southern,District
005043,01,Family,2024-07-26,2025-06-13,Disposed,322.0,False,,322.0,False,False,,2024-07,2024Q3,2025-06,,False,Northbridge District Court,Northern,District
005044,07,Civil,2025-02-19,2025-10-08,Disposed,231.0,False,,231.0,False,False,,2025-02,2025Q1,2025-10,,False,Eastfield District Court,Eastern,District
005045,10,Civil,2024-08-10,2024-12-12,Disposed,124.0,False,,124.0,False,False,,2024-08,2024Q3,2024-12,,False,Fernbay District Court,Southern,District
005046,08,Criminal,2026-06-19,,Active,,False,,,False,True,74.0,2026-06,2026Q2,,0-3 months,False,Cape Lawson District Court,Eastern,District
005047,08,Criminal,2026-05-20,,Active,,False,,,False,True,104.0,2026-05,2026Q2,,3-12 months,False,Cape Lawson District Court,Eastern,District
005048,07,Family,2025-03-27,2025-11-26,Disposed,244.0,False,,244.0,False,False,,2025-03,2025Q1,2025-11,,False,Eastfield District Court,Eastern,District
005049,08,Civil,2025-01-22,2026-02-27,Disposed,401.0,False,,401.0,False,False,,2025-01,2025Q1,2026-02,,False,Cape Lawson District Court,Eastern,District
005050,09,Civil,2025-06-09,2025-10-21,Disposed,134.0,False,,134.0,False,False,,2025-06,2025Q2,2025-10,,False,Southgate District Court,Southern,District
005051,02,Criminal,2026-02-02,2026-03-29,Disposed,55.0,False,,55.0,False,False,,2026-02,2026Q1,2026-03,,False,Kauri Point District Court,Northern,District
005052,04,Criminal,2025-08-13,2025-12-28,Disposed,137.0,False,,137.0,False,False,,2025-08,2025Q3,2025-12,,False,Riverton District Court,Central,District
005053,04,Family,2026-04-05,2026-08-28,Disposed,145.0,False,,145.0,False,False,,2026-04,2026Q2,2026-08,,False,Riverton District Court,Central,District
005054,09,Civil,2026-04-08,,Active,,False,,,False,True,146.0,2026-04,2026Q2,,3-12 months,False,Southgate District Court,Southern,District
005055,05,Criminal,2026-01-10,2026-04-01,Disposed,81.0,False,,81.0,False,False,,2026-01,2026Q1,2026-04,,False,Mistvale District Court,Central,District
005056,05,Youth,2025-03-19,2025-05-19,Disposed,61.0,False,,61.0,False,False,,2025-03,2025Q1,2025-05,,False,Mistvale District Court,Central,District
005057,11,Civil,2025-02-14,2025-11-28,Disposed,287.0,False,,287.0,False,False,,2025-02,2025Q1,2025-11,,False,Southern Ranges High Court,Southern,High
005058,07,Youth,2026-05-18,,Active,,False,,,False,True,106.0,2026-05,2026Q2,,3-12 months,False,Eastfield District Court,Eastern,District
005059,07,Criminal,2024-08-13,2025-02-04,Disposed,175.0,False,,175.0,False,False,,2024-08,2024Q3,2025-02,,False,Eastfield District Court,Eastern,District
005060,06,Criminal,2024-10-05,2025-02-01,Disposed,119.0,False,,119.0,False,False,,2024-10,2024Q4,2025-02,,False,Central Plains High Court,Central,High
005061,08,Civil,2025-03-30,2025-07-03,Disposed,95.0,False,,95.0,False,False,,2025-03,2025Q1,2025-07,,False,Cape Lawson District Court,Eastern,District
005062,02,Criminal,2026-05-30,2026-07-06,Disposed,37.0,False,,37.0,False,False,,2026-05,2026Q2,2026-07,,False,Kauri Point District Court,Northern,District
005063,05,Youth,2026-03-03,2026-06-07,Disposed,96.0,False,,96.0,False,False,,2026-03,2026Q1,2026-06,,False,Mistvale District Court,Central,District
005064,11,Family,2024-07-24,2024-10-30,Disposed,98.0,False,,98.0,False,False,,2024-07,2024Q3,2024-10,,False,Southern Ranges High Court,Southern,High
005065,03,Civil,2026-04-21,2026-08-15,Disposed,116.0,False,,116.0,False,False,,2026-04,2026Q2,2026-08,,False,Harbourview High Court,Northern,High
005066,09,Criminal,2026-05-06,,Active,,False,,,False,True,118.0,2026-05,2026Q2,,3-12 months,False,Southgate District Court,Southern,District
005067,12,Family,2026-01-31,,Active,,False,,,False,True,213.0,2026-01,2026Q1,,3-12 months,False,Willow Creek District Court,Southern,District
005068,02,Criminal,2024-11-22,2025-02-07,Disposed,,False,,77.0,False,False,,2024-11,2024Q4,2025-02,,False,Kauri Point District Court,Northern,District
005069,12,Criminal,2025-12-22,2026-03-29,Disposed,97.0,False,,97.0,False,False,,2025-12,2025Q4,2026-03,,False,Willow Creek District Court,Southern,District
005070,04,Youth,2026-01-27,2026-05-04,Disposed,97.0,False,,97.0,False,False,,2026-01,2026Q1,2026-05,,False,Riverton District Court,Central,District
005071,10,Family,2025-10-12,2026-07-12,Disposed,273.0,False,,273.0,False,False,,2025-10,2025Q4,2026-07,,False,Fernbay District Court,Southern,District
005072,11,Youth,2024-10-06,,Active,,False,,,False,True,695.0,2024-10,2024Q4,,12+ months,True,Southern Ranges High Court,Southern,High
005073,12,Criminal,2025-04-06,2025-10-30,Disposed,177.0,False,,207.0,True,False,,2025-04,2025Q2,2025-10,,False,Willow Creek District Court,Southern,District
005074,08,Family,2025-02-19,2026-01-30,Disposed,345.0,False,,345.0,False,False,,2025-02,2025Q1,2026-01,,False,Cape Lawson District Court,Eastern,District
005075,08,Criminal,2026-05-22,,Active,,False,,,False,True,102.0,2026-05,2026Q2,,3-12 months,False,Cape Lawson District Court,Eastern,District
005076,10,Criminal,2024-10-12,2024-11-17,Disposed,36.0,False,,36.0,False,False,,2024-10,2024Q4,2024-11,,False,Fernbay District Court,Southern,District
005077,11,Family,2025-11-25,2026-08-15,Disposed,263.0,False,,263.0,False,False,,2025-11,2025Q4,2026-08,,False,Southern Ranges High Court,Southern,High
005078,09,Youth,2024-11-27,2025-02-03,Disposed,68.0,False,,68.0,False,False,,2024-11,2024Q4,2025-02,,False,Southgate District Court,Southern,District
005079,07,Family,2025-07-31,2025-10-09,Disposed,70.0,False,,70.0,False,False,,2025-07,2025Q3,2025-10,,False,Eastfield District Court,Eastern,District
005080,06,Youth,2025-07-19,2025-12-12,Disposed,146.0,False,,146.0,False,False,,2025-07,2025Q3,2025-12,,False,Central Plains High Court,Central,High
005081,02,Civil,2025-02-13,,Active,,False,,,False,True,565.0,2025-02,2025Q1,,12+ months,True,Kauri Point District Court,Northern,District
005082,06,Civil,2025-07-06,2026-03-09,Disposed,246.0,False,,246.0,False,False,,2025-07,2025Q3,2026-03,,False,Central Plains High Court,Central,High
005083,01,Family,2025-10-05,2026-03-02,Disposed,148.0,False,,148.0,False,False,,2025-10,2025Q4,2026-03,,False,Northbridge District Court,Northern,District
005084,07,Criminal,2025-09-06,2025-12-06,Disposed,91.0,False,,91.0,False,False,,2025-09,2025Q3,2025-12,,False,Eastfield District Court,Eastern,District
005085,12,Criminal,2026-06-28,,Active,,False,,,False,True,65.0,2026-06,2026Q2,,0-3 months,False,Willow Creek District Court,Southern,District
005086,11,Criminal,2025-01-12,2025-06-11,Disposed,150.0,False,,150.0,False,False,,2025-01,2025Q1,2025-06,,False,Southern Ranges High Court,Southern,High
005087,09,Youth,2025-10-19,2025-11-30,Disposed,42.0,False,,42.0,False,False,,2025-10,2025Q4,2025-11,,False,Southgate District Court,Southern,District
005088,08,Family,2025-05-08,2026-06-07,Disposed,395.0,False,,395.0,False,False,,2025-05,2025Q2,2026-06,,False,Cape Lawson District Court,Eastern,District
005089,07,Family,2026-06-17,,Active,,False,,,False,True,76.0,2026-06,2026Q2,,0-3 months,False,Eastfield District Court,Eastern,District
005090,11,Civil,2024-08-02,2025-02-03,Disposed,185.0,False,,185.0,False,False,,2024-08,2024Q3,2025-02,,False,Southern Ranges High Court,Southern,High
005091,03,Criminal,2024-07-16,2025-09-24,Disposed,435.0,False,,435.0,False,False,,2024-07,2024Q3,2025-09,,False,Harbourview High Court,Northern,High
005092,02,Youth,2024-11-29,2025-01-07,Disposed,39.0,False,,39.0,False,False,,2024-11,2024Q4,2025-01,,False,Kauri Point District Court,Northern,District
005093,10,Family,2025-04-25,2025-07-20,Disposed,86.0,False,,86.0,False,False,,2025-04,2025Q2,2025-07,,False,Fernbay District Court,Southern,District
005094,11,Criminal,2025-06-25,,Active,,False,,,False,True,433.0,2025-06,2025Q2,,12+ months,True,Southern Ranges High Court,Southern,High
005095,03,Family,2025-12-10,2026-06-03,Disposed,175.0,False,,175.0,False,False,,2025-12,2025Q4,2026-06,,False,Harbourview High Court,Northern,High
005096,09,Civil,2026-03-27,2026-08-28,Disposed,154.0,False,,154.0,False,False,,2026-03,2026Q1,2026-08,,False,Southgate District Court,Southern,District
005097,06,Civil,2024-07-23,2025-03-03,Disposed,223.0,False,,223.0,False,False,,2024-07,2024Q3,2025-03,,False,Central Plains High Court,Central,High
005098,11,Criminal,2025-08-11,2026-01-15,Disposed,157.0,False,,157.0,False,False,,2025-08,2025Q3,2026-01,,False,Southern Ranges High Court,Southern,High
005099,12,Criminal,2024-10-30,2025-01-22,Disposed,84.0,False,,84.0,False,False,,2024-10,2024Q4,2025-01,,False,Willow Creek District Court,Southern,District
005100,10,Criminal,2026-01-03,2026-03-22,Disposed,78.0,False,,78.0,False,False,,2026-01,2026Q1,2026-03,,False,Fernbay District Court,Southern,District
005101,04,Criminal,2024-12-04,2025-09-21,Disposed,291.0,False,,291.0,False,False,,2024-12,2024Q4,2025-09,,False,Riverton District Court,Central,District
005102,07,Youth,2025-02-23,2025-04-03,Disposed,39.0,False,,39.0,False,False,,2025-02,2025Q1,2025-04,,False,Eastfield District Court,Eastern,District
005103,07,Youth,2024-09-30,2024-10-20,Disposed,20.0,False,,20.0,False,False,,2024-09,2024Q3,2024-10,,False,Eastfield District Court,Eastern,District
005104,06,Criminal,2024-11-30,2025-03-09,Disposed,99.0,False,,99.0,False,False,,2024-11,2024Q4,2025-03,,False,Central Plains High Court,Central,High
005105,03,Criminal,2026-01-25,2026-07-25,Disposed,181.0,False,,181.0,False,False,,2026-01,2026Q1,2026-07,,False,Harbourview High Court,Northern,High
005106,09,Civil,2025-03-08,2025-07-25,Disposed,139.0,False,,139.0,False,False,,2025-03,2025Q1,2025-07,,False,Southgate District Court,Southern,District
005107,04,Youth,2025-02-01,2025-04-19,Disposed,77.0,False,,77.0,False,False,,2025-02,2025Q1,2025-04,,False,Riverton District Court,Central,District
005108,11,Family,2025-02-15,2025-09-23,Disposed,220.0,False,,220.0,False,False,,2025-02,2025Q1,2025-09,,False,Southern Ranges High Court,Southern,High
005109,07,Family,2025-10-14,2026-03-16,Disposed,153.0,False,,153.0,False,False,,2025-10,2025Q4,2026-03,,False,Eastfield District Court,Eastern,District
005110,07,Civil,2024-10-01,2025-01-09,Disposed,100.0,False,,100.0,False,False,,2024-10,2024Q4,2025-01,,False,Eastfield District Court,Eastern,District
005111,05,Civil,2026-03-23,,Active,,False,,,False,True,162.0,2026-03,2026Q1,,3-12 months,False,Mistvale District Court,Central,District
005112,06,Youth,2025-05-30,2025-10-06,Disposed,129.0,False,,129.0,False,False,,2025-05,2025Q2,2025-10,,False,Central Plains High Court,Central,High
005113,11,Civil,2026-06-11,,Active,,False,,,False,True,82.0,2026-06,2026Q2,,0-3 months,False,Southern Ranges High Court,Southern,High
005114,03,Family,2024-07-05,2024-09-29,Disposed,86.0,False,,86.0,False,False,,2024-07,2024Q3,2024-09,,False,Harbourview High Court,Northern,High
005115,01,Criminal,2025-02-27,2025-05-20,Disposed,82.0,False,,82.0,False,False,,2025-02,2025Q1,2025-05,,False,Northbridge District Court,Northern,District
005116,08,Family,2026-05-17,,Active,,False,,,False,True,107.0,2026-05,2026Q2,,3-12 months,False,Cape Lawson District Court,Eastern,District
005117,04,Family,2024-07-20,2024-11-14,Disposed,127.0,False,,117.0,True,False,,2024-07,2024Q3,2024-11,,False,Riverton District Court,Central,District
005118,09,Civil,2024-08-25,2024-12-10,Disposed,107.0,False,,107.0,False,False,,2024-08,2024Q3,2024-12,,False,Southgate District Court,Southern,District
005119,12,Civil,2024-12-31,2025-07-13,Disposed,194.0,False,,194.0,False,False,,2024-12,2024Q4,2025-07,,False,Willow Creek District Court,Southern,District
005120,09,Civil,2025-12-30,2026-02-17,Disposed,49.0,False,,49.0,False,False,,2025-12,2025Q4,2026-02,,False,Southgate District Court,Southern,District
005121,12,Youth,2025-04-18,2025-05-30,Disposed,42.0,False,,42.0,False,False,,2025-04,2025Q2,2025-05,,False,Willow Creek District Court,Southern,District
005122,06,Family,2024-09-06,2025-04-20,Disposed,226.0,False,,226.0,False,False,,2024-09,2024Q3,2025-04,,False,Central Plains High Court,Central,High
005123,08,Civil,2025-06-17,2026-08-10,Disposed,419.0,False,,419.0,False,False,,2025-06,2025Q2,2026-08,,False,Cape Lawson District Court,Eastern,District
005124,03,Youth,2025-05-29,2025-10-28,Disposed,152.0,False,,152.0,False,False,,2025-05,2025Q2,2025-10,,False,Harbourview High Court,Northern,High
005125,05,Criminal,2025-09-15,2026-04-13,Disposed,210.0,False,,210.0,False,False,,2025-09,2025Q3,2026-04,,False,Mistvale District Court,Central,District
005126,12,Criminal,2024-12-25,2025-03-10,Disposed,75.0,False,,75.0,False,False,,2024-12,2024Q4,2025-03,,False,Willow Creek District Court,Southern,District
005127,07,Youth,2024-08-16,2024-09-23,Disposed,38.0,False,,38.0,False,False,,2024-08,2024Q3,2024-09,,False,Eastfield District Court,Eastern,District
005128,04,Civil,2025-07-27,2025-10-28,Disposed,93.0,False,,93.0,False,False,,2025-07,2025Q3,2025-10,,False,Riverton District Court,Central,District
005129,11,Youth,2024-09-07,2024-11-09,Disposed,63.0,False,,63.0,False,False,,2024-09,2024Q3,2024-11,,False,Southern Ranges High Court,Southern,High
005130,04,Criminal,2025-07-11,2026-01-05,Disposed,178.0,False,,178.0,False,False,,2025-07,2025Q3,2026-01,,False,Riverton District Court,Central,District
005131,08,Criminal,2026-04-13,,Active,,False,,,False,True,141.0,2026-04,2026Q2,,3-12 months,False,Cape Lawson District Court,Eastern,District
005132,04,Criminal,2025-11-18,,Active,,False,,,False,True,287.0,2025-11,2025Q4,,3-12 months,False,Riverton District Court,Central,District
005133,08,Family,2024-10-20,2025-07-05,Disposed,258.0,False,,258.0,False,False,,2024-10,2024Q4,2025-07,,False,Cape Lawson District Court,Eastern,District
005134,01,Criminal,2026-01-25,2026-03-20,Disposed,54.0,False,,54.0,False,False,,2026-01,2026Q1,2026-03,,False,Northbridge District Court,Northern,District
005135,12,Family,2025-04-15,2025-11-25,Disposed,224.0,False,,224.0,False,False,,2025-04,2025Q2,2025-11,,False,Willow Creek District Court,Southern,District
005136,12,Civil,2024-08-11,2024-09-06,Disposed,26.0,False,,26.0,False,False,,2024-08,2024Q3,2024-09,,False,Willow Creek District Court,Southern,District
005137,02,Family,2026-04-27,2026-08-30,Disposed,125.0,False,,125.0,False,False,,2026-04,2026Q2,2026-08,,False,Kauri Point District Court,Northern,District
005138,,Family,2025-06-18,2026-02-26,Disposed,253.0,True,court_id not in lookup,253.0,False,False,,2025-06,2025Q2,2026-02,,False,,,
005139,12,Civil,2025-01-04,2026-07-17,Disposed,,False,,559.0,False,False,,2025-01,2025Q1,2026-07,,False,Willow Creek District Court,Southern,District
005140,02,Criminal,2025-01-09,2025-03-09,Disposed,59.0,False,,59.0,False,False,,2025-01,2025Q1,2025-03,,False,Kauri Point District Court,Northern,District
005141,03,Criminal,2025-02-26,2025-11-21,Disposed,313.0,False,,268.0,True,False,,2025-02,2025Q1,2025-11,,False,Harbourview High Court,Northern,High
005142,10,Civil,2026-02-13,2026-04-22,Disposed,68.0,False,,68.0,False,False,,2026-02,2026Q1,2026-04,,False,Fernbay District Court,Southern,District
005143,05,Criminal,2024-07-25,2024-12-26,Disposed,154.0,False,,154.0,False,False,,2024-07,2024Q3,2024-12,,False,Mistvale District Court,Central,District
005144,10,Criminal,2025-04-13,2025-07-24,Disposed,102.0,False,,102.0,False,False,,2025-04,2025Q2,2025-07,,False,Fernbay District Court,Southern,District
005145,12,Family,2024-08-05,2024-11-11,Disposed,98.0,False,,98.0,False,False,,2024-08,2024Q3,2024-11,,False,Willow Creek District Court,Southern,District
005146,04,Criminal,2024-09-27,2024-11-23,Disposed,57.0,False,,57.0,False,False,,2024-09,2024Q3,2024-11,,False,Riverton District Court,Central,District
005147,11,Youth,2024-10-18,2025-02-03,Disposed,108.0,False,,108.0,False,False,,2024-10,2024Q4,2025-02,,False,Southern Ranges High Court,Southern,High
005148,12,Civil,2026-04-17,2026-08-14,Disposed,119.0,False,,119.0,False,False,,2026-04,2026Q2,2026-08,,False,Willow Creek District Court,Southern,District
005149,03,Civil,2026-04-26,2026-08-30,Disposed,126.0,False,,126.0,False,False,,2026-04,2026Q2,2026-08,,False,Harbourview High Court,Northern,High
005150,08,Family,2026-02-27,,Active,,False,,,False,True,186.0,2026-02,2026Q1,,3-12 months,False,Cape Lawson District Court,Eastern,District
005151,06,Youth,2026-01-11,2026-06-21,Disposed,161.0,False,,161.0,False,False,,2026-01,2026Q1,2026-06,,False,Central Plains High Court,Central,High
005152,12,Civil,2026-05-15,,Active,,False,,,False,True,109.0,2026-05,2026Q2,,3-12 months,False,Willow Creek District Court,Southern,District
005153,03,Criminal,2026-06-09,2026-07-24,Disposed,45.0,False,,45.0,False,False,,2026-06,2026Q2,2026-07,,False,Harbourview High Court,Northern,High
005154,08,Criminal,2024-12-13,2025-06-05,Disposed,174.0,False,,174.0,False,False,,2024-12,2024Q4,2025-06,,False,Cape Lawson District Court,Eastern,District
005155,01,Family,2025-06-08,2026-02-12,Disposed,249.0,False,,249.0,False,False,,2025-06,2025Q2,2026-02,,False,Northbridge District Court,Northern,District
005156,12,Criminal,2024-12-29,2025-03-10,Disposed,71.0,False,,71.0,False,False,,2024-12,2024Q4,2025-03,,False,Willow Creek District Court,Southern,District
005157,03,Civil,2025-07-13,2026-04-02,Disposed,263.0,False,,263.0,False,False,,2025-07,2025Q3,2026-04,,False,Harbourview High Court,Northern,High
005158,05,Youth,2024-07-30,2024-09-23,Disposed,55.0,False,,55.0,False,False,,2024-07,2024Q3,2024-09,,False,Mistvale District Court,Central,District
005159,04,Youth,2025-03-17,2025-06-25,Disposed,100.0,False,,100.0,False,False,,2025-03,2025Q1,2025-06,,False,Riverton District Court,Central,District
005160,09,Civil,2026-05-21,2026-08-03,Disposed,74.0,False,,74.0,False,False,,2026-05,2026Q2,2026-08,,False,Southgate District Court,Southern,District
005161,08,Criminal,2025-08-11,2026-02-22,Disposed,195.0,False,,195.0,False,False,,2025-08,2025Q3,2026-02,,False,Cape Lawson District Court,Eastern,District
005162,02,Civil,2026-06-06,,Active,,False,,,False,True,87.0,2026-06,2026Q2,,0-3 months,False,Kauri Point District Court,Northern,District
005163,07,Family,2025-04-05,,Active,,False,,,False,True,514.0,2025-04,2025Q2,,12+ months,True,Eastfield District Court,Eastern,District
005164,11,Youth,2025-08-20,2025-11-23,Disposed,,False,,95.0,False,False,,2025-08,2025Q3,2025-11,,False,Southern Ranges High Court,Southern,High
005165,05,Criminal,2026-04-23,,Active,,False,,,False,True,131.0,2026-04,2026Q2,,3-12 months,False,Mistvale District Court,Central,District
005166,02,Criminal,2026-04-13,2026-06-18,Disposed,66.0,False,,66.0,False,False,,2026-04,2026Q2,2026-06,,False,Kauri Point District Court,Northern,District
005167,11,Youth,2025-02-05,,Active,,False,,,False,True,573.0,2025-02,2025Q1,,12+ months,True,Southern Ranges High Court,Southern,High
005168,03,Family,2024-09-27,2025-05-27,Disposed,242.0,False,,242.0,False,False,,2024-09,2024Q3,2025-05,,False,Harbourview High Court,Northern,High
005169,02,Civil,2025-11-15,2026-04-24,Disposed,160.0,False,,160.0,False,False,,2025-11,2025Q4,2026-04,,False,Kauri Point District Court,Northern,District
005170,04,Family,2025-11-24,2026-06-01,Disposed,189.0,False,,189.0,False,False,,2025-11,2025Q4,2026-06,,False,Riverton District Court,Central,District
005171,12,Youth,2025-10-06,2025-12-27,Disposed,82.0,False,,82.0,False,False,,2025-10,2025Q4,2025-12,,False,Willow Creek District Court,Southern,District
005172,02,Civil,2025-12-17,2026-03-31,Disposed,104.0,False,,104.0,False,False,,2025-12,2025Q4,2026-03,,False,Kauri Point District Court,Northern,District
005173,07,Family,2025-05-16,2025-07-16,Disposed,61.0,False,,61.0,False,False,,2025-05,2025Q2,2025-07,,False,Eastfield District Court,Eastern,District
005174,01,Criminal,2024-10-30,2025-01-15,Disposed,77.0,False,,77.0,False,False,,2024-10,2024Q4,2025-01,,False,Northbridge District Court,Northern,District
005175,03,Criminal,2024-09-01,2024-12-12,Disposed,102.0,False,,102.0,False,False,,2024-09,2024Q3,2024-12,,False,Harbourview High Court,Northern,High
005176,04,Youth,2026-05-07,2026-07-20,Disposed,74.0,False,,74.0,False,False,,2026-05,2026Q2,2026-07,,False,Riverton District Court,Central,District
005177,02,Civil,2024-10-01,2024-12-23,Disposed,83.0,False,,83.0,False,False,,2024-10,2024Q4,2024-12,,False,Kauri Point District Court,Northern,District
005178,11,Criminal,2026-03-14,2026-08-16,Disposed,155.0,False,,155.0,False,False,,2026-03,2026Q1,2026-08,,False,Southern Ranges High Court,Southern,High
005179,02,Youth,2026-06-18,,Active,,False,,,False,True,75.0,2026-06,2026Q2,,0-3 months,False,Kauri Point District Court,Northern,District
005180,04,Criminal,2025-07-21,2026-01-23,Disposed,186.0,False,,186.0,False,False,,2025-07,2025Q3,2026-01,,False,Riverton District Court,Central,District
005181,09,Civil,2025-07-08,,Active,,False,,,False,True,420.0,2025-07,2025Q3,,12+ months,True,Southgate District Court,Southern,District
005182,01,Family,2024-12-07,2025-03-17,Disposed,100.0,False,,100.0,False,False,,2024-12,2024Q4,2025-03,,False,Northbridge District Court,Northern,District
005183,04,Civil,2025-07-31,2025-11-08,Disposed,100.0,False,,100.0,False,False,,2025-07,2025Q3,2025-11,,False,Riverton District Court,Central,District
005184,08,Criminal,2024-10-04,2025-01-31,Disposed,119.0,False,,119.0,False,False,,2024-10,2024Q4,2025-01,,False,Cape Lawson District Court,Eastern,District
005185,09,Youth,2025-11-14,2026-01-08,Disposed,55.0,False,,55.0,False,False,,2025-11,2025Q4,2026-01,,False,Southgate District Court,Southern,District
005186,06,Civil,2025-11-11,2026-01-26,Disposed,76.0,False,,76.0,False,False,,2025-11,2025Q4,2026-01,,False,Central Plains High Court,Central,High
005187,11,Civil,2024-10-27,2025-11-17,Disposed,386.0,False,,386.0,False,False,,2024-10,2024Q4,2025-11,,False,Southern Ranges High Court,Southern,High
005188,02,Civil,2024-08-02,2024-12-06,Disposed,126.0,False,,126.0,False,False,,2024-08,2024Q3,2024-12,,False,Kauri Point District Court,Northern,District
005189,03,Civil,2025-01-04,2025-07-07,Disposed,184.0,False,,184.0,False,False,,2025-01,2025Q1,2025-07,,False,Harbourview High Court,Northern,High
005190,07,Criminal,2026-02-26,,Active,,False,,,False,True,187.0,2026-02,2026Q1,,3-12 months,False,Eastfield District Court,Eastern,District
005191,11,Family,2025-07-10,2026-01-12,Disposed,186.0,False,,186.0,False,False,,2025-07,2025Q3,2026-01,,False,Southern Ranges High Court,Southern,High
005192,03,Family,2026-04-08,,Active,,False,,,False,True,146.0,2026-04,2026Q2,,3-12 months,False,Harbourview High Court,Northern,High
005193,10,Civil,2025-05-29,2025-11-02,Disposed,157.0,False,,157.0,False,False,,2025-05,2025Q2,2025-11,,False,Fernbay District Court,Southern,District
005194,12,Civil,2025-04-10,2025-07-25,Disposed,106.0,False,,106.0,False,False,,2025-04,2025Q2,2025-07,,False,Willow Creek District Court,Southern,District
005195,04,Family,2026-03-09,2026-08-27,Disposed,171.0,False,,171.0,False,False,,2026-03,2026Q1,2026-08,,False,Riverton District Court,Central,District
005196,06,Family,2024-08-07,2025-11-21,Disposed,471.0,False,,471.0,False,False,,2024-08,2024Q3,2025-11,,False,Central Plains High Court,Central,High
005197,09,Civil,2025-01-20,2025-08-07,Disposed,199.0,False,,199.0,False,False,,2025-01,2025Q1,2025-08,,False,Southgate District Court,Southern,District
005198,06,Youth,2025-04-20,2025-07-08,Disposed,79.0,False,,79.0,False,False,,2025-04,2025Q2,2025-07,,False,Central Plains High Court,Central,High
005199,09,Family,2024-12-16,2025-06-06,Disposed,172.0,False,,172.0,False,False,,2024-12,2024Q4,2025-06,,False,Southgate District Court,Southern,District
005200,12,Family,2025-10-15,2026-01-01,Disposed,78.0,False,,78.0,False,False,,2025-10,2025Q4,2026-01,,False,Willow Creek District Court,Southern,District
