case_id,court_id,case_type,filed_date,disposed_date,status,reported_days
002866,07, Family,22/08/2024,18/12/2024,Disposed,118
003338,02,CIVIL,02/05/2026,19/06/2026,Disposed,48
004781,07,CIVIL,22/10/2025,17/03/2026,Disposed,146
004486,04,FAMILY,04/03/2025,15/07/2026,DISPOSED,498
003797,07,Family Court,02/08/2025,05/06/2026,DISPOSED,307
002099,05,civil,20/02/2025,08/07/2025,Disposed,138
005150,08,Family Court,27/02/2026,,Active ,
003979,02,criminal,17/05/2025,18/08/2025,Disposed,93
004795,05,YOUTH,25/07/2024,26/10/2024,Disposed,93
005111,05,Civil,23/03/2026,,active,
004638,04,youth,02/04/2026,24/06/2026,DISPOSED,83
001538,12,CRIMINAL,02/01/2026,07/03/2026,DISPOSED,64
001083,03,Criminal,06/10/2025,23/11/2025,DISPOSED,48
004637,10,Criminal ,09/06/2026,16/08/2026,Disposed,68
001912,12,civil,28/02/2025,27/05/2025,DISPOSED,88
004430,08,Crim,26/05/2026,,Active,
002247,11,Criminal ,30/06/2025,17/12/2025,DISPOSED,170
003942,01,civil,16/09/2025,01/01/2026,Disposed,107
005005,03,CRIMINAL,22/05/2026,,ACTIVE,
004082,10,Youth,30/07/2024,06/10/2024,Disposed,68
002077,06,youth,24/06/2025,26/12/2025,DISPOSED,230
003052,09,Family,18/12/2025,01/03/2026,DISPOSED,73
002954,01, Family,24/02/2026,27/05/2026,DISPOSED,92
004517,11,Crim,26/08/2025,,Active ,
003815,09,Crim,23/04/2026,30/05/2026,DISPOSED,37
004520,04,criminal,19/07/2024,23/09/2024,DISPOSED,66
003546,04,Criminal,14/01/2025,20/02/2025,Disposed,37
003479,05,Family Court,16/12/2025,,Active,
001053,03,Crim,07/11/2024,02/03/2025,Disposed,115
001209,12, Civil,16/07/2025,,ACTIVE,
002535,05,criminal,11/12/2025,,active,
005143,05,CRIMINAL,25/07/2024,26/12/2024,DISPOSED,154
001298,01,civil,04/03/2025,11/08/2025,DISPOSED,160
001325,06, Civil,15/12/2024,26/02/2025,Disposed,73
002270,01,CIVIL,15/11/2024,19/02/2025,Disposed,96
002226,12,civil,21/04/2026,01/08/2026,disposed,102
004676,05, Family,29/06/2025,19/06/2026,disposed,355
004292,10,family,02/12/2025,07/05/2026,disposed,156
002935,11,civil,26/04/2026,,Active ,
003607,03,Fam,15/06/2026,,Active,
002475,02,Criminal ,25/09/2024,07/04/2025,Disposed,194
004118,05,Fam,05/02/2025,05/09/2025,disposed,212
001351,02,criminal,23/01/2026,17/02/2026,DISPOSED,25
005124,03,Youth ,29/05/2025,28/10/2025,disposed,152
001602,10,FAMILY,06/11/2025,20/01/2026,disposed, 75
001408,07,FAMILY,16/03/2026,,Active ,
004453,12,family,15/05/2025,26/09/2025,Disposed,134
003484,03,CRIMINAL,30/05/2026,,ACTIVE,
004620,06,criminal,26/02/2025,24/07/2026,DISPOSED,513
003183,12,youth,05/10/2025,08/11/2025,DISPOSED,34
004903,01,Criminal,29/03/2026,28/06/2026,disposed,91
002824,03,Civil,05/02/2025,03/04/2025,Disposed,57
003537,01,Crim,20/02/2025,09/05/2025,disposed,78
001657,05,Criminal ,27/07/2025,31/10/2025,disposed,96
002810,03,Family ,02/04/2025,,active,
004452,04,FAMILY,09/09/2025,22/02/2026,Disposed,166
003530,07,Family,05/02/2026,,ACTIVE,
002621,09,FAMILY,13/06/2025,16/08/2025,DISPOSED,64
002907,01,Criminal ,13/10/2025,27/12/2025,DISPOSED,75
003893,12,Civil,15/03/2026,26/07/2026,disposed,133
004048,10,Criminal,14/03/2026,26/06/2026,disposed,104
002421,03,Civil,17/06/2025,09/11/2025,Disposed,145
001561,12,Youth,16/04/2026,20/06/2026,disposed,N/A
002862,01,Youth,09/11/2024,08/12/2024,disposed,29
002232,09,Civil,11/01/2026,,ACTIVE,
001243,06,civil,04/06/2026,,ACTIVE,
001161,04, Civil,16/08/2024,01/05/2025,Disposed,N/A
004504,12,civil,05/03/2026,,Active,
003669,07,CIVIL,27/08/2024,05/01/2025,Disposed,131
004354,04,Crim,05/02/2026,28/06/2026,disposed,143
002719,07,Criminal ,07/04/2025,02/07/2025,disposed,86
002959,02,CRIMINAL,06/12/2025,09/03/2026,Disposed,93
002723,10,Criminal ,07/07/2024,03/12/2024,disposed,149
001505,03,Civil,17/07/2024,23/01/2025,disposed,-
002442,03,CRIMINAL,03/04/2026,12/05/2026,DISPOSED,39
001616,07,Family Court,10/08/2024,,Active,
004848,08,civil,22/10/2024,19/05/2025,Disposed,209
003407,10,Civil,24/01/2025,05/03/2025,disposed,40
004384,06,criminal,22/06/2025,21/01/2026,DISPOSED,213
004259,04, Civil,02/08/2024,06/07/2025,DISPOSED,338
001992,01,Fam,09/06/2025,,active,
004997,03, Family,13/12/2024,11/05/2026,disposed,514
004312,08,youth,04/12/2025,27/06/2026,disposed,205
004389,07,family,18/12/2025,02/04/2026,Disposed,105
001626,12,Crim,05/11/2025,07/02/2026,Disposed,94
001684,09,Crim,19/07/2025,13/10/2025,disposed,86
001268,06,family,19/01/2026,17/03/2026,disposed,57
003117,06,FAMILY,17/11/2024,09/11/2025,disposed,357
003846,02,criminal,29/04/2026,,Active,
003553,11,Family,05/03/2026,,active,
003891,11,YOUTH,23/06/2025,30/07/2025,Disposed,37
003954,01,YOUTH,04/11/2024,07/12/2024,DISPOSED,33
003139,11, Civil,18/11/2024,17/04/2025,DISPOSED,150
002197,05,Crim,11/10/2025,29/12/2025,DISPOSED,79
002921,01,CRIMINAL,23/12/2024,,active,
001819,08,criminal,29/04/2025,27/02/2026,DISPOSED,304
005000,02,Civil,10/03/2025,,Active,
001730,04,Criminal,21/07/2025,17/11/2025,disposed,119
004420,04,Youth ,28/07/2025,28/09/2025,disposed,62
002012,03,Yth,12/07/2024,24/10/2024,disposed,104
005177,02,Civil,01/10/2024,23/12/2024,disposed,83
003302,12,family,28/08/2025,14/11/2025,Disposed,78
002416,01,Family ,24/07/2024,28/09/2024,DISPOSED,66
004060,12,Yth,17/10/2024,21/11/2024,Disposed,35
003075,03,Criminal,18/12/2025,,Active,
004616,01,youth,25/12/2025,31/03/2026,DISPOSED,96
001358,11,Family ,23/09/2024,22/12/2024,disposed,90
002710,11,civil,02/03/2025,29/12/2025,DISPOSED,302
003247,09,civil,04/12/2024,03/09/2025,DISPOSED,273
002875,02,Crim,24/04/2026,,ACTIVE,
002951,04,Youth,07/12/2025,14/08/2026,disposed,250
003376,04,family,09/09/2025,,Active,
001054,04,Family Court,27/05/2026,,active,
004374,05,family,30/05/2026,,Active ,
004329,10,criminal,28/07/2025,,ACTIVE,
004125,10,civil,04/11/2025,17/02/2026,DISPOSED,N/A
004882,07, Civil,12/03/2026,,Active ,
001633,07, Family,08/06/2026,,active,
003977,08,YOUTH,19/10/2025,17/01/2026,Disposed,90
003517,11,youth,04/10/2024,10/01/2025,disposed,98
003747,05,criminal,18/12/2025,08/07/2026,disposed,202
005134,01,Criminal,25/01/2026,20/03/2026,Disposed,54
001659,06,Crim,15/11/2024,05/05/2025,DISPOSED,171
002033,09,Criminal ,04/10/2024,27/12/2024,DISPOSED,84
003121,11,family,28/07/2025,15/12/2025,DISPOSED,140
002382,04,Criminal,11/05/2026,23/07/2026,Disposed,73
004987,07, Civil,23/08/2024,10/01/2025,disposed,140
004187,10,Criminal ,09/02/2026,,active,
002461,09,civil,06/03/2026,,Active ,
003833,07,FAMILY,07/09/2025,01/06/2026,DISPOSED,267
003908,05,Crim,14/12/2025,14/08/2026,DISPOSED,243
003464,-,Family,13/05/2025,04/07/2025,Disposed,52
003772,04, Civil,24/08/2025,06/05/2026,disposed,255
001103,03, Civil,20/05/2026,,Active ,
003550,03,Criminal ,12/08/2025,17/10/2025,DISPOSED,66
002399,08,criminal,13/05/2026,11/08/2026,disposed,90
004829,02,Criminal,26/10/2025,19/06/2026,disposed,226
004536,09,CIVIL,03/10/2024,12/03/2025,DISPOSED,150
003856,07,criminal,28/05/2026,,active,
002712,07,Civil,26/09/2025,,Active,
001046,04,CRIMINAL,18/07/2024,19/08/2024,disposed,32
002026,04,CRIMINAL,23/01/2025,23/02/2025,disposed,31
002376,08,Civil,07/01/2025,02/08/2025,Disposed,207
002141,03, Civil,01/08/2025,20/04/2026,DISPOSED,262
001399,10,FAMILY,02/08/2024,25/03/2025,Disposed,235
002174,11,Civil,02/02/2026,,Active,
004631,09,Civil,14/09/2024,08/12/2024,Disposed,85
003370,10,Criminal ,07/06/2025,07/09/2025,disposed,92
004212,02,civil,25/10/2025,27/12/2025,disposed,63
004902,06,Family ,06/11/2024,26/06/2025,DISPOSED,232
002366,05,Fam,15/05/2026,,Active,
001329,06,CIVIL,04/07/2024,30/01/2025,disposed,210
004876,07,Criminal ,08/06/2025,20/10/2025,Disposed, 134
003436,12,family,10/11/2024,10/04/2025,Disposed,151
002986,02,FAMILY,27/07/2024,,Active,
002539,06,Crim,05/10/2025,24/04/2026,DISPOSED,201
002600,05,CRIMINAL,29/07/2024,04/03/2025,Disposed,218
001345,10,Crim,20/08/2024,13/02/2025,Disposed,177
002071,02,FAMILY,07/05/2025,17/01/2026,Disposed,255
001352,05,Crim,18/06/2026,,active,
003573,03, Civil,11/01/2026,30/03/2026,DISPOSED,78
003367,11, Civil,21/02/2025,31/07/2025,disposed,160
004785,12,Crim,23/10/2024,28/02/2025,DISPOSED,128
001250,04,Criminal ,12/11/2024,06/03/2025,Disposed,114
003006,04,CIVIL,18/05/2026,09/07/2026,disposed,52
004416,04,criminal,31/05/2026,,Active,
002709,01,Civil,16/12/2025,20/04/2026,DISPOSED,125
001542,09,civil,17/04/2025,06/10/2025,disposed,172
005053,04,Family,05/04/2026,28/08/2026,DISPOSED,145
005061,08,CIVIL,30/03/2025,03/07/2025,Disposed,95
004639,03, Civil,03/08/2025,01/02/2026,Disposed,182
003614,03,Criminal,20/04/2026,26/07/2026,disposed,97
003625,09,Youth,12/04/2025,15/06/2025,disposed,64
002199,08,family,26/10/2024,01/10/2025,Disposed,340
001160,08,Youth ,12/11/2025,05/03/2026,disposed,113
001824,08,Civil,02/06/2025,04/01/2026,DISPOSED,216
001116,05,CRIMINAL,21/08/2025,11/07/2025,Disposed,206
002864,02,Criminal,14/05/2025,19/07/2025,disposed,66
003811,03,Fam,28/12/2024,21/07/2025,disposed,205
004928,08,family,16/05/2025,13/09/2025,Disposed,120
003244,03,CRIMINAL,19/06/2026,,Active,
003011,02,Crim,20/10/2024,04/02/2025,DISPOSED,107
004629,01,Family Court,25/06/2026,,Active,
001420,09,youth,23/03/2025,15/06/2026,Disposed,449
001074,03,CIVIL,26/11/2024,12/04/2025,disposed,137
001058,09,Crim,24/10/2024,10/01/2025,Disposed,78
002059,09,FAMILY,03/05/2026,13/08/2026,Disposed,102
001225,03,Family ,02/02/2026,23/04/2026,Disposed,  80  
003632,05,Civil,19/05/2025,31/12/2025,DISPOSED,226
004515,08,Crim,16/01/2026,15/05/2026,Disposed,119
003600,09,criminal,31/01/2026,22/04/2026,disposed,81
004284,04,Civil,20/03/2025,22/04/2025,Disposed,33
005151,06,youth,11/01/2026,21/06/2026,disposed,161
001321,09,Criminal,08/03/2025,02/10/2025,DISPOSED,208
003655,06,Family Court,15/07/2024,06/01/2025,disposed,175
004122,09,CIVIL,24/02/2026,,Active,
001522,07,Civil,08/04/2025,05/06/2025,disposed,58
002359,06,Civil,05/02/2026,,active,
001637,03,Family,26/04/2026,,Active,
001735,12, Family,06/08/2024,22/12/2024,Disposed,138
004844,02,Fam,26/07/2025,24/02/2026,Disposed,213
003845,11,Yth,29/03/2026,02/06/2026,Disposed,65 
001364,06,Civil,19/02/2025,01/09/2025,disposed,194
004185,01,Criminal ,14/06/2025,04/08/2025,disposed,51
002373,09, Civil,15/05/2026,,Active ,
004244,09,Crim,10/05/2025,15/07/2025,disposed,66
003489,12,Criminal,19/06/2025,27/08/2025,DISPOSED,69
001703,02,Family,17/08/2025,,Active,
003196,04,FAMILY,25/02/2025,21/06/2025,Disposed,116
003794,06,Youth,09/09/2024,28/09/2025,disposed,384
001907,08,Civil,30/07/2025,30/06/2026,DISPOSED,335
003437,09,FAMILY,14/07/2024,07/04/2025,disposed,267
004798,03,Youth,01/01/2025,12/06/2025,disposed,162
005120,09,CIVIL,30/12/2025,17/02/2026,Disposed,49
003093,12,Yth,31/12/2025,07/02/2026,DISPOSED,38
003007,01,Youth,03/03/2025,22/04/2025,Disposed,50
002759,03,family,25/07/2025,,active,
001363,08,FAMILY,09/10/2024,,Active,
002827,04,Crim,30/03/2025,28/05/2025,DISPOSED,59
004735,09,Yth,02/03/2025,29/04/2025,Disposed,58
002845,07,Criminal,06/04/2026,13/07/2026,disposed,98
001989,09,civil,28/07/2024,29/10/2024,DISPOSED,93
004799,02,CIVIL,17/08/2024,26/11/2024,Disposed,101
001934,04,criminal,08/12/2025,15/02/2026,DISPOSED, 69
003756,01,family,17/04/2025,,Active,
004841,04,YOUTH,11/02/2025,21/04/2025,Disposed,69
001764,08,Civil,29/06/2025,05/02/2026,Disposed,221
001129,09, Family,12/11/2025,22/07/2026,disposed,252
002779,12,Civil,18/11/2024,26/04/2025,Disposed,159
002165,03, Family,05/01/2026,,Active ,
003132,02, Civil,19/07/2025,12/10/2025,disposed,85
003283,04,Fam,31/07/2025,22/09/2025,DISPOSED,53
002022,09,Criminal ,11/05/2025,10/12/2025,Disposed,213
002990,09,Family,30/06/2025,12/09/2025,disposed,74
002041,03,family,05/04/2025,31/07/2026,DISPOSED,-
001687,03,Criminal,30/06/2026,,Active ,
003365,04,Criminal,02/04/2025,14/10/2025,disposed,195
001559,04,FAMILY,25/11/2025,28/03/2026,disposed,123
004368,06,CRIMINAL,24/09/2025,05/02/2026,disposed,134
002683,03,civil,27/03/2026,,active,
002070,10,CRIMINAL,27/01/2026,11/06/2026,disposed,135
005169,02,Civil,15/11/2025,24/04/2026,disposed,160
004481,06,YOUTH,06/06/2025,15/07/2025,disposed,39
001112,06,Family ,20/05/2025,17/12/2025,Disposed,211
005162,02, Civil,06/06/2026,,ACTIVE,
001093,01,Family,09/05/2025,06/02/2026,DISPOSED,273
003761,04,Youth,31/05/2025,08/08/2025,DISPOSED,  69  
001904,06,civil,08/07/2025,31/12/2025,disposed,176
003508,04,civil,10/10/2025,03/01/2026,disposed,85
001427,05, Civil,05/03/2026,18/07/2026,disposed,135
003173,03,youth,17/09/2025,09/11/2025,DISPOSED,53
002850,01,Crim,19/09/2024,03/12/2024,DISPOSED,75
002639,03,Family ,06/03/2025,25/09/2025,disposed,203 
003572,11,FAMILY,16/02/2025,30/06/2025,DISPOSED,134
004666,05,FAMILY,01/07/2025,,Active ,
002622,09,Family ,17/09/2025,,active,
004069,07,Criminal ,01/11/2024,30/11/2024,disposed,29
001747,12,CIVIL,11/09/2024,10/03/2025,Disposed,180 
004440,06,Civil,10/12/2025,,ACTIVE,
003020,04,CIVIL,06/09/2024,30/09/2024,Disposed,24
004670,09,Youth ,12/06/2025,03/10/2025,DISPOSED,113
003120,04,Civil,22/04/2026,,ACTIVE,
001978,08,CRIMINAL,29/03/2025,22/11/2025,DISPOSED,238
003366,06,Youth,04/04/2025,23/06/2025,disposed,80
002502,05,Fam,02/02/2026,,Active,
003840,08,Family,28/01/2026,,Active ,
001417,06,Family,19/03/2026,,ACTIVE,
005002,03,Criminal,21/08/2025,10/12/2025,disposed,111
002055,11, Civil,06/10/2024,20/07/2025,Disposed,287
004887,06,CRIMINAL,18/08/2025,30/10/2025,DISPOSED,73
001491,02,CRIMINAL,23/10/2024,05/01/2025,DISPOSED,74
004606,06,criminal,17/11/2024,22/02/2025,disposed,97
001770,12,family,10/10/2025,,active,
002526,10,youth,22/06/2025,02/08/2025,disposed,41
001120,04,CIVIL,17/01/2025,25/07/2025,Disposed,189
002052,07,Fam,23/07/2024,13/11/2024,DISPOSED,113
004730,06,FAMILY,07/11/2024,02/09/2025,Disposed,299
004831,07,Crim,13/10/2024,30/01/2025,disposed,109
003984,01,Yth,30/11/2025,27/03/2026,disposed,117
001982,09,Civil,17/04/2025,02/07/2025,disposed,76
001371,07,Yth,17/06/2025,12/09/2025,DISPOSED,87
003044,08,CRIMINAL,18/09/2025,07/03/2026,DISPOSED,170
001916,06,CRIMINAL,18/12/2025,03/05/2026,Disposed,136
003410,08, Family,01/07/2025,22/01/2026,Disposed,205
002782,11,family,08/11/2025,08/03/2026,Disposed,120
001140,11,Civil,21/10/2024,30/12/2024,DISPOSED,70
003905,01,FAMILY,29/10/2024,03/03/2025,DISPOSED,125
004656,12,civil,22/10/2025,,Active,
003888,02,civil,20/03/2026,,Active ,
001149,11,family,12/02/2026,,ACTIVE,
001475,13,family,24/02/2025,19/03/2026,disposed,388
003731,01,Criminal ,07/08/2024,26/09/2024,disposed,50
001377,08,Civil,19/04/2025,14/09/2025,DISPOSED,148
004824,06,Criminal,05/02/2025,17/11/2025,DISPOSED,285
001756,02, Civil,09/02/2026,10/06/2026,disposed,121
001816,11,youth,19/03/2025,04/08/2025,DISPOSED,138
002422,04, Family,10/07/2024,30/08/2024,DISPOSED,51
001622,06,Civil,27/09/2025,13/02/2026,DISPOSED,139
003141,07,Civil,22/11/2024,21/02/2025,Disposed,91
004464,02, Civil,15/09/2024,16/12/2024,disposed,92
004539,12,Youth ,05/07/2025,13/10/2025,DISPOSED,100
004350,06,Crim,06/03/2026,,ACTIVE,
004592,03,CIVIL,13/02/2026,,ACTIVE,
002177,03,Civil,21/12/2025,,ACTIVE,
003065,06,Civil,22/11/2024,20/01/2025,DISPOSED,59
003795,09,YOUTH,11/05/2026,10/08/2026,Disposed,91
002612,09,Civil,17/10/2024,23/11/2024,Disposed,37
003140,01,criminal,20/11/2024,22/03/2025,DISPOSED,122
004602,05,Civil,17/07/2025,,Active ,
002346,10,criminal,30/09/2025,09/02/2026,disposed,132
004803,04,CIVIL,21/03/2026,18/07/2026,DISPOSED,119
004240,04,civil,19/12/2025,,ACTIVE,
001199,12,civil,24/04/2025,19/08/2025,disposed,117 
003304,07,Family Court,19/09/2024,19/12/2025,DISPOSED,456
003858,09,civil,14/10/2024,03/04/2025,DISPOSED,171
004336,08, Family,01/11/2024,08/01/2026,DISPOSED,433
004571,11, Civil,16/07/2024,19/10/2024,Disposed,95
001036,10,youth,16/08/2025,24/10/2025,DISPOSED,69
002289,05,FAMILY,15/10/2024,03/08/2025,DISPOSED,292 
002156,08, Civil,27/05/2026,,Active ,
002403,10,Crim,24/12/2025,03/04/2026,disposed,100
005071,10,Family ,12/10/2025,12/07/2026,disposed,273
004394,02,Family ,29/10/2025,04/06/2026,Disposed,-
004205,02,YOUTH,10/04/2025,15/05/2025,DISPOSED,35
004265,11,Fam,22/09/2024,16/12/2024,Disposed,85
004732,09,CRIMINAL,25/01/2026,19/04/2026,disposed,84
002589,04,criminal,18/10/2024,15/01/2025,disposed,89
001146,02,Criminal,31/07/2025,04/11/2025,Disposed,96
002573,12,CRIMINAL,08/02/2026,19/08/2026,Disposed,192
002932,08,Criminal ,20/03/2026,,Active,
004357,08,Crim,19/11/2024,22/01/2025,Disposed,64
005028,07,Youth,23/11/2024,22/04/2025,Disposed,150
005083,01,Fam,05/10/2025,02/03/2026,Disposed,148
001173,11,Civil,19/09/2025,18/03/2026,disposed,180
004419,01,civil,30/11/2024,13/04/2025,DISPOSED,134
002515,07,Criminal ,14/04/2026,,ACTIVE,
004182,12,CRIMINAL,31/10/2024,,Active ,
001310,03,civil,31/12/2025,,Active,
001721,03,Civil,10/07/2024,05/01/2025,disposed,179
001290,03,FAMILY,17/07/2024,02/03/2025,DISPOSED,228
001594,11,Youth ,08/02/2025,01/08/2025,DISPOSED, 174
005048,07,Family ,27/03/2025,26/11/2025,Disposed,244
004625,10,civil,22/07/2025,08/11/2025,disposed,109
002552,02,Family ,15/02/2026,28/03/2026,DISPOSED,41
001935,01,Youth,25/07/2024,14/09/2024,Disposed,51
003532,02,criminal,11/04/2025,04/05/2025,Disposed,23
003660,07,Criminal ,03/08/2024,28/07/2026,disposed,724
003336,03,Civil,24/11/2024,05/08/2025,Disposed,254
002631,08,YOUTH,25/10/2024,12/02/2025,disposed,110 
001535,05,family,23/06/2025,20/10/2025,Disposed,119
002755,07,YOUTH,04/03/2025,28/05/2025,disposed,85
004688,07,Family,02/10/2024,12/05/2025,Disposed,222
001081,01,Family Court,26/10/2024,26/11/2024,Disposed,31
003648,03,family,13/09/2025,,Active,
002111,03,FAMILY,25/02/2025,,active,
003285,10,Crim,09/06/2025,04/08/2025,DISPOSED,56
003322,07,youth,16/11/2024,17/06/2025,disposed,213
004219,07, Civil,16/03/2026,,ACTIVE,
002306,10,CIVIL,26/03/2026,,ACTIVE,
002640,06,FAMILY,16/03/2025,07/09/2025,DISPOSED,175
004387,10,Crim,09/05/2025,04/07/2025,DISPOSED,56
001015,02,Family ,16/10/2025,10/01/2026,DISPOSED, 86
001110,11,Fam,13/06/2026,,Active,
002051,09,Youth,01/08/2024,26/01/2025,disposed,178 
002565,10,YOUTH,31/01/2026,08/05/2026,Disposed,97
003887,12,Family ,12/05/2025,01/02/2026,disposed,265
001962,12,Yth,18/12/2025,07/03/2026,disposed,79
003303,11,CIVIL,05/09/2024,23/12/2024,disposed,  109  
003113,12,Yth,05/04/2025,23/05/2025,Disposed,48
004142,09,Civil,07/11/2024,27/12/2024,disposed,50
004034,08, Civil,17/10/2025,,Active ,
005180,04,Criminal ,21/07/2025,23/01/2026,disposed,  186  
002537,12,Family ,13/11/2025,29/06/2026,DISPOSED,228
003133,11,Family,06/12/2025,29/04/2026,Disposed,144
003796,08,Yth,04/07/2025,19/12/2025,DISPOSED,168
004681,11,Crim,24/07/2025,07/10/2025,disposed,75
003510,10,Fam,13/08/2025,17/02/2026,Disposed,188
004810,01,family,04/02/2025,28/03/2026,DISPOSED,417
001179,08,Family Court,27/06/2025,11/06/2026,disposed,349
001458,01,Civil,08/08/2024,07/12/2024,disposed,121
001999,05,FAMILY,19/11/2024,21/10/2025,disposed,336
003267,11,Crim,17/07/2024,17/12/2024,DISPOSED,153
002478,10,Fam,24/10/2025,08/04/2026,Disposed,166
004222,11, Civil,22/03/2025,05/05/2025,DISPOSED,34
004313,08,Civil,01/06/2026,,Active ,
005092,02,YOUTH,29/11/2024,07/01/2025,Disposed,39
004281,06,FAMILY,02/05/2025,,Active,
004322,12,Family ,07/01/2026,15/05/2026,DISPOSED,128
001304,04,Criminal,05/03/2026,,ACTIVE,
003663,02,Crim,03/09/2025,14/11/2025,disposed,72
001853,10,Civil,06/11/2024,,Active,
004740,01,Civil,22/10/2025,,ACTIVE,
001510,09,CIVIL,16/07/2024,,active,
002688,05,youth,05/09/2024,16/12/2024,disposed,102
002800,01,Criminal ,07/05/2025,,Active,
004659,03, Family,01/10/2024,17/05/2025,Disposed,228
002821,11,Family ,27/10/2025,,active,
002181,02,family,20/06/2026,,active,
001572,01,Family Court,06/08/2024,27/07/2025,DISPOSED,355
002123,03,Crim,13/10/2025,07/04/2026,DISPOSED,176
003284,05, Civil,27/06/2026,,ACTIVE,
003148,01,YOUTH,29/12/2024,,ACTIVE,
002348,06,Criminal,17/10/2025,22/03/2026,Disposed,156
004197,07,CIVIL,16/07/2024,11/10/2024,DISPOSED,87
001613,09, Civil,25/04/2026,,Active ,
002698,06,Criminal ,14/11/2024,23/05/2026,disposed,555
002448,06,CIVIL,21/07/2024,04/08/2025,DISPOSED,379
003519,11,Youth ,18/11/2024,27/02/2025,Disposed,101
001057,10,criminal,25/05/2025,09/01/2026,disposed,229
003309,12, Family,07/09/2025,11/05/2026,DISPOSED,246
002278,01,Crim,02/07/2024,15/09/2024,DISPOSED,75
003545,10, Civil,24/07/2024,29/03/2025,DISPOSED,248
001342,11,CIVIL,04/03/2026,14/05/2026,disposed,71
001651,12,CIVIL,24/02/2026,,ACTIVE,
004465,11,CRIMINAL,28/08/2024,27/11/2024,disposed, 91
004850,09,Family,13/06/2025,03/04/2026,DISPOSED,294
003850,12,family,30/04/2025,15/08/2025,DISPOSED,107
004298,10,Crim,22/06/2026,,Active ,
003363,02,civil,16/06/2026,,Active,
002460,07,civil,15/07/2025,06/11/2025,DISPOSED,114
002707,11,Family Court,24/02/2025,18/08/2025,DISPOSED,175
002048,11, Family,15/09/2025,12/01/2026,Disposed,119
002066,03,CRIMINAL,28/10/2024,03/01/2025,Disposed,67
003038,03, Family,21/05/2026,,Active ,
005033,02,Family,15/06/2026,07/08/2026,DISPOSED,53
001938,12,civil,27/01/2026,04/05/2026,Disposed,97
002559,07, Civil,01/08/2025,01/07/2026,DISPOSED,334
004305,12,CIVIL,07/06/2026,,ACTIVE,
003240,08,Family,11/01/2026,,active,
002065,06, Civil,24/09/2024,23/02/2025,Disposed,152
001389,10,Crim,18/12/2024,06/11/2025,Disposed,323
001280,09,CRIMINAL,12/01/2025,15/05/2025,Disposed,123
002519,12,civil,03/04/2025,21/11/2025,Disposed,232
002447,05,Youth,23/11/2025,23/04/2026,Disposed,151
004752,08, Family,20/11/2024,11/04/2025,Disposed,142
002440,01,CRIMINAL,14/11/2025,,active,
004642,05,Crim,09/05/2025,24/09/2025,Disposed,138
002685,06,Criminal ,27/05/2025,23/12/2025,Disposed,210
004698,05,criminal,02/08/2025,02/02/2026,DISPOSED,184
002576,05,Family ,01/12/2024,08/04/2025,disposed,128
004326,04,Family Court,23/04/2026,,ACTIVE,
003254,12,criminal,07/11/2025,,active,
001758,03,Family ,04/01/2025,03/10/2025,Disposed,272
002003,07,youth,07/08/2025,,ACTIVE,
004657,04,Criminal ,08/08/2025,19/12/2025,DISPOSED,133
002741,04,Family,22/10/2024,18/03/2025,disposed,147
003901,05,FAMILY,05/09/2025,01/05/2026,disposed,238
001969,10,Family Court,10/07/2025,12/08/2026,disposed,398
003689,07, Civil,21/04/2026,,Active ,
002783,03, Family,27/05/2026,,active,
002628,06,Family,24/09/2025,,Active ,
003257,01,Family,04/02/2025,18/09/2025,disposed,226
005104,06,CRIMINAL,30/11/2024,09/03/2025,disposed,99
003256,08,CIVIL,12/08/2025,09/05/2026,Disposed,270
001792,01,Youth ,11/11/2025,29/03/2026,disposed,138
001837,05,Fam,07/01/2025,,Active ,
004386,12,youth,03/11/2024,05/12/2024,Disposed,32
003323,02, Family,19/04/2025,23/07/2025,DISPOSED,95
003962,01,Criminal ,03/04/2026,23/08/2026,Disposed,142
002731,03,civil,26/03/2026,,active,
003941,01,YOUTH,20/05/2026,20/08/2026,DISPOSED,92
002614,06,FAMILY,10/11/2025,22/08/2026,Disposed,285
003821,10,Civil,24/04/2025,22/06/2025,disposed,59
001449,07, Civil,22/03/2025,10/09/2025,Disposed,172
001440,08,CIVIL,22/03/2026,,active,
001831,02,Criminal,13/09/2024,29/11/2024,disposed,77
003538,01,Crim,23/01/2026,10/07/2026,Disposed,168
005107,04,Youth,01/02/2025,19/04/2025,DISPOSED,77
004229,10,Crim,18/03/2026,14/05/2026,Disposed,57
002989,02,CRIMINAL,03/07/2024,20/12/2024,Disposed,170
001047,07,YOUTH,24/03/2026,20/05/2026,disposed,57
004202,08,CRIMINAL,27/11/2024,21/01/2025,disposed,55
001631,05,Criminal,08/06/2026,,Active,
001291,05,Youth ,01/10/2025,06/04/2026,disposed,187
001560,03,Youth,09/04/2025,25/04/2025,DISPOSED,16
001347,05,Criminal ,18/11/2025,,ACTIVE,
002091,06,criminal,26/10/2024,17/03/2025,Disposed,142
002758,04,Family,24/10/2024,06/09/2025,disposed,317
004279,11,Family ,28/08/2025,07/07/2026,Disposed,313
004165,10,Criminal,29/07/2024,,active,
003440,08,Crim,18/02/2026,,Active ,
001248,10,Yth,25/07/2025,08/10/2025,DISPOSED,75
003575,08,Criminal,09/08/2024,23/11/2024,DISPOSED,106
004713,10,Civil,30/12/2025,15/06/2026,disposed,167
001395,03,criminal,16/11/2024,03/06/2025,disposed,-
001400,09,Yth,28/03/2025,04/10/2025,disposed,190
002789,07,Family ,19/10/2024,,Active,
003771,08,Crim,17/11/2024,02/09/2025,Disposed,289
003549,10,civil,20/03/2026,,active,
004295,09,CRIMINAL,10/01/2026,11/05/2026,Disposed,121
003708,10,Family ,05/04/2025,03/08/2025,disposed,120
001415,11,Criminal,28/02/2026,12/05/2026,DISPOSED,73
001677,12,youth,17/09/2024,23/01/2025,DISPOSED,128
002426,10,Yth,22/06/2026,,Active ,
004030,10,criminal,14/12/2025,22/01/2026,DISPOSED,39
001095,05,CIVIL,07/09/2024,14/04/2025,DISPOSED,219
001135,07,criminal,10/06/2026,,ACTIVE,
003413,04,Family ,09/09/2025,08/06/2026,Disposed,272
002801,05,Family ,13/10/2024,20/05/2025,disposed,219
004734,07,family,29/10/2025,18/12/2025,DISPOSED,50
004408,12,CIVIL,02/01/2026,,Active,
001094,09,CIVIL,03/06/2026,,ACTIVE,
004141,11, Civil,02/10/2025,10/05/2026,disposed,220
001245,03,Family Court,29/06/2025,02/10/2025,disposed,95
002251,06,FAMILY,05/05/2026,,Active ,
002593,09,Fam,20/11/2025,,ACTIVE,
003176,11,youth,14/10/2025,12/12/2025,disposed,59
003857,07,Fam,09/05/2026,,Active ,
001434,03,Criminal ,05/04/2025,11/08/2025,DISPOSED,128
001123,01,FAMILY,27/08/2025,,Active,
003291,06,CRIMINAL,31/12/2024,24/05/2025,disposed,144
004075,07,Civil,13/07/2024,13/10/2025,disposed,457
002847,10,criminal,19/08/2024,22/09/2024,DISPOSED,34
004990,07,CIVIL,28/10/2025,22/02/2026,Disposed,117
004654,12,Criminal,15/04/2026,,Active,
002108,11,Youth,28/01/2025,10/05/2025,DISPOSED,102
003228,01,criminal,04/04/2025,02/07/2025,disposed,89
001368,08,youth,09/12/2024,18/03/2025,DISPOSED,99
001338,09,Civil,20/03/2026,08/08/2026,Disposed,141
003749,07,Criminal,28/10/2025,26/06/2026,DISPOSED,241
004079,07,YOUTH,08/02/2025,07/09/2025,Disposed,211
002104,12,Criminal ,16/08/2025,25/09/2025,DISPOSED,40
001230,05,Yth,24/03/2026,,Active,
004310,05,family,11/07/2025,,ACTIVE,
003717,11,Family Court,21/08/2024,14/03/2025,Disposed,205
003935,10,Crim,23/02/2026,15/07/2026,DISPOSED,142
002501,02,Family ,02/02/2026,19/08/2026,Disposed,198
003456,09,civil,13/11/2025,01/03/2026,DISPOSED,108
002695,01,CRIMINAL,13/04/2025,13/10/2025,disposed,183
005013,05,CRIMINAL,03/09/2025,,Active ,
001320,02,family,14/12/2024,24/08/2025,Disposed,253
003768,09,civil,26/11/2024,14/05/2025,disposed,169
003384,07,criminal,09/04/2025,29/10/2025,DISPOSED,203
002133,01,civil,22/05/2025,30/08/2025,Disposed,100
001356,06,Family,08/11/2024,13/06/2025,Disposed,217
001111,09,Civil,26/06/2026,,Active,
002726,02,Civil,26/07/2024,05/04/2025,disposed,253
001277,08,criminal,17/10/2025,31/08/2026,DISPOSED,318
004003,02,civil,02/08/2024,03/03/2025,DISPOSED,213
004946,06,Family Court,05/07/2025,11/12/2025,Disposed,159
001010,07,Youth,26/03/2026,,Active,
001595,05,youth,02/09/2025,27/10/2025,disposed,55
002262,11,civil,06/07/2024,03/11/2024,Disposed,120
003642,06,Family,15/10/2024,26/03/2025,disposed,162
004149,09,Civil,06/12/2025,08/06/2026,Disposed,184
002672,02,family,18/08/2025,10/10/2025,Disposed,53
003789,11,Criminal,26/11/2024,08/05/2025,DISPOSED,163
002045,01,Civil,04/11/2025,18/01/2026,DISPOSED,75
001244,07,CIVIL,13/02/2026,03/06/2026,Disposed,110
004130,09,criminal,16/09/2024,10/12/2024,Disposed,85
004058,11,Family Court,04/05/2025,24/08/2025,disposed,112
003716,09,Fam,21/11/2025,,ACTIVE,
001737,11, Family,25/01/2026,,Active ,
005056,05,YOUTH,19/03/2025,19/05/2025,DISPOSED,61
001382,10,Criminal,02/08/2025,18/09/2025,DISPOSED,47
001523,11,Yth,21/04/2025,11/05/2025,disposed,20
003947,08,criminal,03/02/2026,10/07/2026,Disposed,157
004755,08, Civil,06/08/2025,28/04/2026,disposed,265
004278,12,Civil,20/04/2025,11/07/2025,disposed,82
002372,08,family,18/07/2024,22/12/2024,disposed,157
004543,06,family,07/01/2026,06/07/2026,disposed,  180  
002649,08,Yth,16/04/2026,15/08/2026,disposed,121
002853,08,Youth,01/12/2024,13/09/2025,DISPOSED,286
004632,12,Criminal,09/09/2025,,Active,
001174,09, Civil,25/11/2025,,ACTIVE,
003236,04,Family,04/04/2026,,Active ,
001506,07,Family Court,07/04/2026,,Active ,
005078,09,youth,27/11/2024,03/02/2025,disposed,68
001821,09,Family,22/08/2024,07/12/2024,disposed,107
002952,10,Crim,25/09/2024,22/02/2025,disposed,150
001555,02,YOUTH,23/11/2024,21/01/2025,disposed,59
004564,09, Family,08/10/2025,27/03/2026,DISPOSED,170
003274,11,Youth ,10/11/2025,05/04/2026,Disposed,146
002223,08,FAMILY,09/05/2025,17/05/2026,DISPOSED,373
003737,10,Yth,19/11/2025,11/03/2026,Disposed,N/A
004558,07,Fam,06/08/2024,,ACTIVE,
002083,12,civil,03/11/2024,,active,
002146,03,Crim,27/12/2024,08/04/2025,DISPOSED,102
003076,06,Criminal ,24/02/2026,,ACTIVE,
001200,05,CIVIL,17/05/2025,29/10/2025,disposed,165
005137,02,Family,27/04/2026,30/08/2026,disposed,125
001397,11,criminal,05/02/2026,23/06/2026,Disposed,138
001309,11, Civil,23/10/2025,23/05/2026,Disposed,N/A
001020,05,FAMILY,28/07/2024,26/06/2025,DISPOSED,333
003172,10,CRIMINAL,20/07/2024,21/12/2024,disposed,154
002354,08,Family,28/08/2025,,ACTIVE,
002084,05,Family ,21/12/2024,30/10/2025,Disposed,313
004580,09,Criminal ,30/10/2024,02/12/2024,Disposed,33
001493,08,Civil,07/08/2024,,ACTIVE,
002370,07,Criminal ,24/06/2025,29/10/2025,DISPOSED,127
005060,06,Criminal,05/10/2024,01/02/2025,disposed,119
004588,09,youth,11/09/2024,07/11/2024,disposed,57
003214,07,YOUTH,15/10/2025,12/03/2026,disposed,148
001808,08,Yth,17/11/2025,,Active,
004485,01,family,09/04/2026,,active,
001891,09,YOUTH,07/02/2025,20/03/2025,disposed,41
004731,02,CIVIL,21/08/2025,05/02/2026,DISPOSED,168
001933,03,Crim,06/10/2024,11/02/2025,disposed,128
003030,04,family,30/03/2026,,active,
001830,02,Crim,05/09/2025,26/10/2025,disposed,51
003612,10,Criminal ,31/10/2024,28/01/2025,DISPOSED,89
003017,07,Criminal ,08/02/2025,17/06/2025,DISPOSED,129
001281,01,Yth,23/02/2026,10/04/2026,disposed,46
003450,11,FAMILY,22/09/2025,10/03/2026,disposed,169
003733,12,family,09/05/2026,06/08/2026,Disposed,89
004669,12,Yth,10/03/2026,08/07/2026,disposed,120
002939,07,Criminal ,07/01/2026,,Active,
002969,05,Crim,12/07/2024,06/04/2025,disposed,268
002604,01,civil,16/06/2026,,active,
004865,07,CIVIL,29/08/2025,30/03/2026,DISPOSED,213
002802,02,criminal,24/06/2025,06/09/2025,disposed,74
003894,12, Family,08/07/2024,13/03/2025,Disposed,248
001563,12, Family,01/09/2024,,ACTIVE,
003350,06,CRIMINAL,06/06/2025,17/10/2025,DISPOSED,133
003992,04,Fam,24/10/2025,03/03/2026,DISPOSED,130
001390,03,Youth ,25/12/2024,28/01/2025,DISPOSED,N/A
003640,12,CIVIL,14/02/2025,07/06/2025,disposed,113
001670,12,CRIMINAL,07/04/2025,16/10/2025,DISPOSED,192
004535,12,family,09/01/2026,30/05/2026,Disposed,141
002106,01,youth,31/07/2024,06/10/2024,DISPOSED,67 
005076,10,CRIMINAL,12/10/2024,17/11/2024,DISPOSED,36
001288,07,Civil,04/07/2024,05/12/2024,Disposed,154
004020,03,Crim,12/10/2025,13/07/2026,DISPOSED,274
001009,04,Criminal,30/11/2025,07/05/2026,DISPOSED,158
004560,05,Criminal,14/05/2026,,Active,
004557,03,civil,21/09/2025,13/03/2026,Disposed,173
004047,04, Civil,25/10/2025,05/02/2026,Disposed,  103  
004066,01,CRIMINAL,24/07/2025,03/01/2026,disposed,N/A
003830,07,Crim,25/02/2026,11/08/2026,DISPOSED,167
002851,02,Yth,10/02/2026,24/05/2026,disposed,103
002957,10,Youth,11/11/2025,19/05/2026,DISPOSED,189
002385,02,Family Court,26/08/2025,06/11/2025,Disposed,72
001322,11,Yth,24/08/2025,01/01/2026,Disposed,130
001285,06,Youth,04/04/2026,15/08/2026,disposed,133
004124,07,Family Court,10/03/2025,31/07/2025,DISPOSED,143
002858,11,Criminal ,21/05/2026,,ACTIVE,
003421,04,Fam,01/09/2024,15/03/2025,disposed,195
001508,09,Family,07/06/2025,28/02/2026,disposed,266 
002073,12,Fam,06/10/2025,,Active,
003643,10,CRIMINAL,04/05/2025,24/07/2025,DISPOSED,81
001448,07,family,24/03/2025,22/06/2025,Disposed,90
003841,03,YOUTH,21/04/2026,29/06/2026,disposed,69
002350,02,CIVIL,21/06/2025,25/08/2025,DISPOSED,65
003055,10,civil,04/09/2024,09/03/2025,disposed,186
001262,07,Youth ,18/12/2024,18/02/2025,disposed,62
002431,06,civil,27/11/2024,23/03/2025,DISPOSED,-
004717,01,criminal,09/05/2025,25/07/2025,DISPOSED,77
003466,04,YOUTH,23/03/2025,,Active,
001596,07,YOUTH,15/10/2025,24/07/2026,disposed,282
003428,03,CRIMINAL,22/07/2025,27/11/2025,disposed,128
001647,05,Criminal,05/02/2026,,Active,
004346,11,CIVIL,20/05/2026,,Active,
002596,04, Family,05/07/2024,21/10/2024,Disposed,108
003381,10,YOUTH,19/12/2024,07/02/2025,disposed,50
004738,04,Family Court,18/03/2025,01/04/2026,disposed,379
004306,10,Yth,09/02/2026,31/03/2026,DISPOSED,50
002124,11,Criminal,05/06/2025,20/09/2025,DISPOSED,107
003564,04,civil,24/01/2026,26/02/2026,Disposed,33
001048,08,CIVIL,09/08/2024,15/05/2025,Disposed,279
003192,01,CRIMINAL,07/06/2025,12/09/2025,disposed,97
004330,08,Crim,15/11/2025,01/08/2026,DISPOSED,259
004733,12, Family,14/04/2025,13/07/2025,Disposed,90
002139,12,Criminal,26/04/2026,27/06/2026,Disposed,62
002653,03,criminal,04/11/2025,28/03/2026,Disposed,144
002812,06,CRIMINAL,04/02/2025,10/06/2025,Disposed,126
004924,01,Youth ,23/11/2025,14/03/2026,disposed,111
001556,01,family,12/05/2026,,ACTIVE,
003060,05,Fam,24/05/2025,20/08/2025,DISPOSED,88
003205,05,civil,15/08/2025,,ACTIVE,
001229,04,youth,24/11/2025,11/02/2026,disposed,79
004873,07,family,03/08/2025,,Active,
003718,05,Civil,22/10/2024,04/01/2025,disposed,74
003562,06,criminal,11/05/2026,,Active,
004131,05,civil,28/04/2026,,ACTIVE,
005171,12,Youth ,06/10/2025,27/12/2025,DISPOSED,82
005046,08,Criminal,19/06/2026,,Active,
003651,11,Crim,25/10/2025,08/12/2025,disposed,44
002746,99,CIVIL,05/01/2025,12/06/2025,DISPOSED,158
001753,07,Criminal ,20/05/2026,,Active ,
002402,04,Family Court,05/10/2025,05/03/2026,disposed,151
003242,03,CIVIL,17/03/2025,12/11/2025,Disposed,240
003216,03,CIVIL,01/06/2025,28/07/2025,Disposed,57
002004,03,CRIMINAL,12/03/2025,06/05/2025,Disposed,55
004855,02,Crim,24/09/2024,02/11/2024,Disposed,39
004967,07,Civil,27/05/2025,22/10/2025,DISPOSED,148
004820,10,YOUTH,12/07/2025,15/11/2025,Disposed,126
002029,10,civil,06/09/2024,04/12/2024,Disposed,89
002660,11,Criminal ,15/04/2026,,ACTIVE,
004653,12,Criminal ,24/04/2025,30/10/2025,disposed,189
001849,09,Youth,07/09/2025,10/03/2026,DISPOSED,184
001961,05,civil,29/03/2026,,Active,
002668,04,Criminal ,10/11/2025,21/02/2026,DISPOSED,103
003391,08,civil,08/10/2025,23/08/2026,DISPOSED,319
002929,04,Yth,29/05/2026,02/08/2026,disposed,65
005132,04,CRIMINAL,18/11/2025,,active,
001679,07, Civil,04/09/2024,19/03/2025,Disposed,196
002476,01,Criminal,16/10/2025,09/01/2026,DISPOSED,85
005021,12,Crim,19/03/2026,05/08/2026,DISPOSED,139
001059,10,family,21/10/2024,06/03/2025,disposed,136
003142,09,Crim,03/11/2024,30/03/2025,disposed,147
004492,09,Criminal,04/11/2025,25/01/2026,disposed,82
001646,02,Criminal ,29/08/2025,30/11/2025,DISPOSED,93
001482,10,Family Court,08/11/2024,27/12/2024,Disposed,49
001214,12,criminal,18/04/2026,03/06/2026,DISPOSED,46
001825,03,Criminal ,11/12/2025,27/01/2026,disposed,47
003106,12,criminal,12/12/2024,20/02/2025,DISPOSED,70
004604,02,criminal,08/03/2025,21/07/2025,disposed,135
001530,10,Criminal ,21/06/2026,,Active,
004597,10,Family,12/04/2025,29/07/2025,Disposed,108
004004,08,criminal,24/02/2026,,Active ,
001951,11,CIVIL,21/08/2025,11/03/2026,Disposed,202
002748,01,Yth,01/05/2026,11/08/2026,Disposed,102
001532,05, Civil,04/04/2025,15/07/2026,disposed,467
004355,11,civil,17/02/2026,,ACTIVE,
005082,06, Civil,06/07/2025,09/03/2026,DISPOSED,246
002093,07,CIVIL,05/10/2024,11/01/2025,disposed,98
004917,11,FAMILY,10/09/2025,13/07/2026,disposed,306
004157,08,Fam,08/08/2024,24/02/2026,disposed,565
004145,09,CIVIL,19/02/2026,17/05/2026,DISPOSED,87
002269,14,FAMILY,16/11/2025,,Active,
003602,08,YOUTH,29/05/2025,17/10/2025,Disposed,-
003563,01,Criminal,26/04/2026,16/07/2026,disposed,81
001203,10,Family ,20/09/2024,06/03/2025,disposed,167
002002,03,Crim,03/02/2025,19/05/2025,Disposed,105
001800,05,CIVIL,02/06/2026,,Active ,
002443,01, Family,13/09/2024,07/07/2025,DISPOSED,267
002732,09, Civil,26/08/2025,21/01/2026,DISPOSED,148
001719,07, Civil,11/04/2025,11/09/2025,disposed,153
003340,07,youth,15/02/2026,17/04/2026,disposed,61
001319,12,YOUTH,09/10/2025,11/01/2026,disposed,94
001852,10,YOUTH,04/03/2026,25/04/2026,DISPOSED,52
001953,11,Criminal ,22/07/2024,12/11/2024,DISPOSED,113
002572,06,criminal,16/05/2025,03/09/2025,disposed,110
003515,02,Criminal ,14/09/2025,28/10/2025,Disposed,44
001276,02,civil,29/10/2024,18/02/2025,DISPOSED,112
001092,09,CRIMINAL,16/04/2026,30/07/2026,DISPOSED,105
001648,10,Family ,12/07/2025,17/04/2026,DISPOSED,279
002008,11,Civil,01/03/2026,,active,
002340,01,Crim,21/03/2026,26/06/2026,disposed,97 
003844,07,FAMILY,12/04/2026,,Active,
004780,01,Criminal,03/09/2024,01/10/2024,Disposed,28
001877,12,CRIMINAL,20/08/2024,16/01/2025,disposed,149
003034,08,Fam,08/07/2024,20/10/2024,DISPOSED,104
004370,01,Criminal ,26/04/2025,17/12/2025,disposed,235
003279,03,Civil,27/03/2026,,Active,
004338,09,civil,14/02/2026,23/06/2026,DISPOSED,129
002047,01,civil,07/03/2025,05/05/2025,Disposed,59
004781,07,CIVIL,22/10/2025,17/03/2026,Disposed,146
002616,02,YOUTH,17/09/2024,04/02/2025,Disposed,140
003854,02,Civil,10/09/2025,30/12/2025,DISPOSED,111
003451,03,civil,25/01/2026,07/05/2026,disposed,102
002924,10,Family,25/02/2026,,Active ,
004615,07,civil,08/02/2025,12/02/2026,DISPOSED,369
002897,06,civil,09/04/2026,27/06/2026,disposed,79
002891,04, Civil,23/10/2025,23/12/2025,DISPOSED,61
003490,11,civil,07/05/2026,,Active ,
004822,07, Civil,07/05/2025,05/08/2025,DISPOSED,90
002331,05, Civil,03/07/2024,13/10/2024,disposed,102
003909,04,criminal,05/09/2024,21/03/2025,disposed,197
004706,05,youth,21/03/2025,14/06/2025,disposed,85
003825,11,YOUTH,14/08/2024,11/10/2024,disposed,58
003457,04,Criminal ,07/10/2024,11/01/2025,Disposed,96
002854,07,Criminal ,19/06/2026,,Active,
005128,04,Civil,27/07/2025,28/10/2025,disposed,93
002790,02, Civil,01/04/2025,03/09/2025,disposed,155
004598,01,Family Court,28/06/2026,,active,
004210,06,Civil,11/03/2025,12/05/2025,Disposed,62
001097,09,family,12/01/2025,22/10/2025,Disposed,283
004016,05, Civil,20/04/2025,,Active ,
003882,04,Youth ,06/02/2026,21/03/2026,Disposed,43
001032,03,family,17/02/2026,16/07/2026,Disposed,149
001873,05,CIVIL,02/03/2026,,Active ,
005110,07,civil,01/10/2024,09/01/2025,DISPOSED,100
002163,07,criminal,06/02/2026,03/05/2026,DISPOSED,86
002206,08,Crim,13/03/2025,14/09/2025,disposed,185
002562,08,family,10/04/2025,21/09/2025,disposed,164
004875,02,Criminal ,17/02/2025,17/04/2025,disposed,-
002947,04,youth,05/07/2024,,Active ,
002828,07,Youth,06/09/2024,22/10/2024,Disposed,46
002580,01,Civil,09/09/2024,13/12/2024,DISPOSED,95
004404,12,criminal,10/03/2025,07/06/2025,Disposed,89
002249,06,criminal,23/12/2025,,Active ,
002667,11,CRIMINAL,07/04/2026,03/07/2026,disposed,87
001022,11,CIVIL,22/03/2026,07/06/2026,Disposed,77
002429,02,CRIMINAL,03/09/2024,08/03/2025,disposed,186
001690,11,Fam,25/10/2025,05/05/2026,DISPOSED,192
002704,08,Family Court,15/02/2026,,active,
002389,07,Criminal ,28/10/2024,18/02/2025,Disposed,113
005189,03,civil,04/01/2025,07/07/2025,DISPOSED,184
001106,09,Civil,18/08/2024,14/04/2025,DISPOSED,239
005103,07,YOUTH,30/09/2024,20/10/2024,disposed,20
003411,10,Criminal,26/09/2025,09/12/2025,disposed,74
002899,07,Criminal ,21/10/2025,25/02/2026,disposed,127
004132,09,YOUTH,28/09/2025,23/12/2025,DISPOSED,86
003286,07,Family ,02/10/2024,25/02/2025,DISPOSED,146
003373,05, Civil,17/07/2025,03/11/2025,DISPOSED,109
001879,06,Youth ,17/12/2025,,ACTIVE,
003374,10,Fam,20/09/2025,28/05/2026,disposed,250
003808,02,Criminal ,02/11/2024,28/01/2025,DISPOSED,87
004168,04,Criminal,12/08/2025,06/03/2026,DISPOSED,206
002879,05,CRIMINAL,13/03/2026,20/07/2026,Disposed,129
004025,05,CRIMINAL,25/10/2025,05/02/2026,disposed,103
004827,10,criminal,29/09/2024,26/10/2024,Disposed,27
005191,11,Family,10/07/2025,12/01/2026,DISPOSED,186
001742,04, Family,01/07/2025,30/01/2026,Disposed,213
003622,09,Criminal ,06/02/2025,15/07/2025,disposed,159
003930,06, Civil,17/11/2025,14/05/2026,DISPOSED,178
004343,08, Family,04/04/2025,08/11/2025,DISPOSED,218
002647,11,Civil,04/01/2026,03/06/2026,disposed,150
003680,08,CRIMINAL,25/03/2026,,Active ,
001599,08, Civil,27/07/2024,29/09/2024,disposed,64
004055,02,family,03/05/2026,,Active ,
003195,06,Family,12/02/2026,,Active,
002419,06, Civil,25/05/2026,,Active,
003582,01,family,17/09/2024,09/11/2024,DISPOSED,53
003383,04,Criminal ,15/02/2026,17/08/2026,disposed,183
002804,11, Civil,30/05/2025,18/11/2025,disposed,172
001767,12, Family,15/09/2025,14/05/2026,DISPOSED,241
002794,04,family,25/05/2026,,active,
004576,03,Family ,23/10/2024,12/01/2026,Disposed,-
001246,10,Criminal ,05/04/2025,02/08/2025,Disposed,119
004965,03,Fam,29/03/2026,31/08/2026,Disposed,155
005102,07,Youth ,23/02/2025,03/04/2025,Disposed,39
003107,02,Criminal,27/07/2025,22/02/2026,DISPOSED,  210  
004015,05,CIVIL,07/03/2026,,Active ,
004100,04,Yth,16/11/2025,14/02/2026,Disposed,90
004529,12,Family,15/02/2025,14/05/2025,DISPOSED,88
004442,02,civil,17/04/2025,04/07/2025,Disposed,78
004258,07,criminal,30/04/2025,29/09/2025,Disposed,152
001558,07,CRIMINAL,03/08/2024,03/11/2024,disposed,92
004954,12,Family Court,17/01/2025,11/07/2025,Disposed,175
005097,06,CIVIL,23/07/2024,03/03/2025,disposed,223
004613,09,civil,07/10/2024,14/04/2025,Disposed,189
004566,08,FAMILY,02/06/2025,16/04/2026,DISPOSED,318
004490,07,Fam,07/04/2026,,Active,
001859,01,Crim,28/07/2024,02/12/2024,DISPOSED,127
003013,07, Family,12/02/2026,23/05/2026,disposed,100
004477,04,Criminal,06/12/2024,,Active ,
002602,10,civil,18/01/2026,,ACTIVE,
003343,02,Family,26/10/2024,12/10/2025,DISPOSED,351
004148,02,Fam,14/09/2024,23/02/2025,DISPOSED,162
003715,07,Family Court,18/08/2024,23/01/2025,DISPOSED,158
001802,02,Family ,22/07/2024,25/10/2024,DISPOSED,95
001432,12,criminal,25/09/2025,20/01/2026,DISPOSED,117
003698,01,Family,06/01/2025,,ACTIVE,
004261,08,Fam,05/05/2026,,active,
001485,12,Family ,11/07/2024,18/09/2024,Disposed,69
002254,08,youth,27/02/2025,26/04/2025,disposed,58
001133,07,CIVIL,10/12/2024,21/08/2025,DISPOSED,254
002464,01,CRIMINAL,19/07/2025,22/10/2025,disposed,95
003137,07,Civil,20/10/2025,16/02/2026,DISPOSED,119
001374,12,Youth,07/02/2026,19/03/2026,disposed,40
001125,04,criminal,03/07/2025,,Active,
003487,12,Criminal ,04/10/2024,26/11/2024,disposed,N/A
002573,12,CRIMINAL,08/02/2026,19/08/2026,Disposed,192
001470,09,YOUTH,20/06/2026,,ACTIVE,
002349,08, Civil,13/06/2025,31/05/2026,disposed,352
004111,02, Civil,30/07/2025,22/02/2026,DISPOSED,207
002841,11,Family,22/04/2026,,ACTIVE,
001875,04,Fam,12/06/2026,,active,
002154,06,civil,03/04/2025,28/08/2025,DISPOSED,147
003863,01,Family,15/07/2024,30/07/2025,DISPOSED,380
002912,06,Youth ,06/09/2024,,active,
003851,01,Crim,13/05/2025,04/12/2025,DISPOSED,205
005131,08,Criminal ,13/04/2026,,Active ,
003541,12,Family,21/05/2025,16/03/2026,DISPOSED,299
001393,08,criminal,07/04/2025,18/06/2026,DISPOSED,437
003386,11, Civil,21/11/2024,13/05/2025,disposed,173
002524,11,Criminal,06/07/2024,11/09/2024,DISPOSED,67
002388,01,CIVIL,06/05/2026,,ACTIVE,
002895,06,civil,12/10/2024,10/02/2025,disposed,121
003741,02,CRIMINAL,30/08/2024,01/02/2025,Disposed,155
004607,04,Criminal ,22/04/2026,01/09/2026,Disposed,132
002960,05,CRIMINAL,26/06/2026,,Active ,
001181,04, Civil,23/07/2024,03/02/2025,Disposed,195
001080,07, Family,11/08/2025,26/05/2026,Disposed,288
004563,08,Youth,06/08/2025,04/04/2026,disposed,241
004239,08,Criminal ,01/05/2026,,Active,
003618,12,Youth,14/04/2026,14/08/2026,Disposed,122
003114,12,youth,11/05/2026,,active,
004178,09,Family ,09/11/2024,21/02/2025,DISPOSED,104
001680,02,Criminal,13/05/2025,26/06/2025,DISPOSED,44
004759,04,CIVIL,02/11/2024,,active,
004815,08, Family,12/02/2025,05/08/2025,DISPOSED,174
003232,09,Fam,27/12/2025,20/05/2026,Disposed,144
002605,06,youth,03/03/2026,09/07/2026,Disposed,128
001863,07,CRIMINAL,23/09/2024,,active,
002999,10,CRIMINAL,28/09/2024,10/06/2025,disposed,255
003781,01,family,20/10/2024,07/06/2026,Disposed,595
005044,07,civil,19/02/2025,08/10/2025,disposed,231 
001300,03,civil,03/10/2025,,Active,
002762,07,Family ,13/12/2025,,ACTIVE,
002303,06,youth,13/10/2025,18/12/2025,Disposed,66
002536,02,CRIMINAL,23/07/2025,21/11/2025,disposed,121
004825,03,Yth,12/05/2025,27/08/2025,Disposed,107
002182,09,Civil,03/11/2025,,active,
001017,06,family,09/02/2025,11/07/2025,Disposed,152
004872,10,criminal,22/09/2024,05/12/2024,Disposed,74
002765,12,Civil,18/03/2026,30/07/2026,disposed,134
003765,07,CRIMINAL,10/06/2026,,Active ,
001918,06,civil,13/11/2025,21/01/2026,DISPOSED,69
003584,06,Civil,13/03/2026,,active,
001021,07,Criminal,25/11/2025,18/08/2026,Disposed,266
002720,06,Crim,15/10/2024,15/05/2025,DISPOSED,212
002740,02,family,23/05/2025,07/08/2025,disposed,46
001275,08,CRIMINAL,11/11/2025,13/03/2026,DISPOSED,122
003726,02,Family ,17/07/2024,14/10/2024,Disposed,89
001102,11,Civil,05/12/2024,07/02/2025,DISPOSED,64
003824,04,Criminal ,15/07/2024,08/01/2025,disposed,177
004500,01,Civil,08/11/2025,10/12/2025,DISPOSED,32
002949,03,Civil,26/04/2025,11/01/2026,Disposed,260
004779,05, Family,13/08/2025,17/05/2026,disposed,277
002523,02,Criminal,28/11/2024,04/03/2025,DISPOSED,96
002455,02,CRIMINAL,05/12/2024,31/05/2025,Disposed,177
004171,10, Civil,06/09/2024,17/11/2024,Disposed,72
003836,10,Family Court,09/10/2025,05/07/2026,disposed,269
001372,02,Civil,28/10/2025,21/02/2026,DISPOSED,116
003262,05,civil,23/06/2026,,active,
003375,06,Civil,16/11/2025,14/03/2026,Disposed,118
004647,11,Civil,30/11/2025,26/04/2026,disposed,147
002308,02,youth,15/04/2025,16/06/2025,disposed,62
004407,09,Criminal ,05/02/2026,26/07/2026,disposed,171
002118,08,Family Court,27/04/2026,,Active,
003847,10,FAMILY,13/08/2025,15/10/2025,Disposed,63
001502,09,YOUTH,14/06/2026,14/07/2026,Disposed,30
003293,06,Fam,18/11/2025,01/03/2026,disposed,103
004973,07,Family,17/06/2026,,Active,
004303,01,CRIMINAL,08/03/2025,28/07/2025,DISPOSED, 142
003036,12,Crim,19/02/2026,22/06/2026,disposed,123
002053,07,Criminal,11/03/2026,,Active ,
003149,05,Civil,20/11/2025,19/07/2026,DISPOSED,241
004549,08,Civil,16/08/2025,10/07/2026,DISPOSED, 328
001118,07,Crim,02/01/2025,24/04/2025,DISPOSED,112
001183,12,criminal,14/04/2026,09/07/2026,disposed,86
003156,01,CRIMINAL,23/02/2025,15/05/2025,Disposed,81
004315,07,Civil,06/02/2026,,active,
002298,11,FAMILY,23/01/2026,07/05/2026,DISPOSED,104
002846,01,civil,07/12/2025,21/03/2026,Disposed,104
003334,12,Youth,08/08/2025,30/09/2025,disposed,53
002275,01,criminal,12/09/2024,07/02/2025,DISPOSED,148
002231,01,criminal,25/07/2025,02/05/2026,Disposed,281
001433,09,Family ,24/11/2024,16/06/2025,disposed,204
001386,11,CRIMINAL,27/10/2024,,Active,
005022,05,Civil,11/02/2025,28/07/2025,disposed,167
004823,04,Criminal ,02/08/2024,,Active ,
003695,11,Civil,27/09/2025,10/07/2026,DISPOSED,286
001258,12,FAMILY,25/12/2025,28/03/2026,disposed,93
002140,07,YOUTH,08/09/2024,01/12/2024,disposed,84
003170,04,CIVIL,11/09/2025,22/12/2025,Disposed,102
002623,10,Civil,24/10/2025,16/03/2026,disposed,143
004704,09,Criminal ,18/12/2024,15/02/2025,Disposed,59
004968,08,Fam,23/10/2024,21/10/2025,DISPOSED,363
002530,10,family,13/12/2024,19/05/2025,Disposed,157
004905,14,criminal,23/06/2026,,Active,
001177,04,Criminal,06/10/2024,07/01/2025,Disposed,93
003866,10,Civil,12/09/2025,,Active ,
003792,04,YOUTH,26/07/2024,24/09/2024,Disposed,60
003401,02,Yth,29/04/2026,,Active ,
004484,02, Civil,06/08/2025,05/01/2026,disposed,152
004982,04,Criminal ,20/09/2024,06/07/2025,Disposed,289
001785,06,Fam,30/05/2026,,ACTIVE,
004392,03,Civil,17/10/2025,05/04/2026,disposed,170
001267,03,CRIMINAL,01/02/2026,,active,
003197,03, Family,17/03/2026,30/08/2026,Disposed,166
004909,01,civil,13/03/2025,13/05/2025,disposed,61
003896,03,Crim,16/02/2026,27/04/2026,Disposed,70
003493,04,Youth,26/02/2026,20/04/2026,Disposed,53
002042,09,CRIMINAL,24/04/2026,18/08/2026,disposed,116
002178,12,Criminal ,28/08/2024,16/03/2025,DISPOSED,200
002619,08,Criminal ,17/07/2024,13/09/2024,disposed,28
001072,02,youth,23/02/2025,28/05/2025,disposed,94
002521,11,Criminal ,09/06/2026,10/08/2026,disposed,62
003578,05,Family Court,09/09/2024,03/08/2025,disposed,328
003447,01,CIVIL,15/09/2025,17/12/2025,DISPOSED,93
001669,01,Criminal ,16/08/2025,20/07/2026,disposed,338
003585,03,Criminal,18/06/2026,,ACTIVE,
002097,06,Civil,15/03/2026,04/07/2026,Disposed,111
002676,01,Criminal ,01/06/2025,09/08/2025,DISPOSED,69
001455,10,Fam,26/04/2025,,Active,
001624,01,youth,29/11/2025,26/01/2026,Disposed,58
002603,01,criminal,09/08/2024,,Active,
003691,01,Criminal ,22/08/2025,26/11/2025,DISPOSED,-
002268,06,Criminal,01/02/2025,02/07/2025,disposed,151
001337,05,family,17/05/2026,11/07/2026,Disposed,55
003308,06,Youth,22/04/2026,07/07/2026,Disposed,76
002777,08,Yth,19/07/2024,17/10/2024,Disposed,90
001122,09,Criminal ,18/05/2025,18/07/2025,disposed,61
004522,05,CIVIL,13/05/2025,27/11/2025,disposed,198
002214,11,Youth ,20/05/2025,13/09/2025,Disposed,116
004502,10,family,15/11/2024,16/07/2025,disposed,243
003913,01,Criminal,15/04/2025,21/06/2025,DISPOSED,67
003782,05,CRIMINAL,10/10/2024,03/02/2026,Disposed,481
003438,03,CRIMINAL,13/05/2025,31/12/2025,Disposed,232
002113,12, Civil,28/06/2026,,active,
003919,06,FAMILY,04/05/2025,03/10/2025,disposed,152
002597,10,CIVIL,11/01/2025,03/07/2025,disposed,173
002136,06,CIVIL,02/02/2025,26/05/2025,DISPOSED,113
004763,09,Family,03/04/2026,,active,
004175,03,Criminal ,22/08/2024,15/12/2024,Disposed,115
004353,06,Criminal ,05/08/2024,15/03/2025,disposed,222
005050,09, Civil,09/06/2025,21/10/2025,Disposed,134
003191,07,Fam,27/12/2025,,Active,
002643,04,civil,13/04/2026,06/07/2026,Disposed,84
004636,03,Criminal ,24/06/2025,,Active,
002534,07,CRIMINAL,09/04/2025,10/09/2025,disposed,154
003604,12,civil,20/10/2025,22/06/2026,disposed,245
002971,02, Family,31/05/2025,19/11/2025,DISPOSED,172
001413,05, Family,24/06/2025,02/11/2025,Disposed,131
004138,10,Criminal ,05/09/2024,26/07/2024,disposed,133
001033,10,CIVIL,19/06/2025,19/08/2025,DISPOSED,61
003389,10,CRIMINAL,26/08/2024,02/11/2024,Disposed,68
003079,05,Crim,02/01/2026,,Active,
003928,12,Crim,14/10/2024,13/01/2025,Disposed,91
004236,11,criminal,04/07/2024,14/08/2024,DISPOSED,41
003502,05,CRIMINAL,23/11/2024,08/03/2025,disposed,N/A
003883,05,Family ,26/03/2026,28/07/2026,Disposed,124
004943,08,Criminal,03/09/2024,25/01/2025,disposed,144
001056,07,civil,08/04/2025,14/06/2026,Disposed,432
005015,11, Family,11/06/2025,04/06/2026,Disposed,358
004919,05,criminal,17/02/2026,19/06/2026,Disposed,122
003203,01,Family,07/07/2025,30/04/2026,disposed,297
003483,08,Crim,19/04/2026,,ACTIVE,
001867,05,Youth ,11/08/2025,12/02/2026,disposed,185
002767,08,Yth,19/06/2026,,Active,
004646,07,CIVIL,19/10/2024,30/12/2024,disposed,72 
002809,12,Criminal ,01/02/2025,31/05/2025,DISPOSED,119
001722,10,Family ,21/11/2024,26/01/2025,disposed,66
002826,11,Criminal,23/05/2026,,active,
004866,07,CRIMINAL,15/02/2026,,Active ,
002982,04,Crim,02/10/2025,02/06/2026,DISPOSED,243
002733,12, Civil,13/07/2025,04/02/2026,Disposed,206
002341,07,Criminal,27/07/2025,17/11/2025,Disposed,113
004552,06,Crim,23/04/2026,,Active,
003997,03,Crim,25/09/2024,26/03/2025,Disposed,182
002527,06,YOUTH,11/07/2024,20/11/2024,Disposed,132
001119,06,Criminal,06/11/2024,20/12/2024,Disposed,44
004649,07, Civil,03/06/2026,,ACTIVE,
004686,10,Yth,22/05/2025,09/09/2025,Disposed,110
003574,09,Criminal,25/08/2024,28/01/2025,disposed,156
003664,08,Yth,27/09/2024,29/07/2024,DISPOSED,132
002381,04, Family,09/11/2025,26/02/2026,Disposed,109
001604,12, Civil,30/01/2025,21/06/2025,Disposed,142
002697,07,criminal,10/05/2025,16/02/2026,disposed,282
002510,02,Criminal,15/07/2024,19/05/2024,Disposed,109
004849,02,civil,28/03/2026,29/06/2026,Disposed,93
002961,01,Civil,17/06/2025,13/09/2025,disposed,88
001650,11,Family Court,20/03/2025,11/07/2025,DISPOSED,113
002654,12,YOUTH,21/09/2025,26/10/2025,Disposed,35
004101,07,Yth,07/09/2025,10/11/2025,Disposed,64
005098,11,CRIMINAL,11/08/2025,15/01/2026,Disposed,157
004112,10,Family ,22/05/2025,07/07/2025,DISPOSED,46
001838,10, Civil,24/02/2025,29/07/2025,Disposed,155
003434,01,Criminal,13/01/2025,10/05/2025,Disposed,117
004480,02,criminal,26/07/2025,06/12/2025,DISPOSED,133
004117,05,civil,27/03/2025,16/09/2025,disposed,173
002162,09,civil,10/08/2024,17/02/2025,Disposed,191
002201,09,Civil,16/08/2024,08/05/2025,DISPOSED,265
002861,11,Fam,21/02/2026,30/06/2026,Disposed,129
003186,09,CRIMINAL,28/02/2026,25/06/2026,Disposed,117
003218,01,civil,10/04/2025,17/08/2025,DISPOSED,129
002089,04,civil,02/06/2026,,active,
001806,11, Civil,09/03/2026,27/06/2026,Disposed,110
004953,09,CIVIL,07/09/2025,19/11/2025,Disposed,73
004090,11,Youth ,07/06/2026,,ACTIVE,
004445,08,YOUTH,03/11/2025,01/03/2026,disposed,118
001146,02,Criminal,31/07/2025,,Active,
003551,03,Crim,12/03/2026,,Active ,
005125,05,Criminal ,15/09/2025,13/04/2026,disposed,210
004816,05,Family,20/08/2025,21/12/2025,Disposed,123
005001,08,Criminal,24/02/2025,27/06/2025,disposed,123
005088,08, Family,08/05/2025,07/06/2026,Disposed,395
003868,12,Family ,09/07/2025,28/06/2026,disposed,354
002516,12, Civil,09/10/2024,,ACTIVE,
003610,01,Civil,11/01/2025,02/04/2025,Disposed,81
004468,03,YOUTH,12/02/2026,04/05/2026,DISPOSED,81
003241,03,criminal,22/03/2025,21/08/2025,Disposed,152
004137,09,Criminal,17/07/2024,09/10/2024,disposed,54
001625,05,CRIMINAL,05/12/2024,12/04/2025,Disposed,128
004054,08,family,08/10/2025,20/02/2026,DISPOSED,135
004116,07,CRIMINAL,19/06/2026,27/08/2026,Disposed,69
001827,09,CRIMINAL,08/09/2025,18/02/2026,disposed,163
003227,02,Civil,25/07/2025,,Active,
004391,03,Youth,08/02/2026,,Active,
001350,04,CRIMINAL,29/09/2024,,ACTIVE,
001370,11,FAMILY,24/11/2025,04/03/2026,disposed,100
003990,01, Family,08/08/2024,12/06/2026,disposed,673
001600,05,CRIMINAL,30/10/2024,09/06/2025,Disposed,222
002282,11, Civil,01/10/2024,14/01/2025,disposed,105
001578,09,CRIMINAL,25/03/2025,26/06/2025,Disposed,93
004853,11,Civil,03/03/2025,10/07/2025,DISPOSED,129
001985,05,family,13/12/2025,29/04/2026,DISPOSED,137
003995,11, Civil,14/12/2025,22/06/2026,DISPOSED,190
002471,09,Youth ,23/04/2025,07/07/2026,DISPOSED,440
004679,02,criminal,17/10/2025,11/04/2026,Disposed,176
002418,12,Family,26/02/2026,10/07/2026,Disposed,134
003799,09,civil,11/03/2026,03/05/2026,Disposed,-
002256,07,Crim,29/03/2025,29/06/2025,disposed,92
004981,09,Family,15/10/2024,09/05/2025,DISPOSED,206
004584,02,civil,06/10/2025,19/01/2026,disposed,105
001872,01,CIVIL,29/01/2025,13/10/2025,disposed,257
003151,01,CRIMINAL,02/11/2024,,Active,
003592,09,criminal,25/11/2024,04/03/2025,Disposed,99
001791,03,Family,19/04/2026,09/07/2026,Disposed,81
003587,01,civil,28/04/2025,09/09/2025,Disposed,134
001569,10,Crim,03/01/2025,17/05/2025,DISPOSED,134
005007,07,Family,07/02/2026,,active,
002264,03,FAMILY,25/02/2026,,Active ,
003734,04,family,27/07/2025,13/04/2026,Disposed,260
004176,05,civil,22/05/2025,21/10/2025,disposed,152
001050,02,Family ,30/05/2026,,Active,
003486,10,Yth,21/12/2025,24/02/2026,DISPOSED,65
003945,04, Civil,30/05/2026,,active,
003313,06,Crim,25/11/2025,,active,
001726,11,Yth,15/02/2026,,Active,
002246,12,family,05/09/2025,11/02/2026,Disposed,159
002434,11,Criminal,03/04/2026,,Active ,
003900,06,Fam,12/05/2025,07/08/2025,DISPOSED,87
003633,05,CIVIL,11/05/2025,23/09/2025,disposed,135
004426,12,civil,27/09/2025,29/01/2026,Disposed,124
002522,09,Family,22/02/2025,23/12/2025,DISPOSED,304
002356,11,civil,16/10/2025,21/02/2026,DISPOSED,128
001976,04,criminal,25/06/2025,29/07/2025,DISPOSED,34
002618,06,CRIMINAL,21/03/2025,27/02/2026,disposed,343
001603,10,Family ,02/09/2024,18/12/2024,disposed,107
001452,08,YOUTH,23/11/2025,25/08/2026,Disposed,275
002998,12,Youth,17/07/2025,29/09/2025,DISPOSED,74
003786,12,Civil,27/05/2025,18/09/2025,DISPOSED,114
003049,12, Family,21/03/2025,19/04/2026,disposed,394
004218,12,Criminal ,23/05/2026,29/07/2026,DISPOSED,67
002219,03,Criminal,26/08/2025,10/11/2025,Disposed,76
004247,02,Youth ,18/08/2025,12/09/2025,disposed,25
001566,04,Criminal ,05/03/2025,19/08/2025,disposed,167
003774,01,YOUTH,09/04/2025,26/06/2025,Disposed,78
004086,04,Yth,20/02/2026,11/08/2026,DISPOSED,172
002642,02,youth,06/12/2024,02/01/2025,Disposed,27
001832,12,Criminal,19/11/2024,04/02/2025,DISPOSED,77
003860,07,Criminal,24/09/2025,07/05/2026,Disposed,225
002360,12,CIVIL,24/02/2026,,Active,
001973,10,Civil,09/06/2025,25/10/2025,Disposed,138
003225,12,Criminal,26/11/2025,09/02/2026,disposed,75
004542,02,CIVIL,04/07/2025,14/10/2025,Disposed,102
002244,05,Civil,29/05/2025,23/05/2026,Disposed,N/A
004073,10,YOUTH,29/06/2026,20/08/2026,Disposed,52
001899,10,CIVIL,06/03/2026,08/08/2026,disposed,155
004462,09,YOUTH,04/03/2025,05/08/2025,disposed,154
001968,10,Family ,14/10/2024,19/05/2025,Disposed,217
001504,11,Criminal ,23/02/2026,23/07/2026,Disposed,150
003611,02,Family,17/05/2025,27/07/2025,disposed,71
003783,12,CIVIL,22/07/2025,28/11/2025,disposed,129
004393,08,YOUTH,05/07/2025,20/01/2026,DISPOSED,199
001549,02, Family,07/06/2026,,ACTIVE,
002916,07,FAMILY,09/11/2024,24/01/2025,Disposed,76
004714,08,family,08/05/2026,,Active,
004489,07,Fam,04/07/2025,18/11/2025,DISPOSED,137
001488,03,Criminal,09/06/2025,15/11/2025,Disposed,159
004446,07,Criminal,08/02/2025,25/12/2025,DISPOSED,320
003035,07,Family,06/10/2025,31/03/2026,Disposed,176
002898,01, Civil,11/09/2025,30/04/2026,DISPOSED,  231  
002117,01,youth,01/04/2026,21/05/2026,Disposed,50
002087,03, Civil,27/06/2025,09/11/2025,DISPOSED,135
001725,05,Criminal ,26/08/2025,04/01/2026,DISPOSED,131
004546,11,Crim,31/08/2025,03/01/2026,disposed,125
003991,12,CRIMINAL,28/02/2025,30/11/2025,disposed,275
004379,04, Family,29/10/2024,06/01/2025,DISPOSED,  69  
003615,11,Family,31/12/2024,04/11/2025,DISPOSED,308
004136,10,CRIMINAL,03/11/2024,14/01/2025,disposed,72
004768,08, Family,11/08/2024,19/03/2025,disposed,N/A
004064,10,criminal,14/10/2025,27/01/2026,DISPOSED,105
002629,07,Youth ,08/03/2025,25/09/2025,Disposed,201 
002368,08,Crim,12/02/2025,23/03/2025,DISPOSED,39 
002856,05,Family Court,17/05/2026,,active,
002407,02,CRIMINAL,18/11/2024,21/01/2025,Disposed,64
004668,01,youth,11/02/2026,19/04/2026,DISPOSED,N/A
004340,05, Civil,20/11/2025,,Active,
003965,02,CIVIL,02/04/2026,03/07/2026,DISPOSED,92
001607,03,CIVIL,31/01/2025,28/01/2026,disposed,362
004736,07,civil,08/03/2025,01/10/2025,Disposed,-
005115,01,Crim,27/02/2025,20/05/2025,Disposed,82
004360,08,Criminal,02/07/2025,15/10/2025,Disposed,105
003729,03,criminal,07/05/2026,14/08/2026,DISPOSED,99
003503,07, Civil,14/10/2025,29/05/2026,Disposed,227
002914,09,Family Court,24/01/2025,09/05/2025,disposed,105
003043,12,criminal,05/07/2024,04/11/2024,DISPOSED,122
005194,12,Civil,10/04/2025,25/07/2025,Disposed,106
002756,09,FAMILY,22/08/2024,11/11/2024,disposed,81
004102,09,civil,05/12/2025,,Active ,
003918,09,Crim,10/03/2025,01/05/2025,Disposed,52
003561,10,civil,12/12/2024,08/03/2025,disposed,86
003936,07,criminal,01/01/2025,26/06/2025,Disposed,176
001141,09,Fam,21/06/2026,,Active,
003982,05,CRIMINAL,21/06/2025,,Active,
003684,09, Civil,28/04/2026,,Active,
003524,10,Civil,22/01/2025,01/07/2025,DISPOSED,160
003332,11, Civil,06/02/2025,17/01/2026,Disposed,345
003938,03,Fam,02/04/2026,03/08/2026,disposed,123
003448,03,Yth,26/03/2025,21/06/2025,disposed,87
004784,10,Criminal ,20/11/2025,15/01/2026,Disposed,56
001641,01,Family,27/06/2026,,ACTIVE,
001023,08,YOUTH,08/05/2025,04/10/2025,Disposed,149
003595,02,Youth,25/04/2026,23/06/2026,Disposed,59
001170,11,family,09/09/2024,25/10/2024,DISPOSED,46
003848,04,Criminal ,15/07/2025,,Active ,
003002,04,CIVIL,10/07/2024,26/10/2024,Disposed,-
001090,05,Crim,15/08/2024,02/11/2024,Disposed,79
001346,05,Fam,11/12/2024,21/07/2025,DISPOSED,222
001418,01,criminal,10/09/2024,29/12/2024,DISPOSED,110
001893,06,CIVIL,03/02/2026,,Active,
001006,09,CRIMINAL,19/03/2026,20/06/2026,DISPOSED,93
003059,03,criminal,31/10/2024,19/04/2026,disposed,535
001718,07, Civil,08/04/2026,13/07/2026,Disposed,96
002125,08,youth,29/05/2025,22/08/2025,DISPOSED,85
003688,05, Civil,08/07/2024,10/08/2024,disposed,33
002722,02,CIVIL,18/02/2025,08/09/2025,disposed,-
005133,08, Family,20/10/2024,05/07/2025,DISPOSED,258
001296,12,Youth,28/10/2024,31/01/2025,DISPOSED,95
002351,07,Family ,03/05/2025,21/09/2025,DISPOSED,141
002229,10,Youth ,22/03/2026,09/06/2026,Disposed,79
005199,09,family,16/12/2024,06/06/2025,disposed,172
003372,11,Criminal ,16/07/2025,,active,
003032,01,Fam,15/12/2025,04/06/2026,DISPOSED,171
004224,05,Family,10/07/2024,04/08/2025,Disposed,390
001551,05,Crim,01/02/2026,12/08/2026,Disposed,192
002925,07,Crim,14/04/2026,,ACTIVE,
003499,03,Civil,06/09/2025,12/05/2026,disposed,248
001628,10,FAMILY,10/10/2025,10/04/2026,DISPOSED,182
004143,11,Crim,22/10/2024,09/03/2025,Disposed,138
001663,12,FAMILY,11/02/2026,30/04/2026,DISPOSED,78
002458,07,Youth,21/03/2025,31/07/2025,Disposed,132
001328,09,Family Court,19/02/2026,,active,
002838,11,CIVIL,30/03/2026,,Active ,
003682,03,Family Court,31/01/2025,07/08/2026,disposed,553
002044,09,Criminal,23/04/2025,07/07/2025,Disposed,-
002761,01,Criminal ,27/06/2026,07/08/2026,Disposed,41
004926,02,CIVIL,15/02/2025,25/10/2025,Disposed,252
004725,09,CIVIL,03/04/2026,25/06/2026,DISPOSED,83
005065,03, Civil,21/04/2026,15/08/2026,disposed,116
001745,02,Youth ,02/05/2026,10/06/2026,Disposed,39
002950,09, Family,20/05/2025,,Active,
005096,09,civil,27/03/2026,28/08/2026,Disposed,154
004749,01,CRIMINAL,23/02/2026,20/03/2026,DISPOSED,25
001906,05,Criminal,19/02/2026,25/08/2026,Disposed,187
004275,09,civil,08/03/2025,16/08/2025,DISPOSED,161
005010,12,Civil,29/04/2026,12/07/2026,disposed,74
002976,02,CRIMINAL,03/06/2025,19/07/2025,Disposed,46
004700,07,criminal,23/07/2024,03/10/2024,Disposed,72
003135,01,FAMILY,30/10/2024,21/12/2024,disposed,52
003926,01,civil,27/05/2026,13/08/2026,DISPOSED,78
004262,11,Criminal ,24/12/2024,17/04/2025,disposed,84
003397,07,Family,06/03/2026,13/08/2026,Disposed,160
001446,01, Civil,28/11/2025,28/05/2026,disposed,181
004385,09,CIVIL,23/05/2026,21/08/2026,DISPOSED,90
002499,12,Family,22/10/2025,30/01/2026,DISPOSED,100
002908,12,Family Court,01/07/2025,14/04/2026,disposed,287
002397,07,Crim,28/05/2025,05/11/2025,disposed,161
005123,08,Civil,17/06/2025,10/08/2026,disposed,419
002417,07, Family,06/10/2024,10/04/2025,Disposed,186
003621,07,CIVIL,24/12/2025,22/06/2026,Disposed,  180  
002757,07,family,06/02/2025,,Active ,
002842,12,YOUTH,23/06/2025,02/10/2025,disposed,101
001105,09,Fam,26/01/2026,17/04/2026,DISPOSED,-
003838,06,YOUTH,11/12/2024,30/09/2025,disposed,293
004904,11,FAMILY,21/03/2026,,Active,
002216,11,civil,07/07/2024,24/12/2024,DISPOSED,170
004696,10,Crim,04/06/2026,25/08/2026,DISPOSED,82
005138,,family,18/06/2025,26/02/2026,DISPOSED,253
003831,07,civil,17/07/2025,19/09/2025,DISPOSED,64
002831,04,Criminal,24/06/2025,26/10/2025,Disposed,124
001184,02,family,06/10/2025,22/12/2025,Disposed,77
003559,02,Civil,10/02/2026,27/04/2026,Disposed,76
001699,03,CIVIL,16/08/2024,20/03/2025,DISPOSED,216
002551,Unknown, Family,17/06/2025,04/10/2025,disposed,109
004506,11,Civil,01/01/2025,23/10/2025,DISPOSED,295
001242,04,Family ,25/11/2024,07/07/2025,Disposed,224
005108,11,Family,15/02/2025,23/09/2025,disposed,220
004572,05,criminal,02/08/2024,02/05/2025,disposed,273
001387,01,Crim,01/04/2026,26/06/2026,disposed,86
001238,08,Youth ,24/02/2026,20/07/2026,disposed,146
003174,01,Crim,17/10/2025,08/11/2025,DISPOSED,22 
001533,01,Civil,11/07/2024,03/10/2024,disposed,84
002546,12,criminal,13/01/2025,15/02/2025,DISPOSED,33
004044,08,YOUTH,08/07/2025,15/08/2025,Disposed,38
002453,05,civil,08/10/2024,16/04/2025,Disposed,190
003087,08,Crim,14/03/2026,28/08/2026,DISPOSED, 167
001768,02,civil,14/08/2024,03/09/2024,Disposed,20
003800,02,civil,12/04/2026,07/06/2026,DISPOSED,56
003678,03,criminal,08/05/2026,,active,
003788,12, Civil,26/11/2025,,ACTIVE,
004528,03,Yth,23/03/2025,28/09/2025,DISPOSED,189
001820,03,Crim,12/04/2025,,Active,
004435,10, Family,09/07/2025,15/09/2025,disposed,68
001908,05,Crim,15/03/2025,09/09/2025,disposed,178
003474,10,Criminal,14/12/2024,17/04/2025,DISPOSED,124
001476,04,Criminal,25/11/2025,14/01/2026,disposed,50
004591,04,Youth ,27/02/2026,23/06/2026,disposed,116
001040,09,Youth,20/01/2026,22/02/2026,DISPOSED, 33
005019,02,CRIMINAL,27/10/2025,17/05/2026,DISPOSED,202
004425,06,criminal,23/03/2025,22/06/2025,DISPOSED,91
003296,12,youth,12/12/2025,08/07/2026,disposed,208
003185,02,Family,18/07/2025,05/01/2026,disposed,171
004609,10,Crim,26/07/2024,22/12/2024,DISPOSED,149
001709,01,YOUTH,10/12/2024,15/02/2025,DISPOSED,67
003047,12,criminal,23/10/2025,18/05/2026,disposed,207
004388,08,Criminal ,23/05/2026,,Active ,
003122,02,Crim,27/05/2026,,Active,
004880,03,Criminal ,25/05/2026,,ACTIVE,
002734,01,CIVIL,23/02/2026,01/08/2026,disposed,159
002009,12,Fam,18/08/2024,18/04/2025,disposed,243
004814,11,Criminal ,02/07/2024,22/08/2024,DISPOSED,51
004114,01,Criminal,26/03/2025,10/09/2025,disposed,168
005179,02,YOUTH,18/06/2026,,ACTIVE,
004898,01,criminal,22/07/2024,05/11/2024,Disposed,106
002611,06,Youth ,14/05/2026,05/07/2026,DISPOSED,52
004220,06,family,12/01/2025,24/04/2025,DISPOSED,102
004215,12,YOUTH,10/07/2024,01/02/2025,Disposed,206
003696,01,Criminal,10/06/2025,20/09/2025,Disposed,102
004524,06,Family,09/10/2024,28/01/2025,DISPOSED,111
005158,05,Yth,30/07/2024,23/09/2024,disposed,55
004032,05,criminal,30/12/2025,02/04/2026,disposed,93
003835,01,Family Court,02/10/2024,05/10/2025,Disposed,368 
002645,02,Criminal,22/02/2025,19/03/2025,Disposed,25
003805,04,YOUTH,11/11/2024,16/02/2025,disposed,97
005063,05,Youth,03/03/2026,07/06/2026,DISPOSED,96
003759,07, Family,07/10/2025,22/05/2026,DISPOSED,227
001517,08,criminal,23/10/2025,08/05/2026,Disposed,197
004327,14,criminal,14/05/2025,20/11/2025,DISPOSED,190
001084,01,FAMILY,16/08/2025,14/10/2025,DISPOSED,59
001597,08,Family Court,09/05/2026,,Active,
003498,07,Criminal ,14/05/2026,,active,
003125,08, Civil,05/02/2026,13/08/2026,DISPOSED,189
004581,06,Criminal ,15/03/2025,10/06/2025,Disposed,87
003638,06,civil,24/08/2024,26/07/2025,DISPOSED,336
002102,12,Crim,15/08/2024,13/10/2024,DISPOSED,59
004514,09,youth,24/09/2025,21/12/2025,Disposed,88
002624,10,Civil,28/02/2026,12/05/2026,Disposed,73
001187,06,Family,28/01/2025,21/05/2025,DISPOSED,113
002975,01,Youth ,28/04/2025,28/09/2025,disposed,153
003652,10,Family ,24/01/2026,17/07/2026,disposed,174
003710,06,Family,13/09/2024,,Active,
003872,11,CIVIL,13/06/2025,05/01/2026,disposed,206
003208,12,family,02/10/2024,10/03/2025,Disposed,159
001431,10,Fam,20/11/2025,15/03/2026,DISPOSED,-
001850,12,Crim,31/12/2024,17/10/2025,DISPOSED,290
002301,04,YOUTH,16/06/2026,,ACTIVE,
004043,06,Family ,21/05/2026,,Active ,
004729,03,CRIMINAL,12/08/2024,01/12/2024,DISPOSED,111
004285,08,Criminal,22/01/2026,,Active,
002390,07,CIVIL,20/01/2025,08/02/2026,Disposed,384
004250,02,Criminal ,29/04/2026,04/07/2026,Disposed,66
003837,09, Family,23/08/2025,11/05/2026,disposed,N/A
004930,08,Family Court,30/11/2024,12/08/2025,DISPOSED,255
002620,04,CIVIL,24/09/2025,22/11/2025,disposed,59
002452,03,Criminal,30/07/2024,03/11/2024,Disposed,96
001264,07,Fam,18/01/2026,,Active ,
001068,03, Family,10/05/2026,,Active,
004641,10,Civil,17/09/2025,01/12/2025,Disposed,75
003554,02,criminal,20/08/2025,07/02/2026,disposed,171
002176,01,youth,09/11/2025,08/01/2026,Disposed,60
004611,10,Criminal ,26/06/2026,,ACTIVE,
003884,07,CRIMINAL,11/02/2025,10/04/2025,disposed,N/A
002694,04,Family,05/10/2024,10/01/2025,disposed,97
002785,09,CIVIL,15/07/2024,21/03/2025,disposed,249
003143,09,criminal,09/10/2025,18/02/2026,Disposed,132
003277,08,Criminal ,05/09/2024,15/12/2024,disposed,101
002933,10,Family ,26/06/2025,02/10/2025,DISPOSED,98
002557,12,civil,17/07/2025,15/10/2025,DISPOSED,90
001995,07, Family,29/10/2025,12/07/2026,DISPOSED,256
002977,10,Family Court,29/07/2025,17/10/2025,Disposed,80
002327,11,Fam,25/09/2024,03/02/2025,Disposed,131
002548,03,Criminal,26/07/2024,30/12/2024,DISPOSED,157
002860,12,Crim,07/03/2025,08/07/2025,Disposed,123
004088,09, Civil,17/04/2025,29/11/2025,Disposed,226
003045,11,CRIMINAL,02/08/2025,08/02/2026,DISPOSED,190
002633,07,CIVIL,26/09/2024,05/11/2024,Disposed,40
002661,10,Yth,16/05/2026,,ACTIVE,
003233,02,Civil,09/11/2026,,Active ,
001692,10,Family ,05/07/2025,26/04/2026,Disposed,295
001218,12,Youth ,03/12/2025,30/03/2026,Disposed,117
004496,04,Criminal,06/05/2025,25/11/2025,DISPOSED,203
004341,03,Youth ,16/09/2025,12/12/2025,disposed,87
005140,02,Criminal ,09/01/2025,09/03/2025,disposed,59
004521,07,family,08/05/2026,,Active,
003318,03,Criminal,07/05/2026,,active,
003673,10,CRIMINAL,19/12/2025,11/03/2026,DISPOSED,82
001971,04,CRIMINAL,16/04/2025,29/05/2026,DISPOSED,408
002143,03,Yth,29/11/2024,19/01/2025,disposed,51
004617,01,Civil,24/11/2024,19/06/2025,disposed,207
003921,06,Youth ,18/11/2024,14/03/2025,DISPOSED,116
002314,03,Yth,10/12/2024,11/06/2025,Disposed,183
002958,12,Youth ,08/10/2025,30/11/2025,Disposed,53
002673,05,Yth,04/11/2024,,Active ,
002408,06,Criminal,14/02/2025,02/10/2025,Disposed,230
001655,04,Youth,04/08/2025,20/12/2025,disposed,138
001871,07,criminal,11/01/2026,11/02/2026,DISPOSED,31
004429,02,civil,26/06/2026,,Active,
001439,01,Youth,18/06/2025,,Active ,
003861,02,civil,22/03/2026,12/05/2026,Disposed,51
005154,08,Criminal,13/12/2024,05/06/2025,Disposed,174
001865,05,Criminal,17/02/2026,,Active,
003458,03,Youth,13/01/2026,26/03/2026,disposed,72
002532,04,CRIMINAL,11/07/2024,09/09/2024,Disposed,60
002096,04,FAMILY,17/10/2025,21/01/2026,disposed,96
002784,07, Civil,27/11/2025,10/05/2026,DISPOSED,164
004574,06,CIVIL,07/07/2025,06/12/2025,disposed,152 
003603,06,CIVIL,20/11/2024,08/07/2025,disposed,230
002119,04,CRIMINAL,23/09/2025,05/01/2026,DISPOSED,104
004787,04,CRIMINAL,27/02/2026,,Active,
001168,03,Criminal,27/02/2025,19/05/2025,Disposed,81
002173,03, Family,15/04/2025,24/01/2026,DISPOSED,284
003429,09,family,13/04/2026,06/07/2026,disposed,84
003613,05,civil,02/01/2026,,Active ,
001887,08,civil,06/08/2024,26/06/2025,Disposed,-
003709,10,Criminal,15/08/2024,19/10/2024,Disposed,65
003646,08,CRIMINAL,17/03/2025,29/07/2025,DISPOSED,134
004868,07,CIVIL,04/10/2025,05/03/2026,DISPOSED,152
001649,10,CRIMINAL,07/01/2026,22/06/2026,DISPOSED,166
002561,04,youth,20/04/2026,23/08/2026,DISPOSED,125
004837,04, Civil,15/09/2024,27/02/2025,disposed,165
004450,08,Family Court,13/12/2024,23/08/2025,Disposed,253
005198,06,Yth,20/04/2025,08/07/2025,Disposed,79
003220,07,Family ,10/12/2024,23/03/2025,Disposed,148
002064,06,CRIMINAL,12/11/2024,22/08/2025,DISPOSED,283
002953,07,criminal,03/10/2025,20/11/2025,DISPOSED,48
002027,08,Civil,03/01/2026,01/05/2026,disposed,118
001591,12,criminal,14/02/2025,21/06/2025,disposed,127
002915,08,Criminal,22/02/2025,,Active,
004289,01,civil,15/08/2024,16/01/2025,DISPOSED,154
003320,07,criminal,04/03/2026,31/08/2026,DISPOSED,180
005119,12, Civil,31/12/2024,13/07/2025,disposed,194
005149,03,Civil,26/04/2026,30/08/2026,Disposed,126
001755,12, Civil,17/09/2024,20/10/2024,Disposed,33
001980,05, Family,23/02/2026,21/06/2026,DISPOSED,118
001914,10,Criminal,09/01/2026,08/04/2026,disposed,-
004151,09,Youth ,25/09/2024,07/04/2025,disposed,194
001925,08,Family ,06/01/2025,03/10/2025,disposed,270
004488,06, Family,03/04/2025,19/02/2026,disposed,322
002657,07, Civil,07/07/2024,17/09/2024,disposed,72
002079,09,FAMILY,19/10/2025,,Active,
002488,08,Criminal ,05/09/2024,28/01/2025,DISPOSED,145
004348,02,YOUTH,01/05/2026,02/08/2026,DISPOSED,93
004538,04,Criminal ,04/02/2026,18/07/2026,DISPOSED,164
001855,10,Yth,08/11/2025,30/11/2025,disposed,22
003742,07,FAMILY,03/12/2024,,ACTIVE,
004255,03,Criminal,17/02/2026,,Active,
003134,07,Civil,06/01/2025,06/04/2025,Disposed,90
001815,10,CRIMINAL,14/02/2025,05/08/2025,DISPOSED,172
003518,03,youth,23/03/2026,30/05/2026,disposed,68
001656,10,Civil,02/01/2026,07/03/2026,disposed,64
002209,11,Criminal,07/02/2025,15/03/2025,Disposed,36
003248,05,CIVIL,31/10/2025,04/03/2026,Disposed,124
002508,08,Crim,08/02/2025,15/11/2025,Disposed,280
003826,11,CRIMINAL,26/08/2024,16/11/2024,DISPOSED,82
001079,04,criminal,01/06/2025,07/07/2025,Disposed,36
001180,04,CIVIL,06/09/2024,17/02/2025,DISPOSED,164
003675,Unknown,Crim,24/10/2025,12/02/2026,disposed,111
003583,10,criminal,08/08/2025,13/01/2026,DISPOSED,158
001905,12,Civil,30/03/2025,01/10/2025,Disposed,185
002378,05,FAMILY,19/04/2025,26/03/2025,Disposed,125
003670,09, Civil,12/07/2024,18/03/2025,DISPOSED,249
004948,08,YOUTH,11/06/2026,,Active ,
003453,01,criminal,30/08/2025,19/01/2026,disposed,142
001540,11,civil,20/05/2026,17/08/2026,Disposed,89
004793,08,CRIMINAL,03/03/2025,09/10/2025,DISPOSED,220
004068,07,Civil,15/04/2025,20/06/2025,DISPOSED,66
002497,12,CRIMINAL,27/07/2025,14/11/2025,DISPOSED,110
004910,07, Civil,03/09/2024,18/03/2025,Disposed,196
002962,03,Crim,05/03/2025,30/09/2025,DISPOSED,209
003342,08,CRIMINAL,13/03/2025,01/06/2025,DISPOSED,-
002878,07,CIVIL,14/02/2026,,Active,
002814,01,Civil,09/07/2025,07/10/2025,disposed,90
004268,05,criminal,11/06/2025,,Active ,
002917,06,Crim,20/09/2024,18/12/2024,Disposed,89
002115,04,Yth,29/08/2024,09/11/2024,DISPOSED,72
001531,12,Yth,02/07/2025,31/07/2025,Disposed,29
001193,11,Criminal,13/06/2026,,active,
004594,11,YOUTH,16/12/2024,07/01/2025,Disposed,22
004417,01,FAMILY,19/08/2025,17/02/2026,Disposed,182
001107,10,YOUTH,27/05/2025,30/06/2025,disposed,34 
002292,11,CIVIL,03/04/2026,,Active,
003950,06,Fam,24/09/2025,02/06/2026,disposed,251
003081,03,FAMILY,18/07/2024,14/01/2025,Disposed,180
001942,08, Civil,18/05/2026,,Active ,
002601,06,Crim,28/10/2025,12/05/2026,DISPOSED,196
004854,04,Family ,18/06/2025,09/04/2026,Disposed,295
001239,10,criminal,25/11/2024,28/07/2025,disposed,245
002121,09,family,20/02/2026,,Active ,
002169,03,Crim,27/01/2025,,ACTIVE,
002158,04,CIVIL,25/05/2026,05/07/2026,disposed,41
002825,09,Family Court,30/03/2026,,Active,
002185,09,Youth ,31/10/2025,06/03/2026,Disposed,126
005026,06,Youth,15/02/2026,06/06/2026,disposed,111
001220,04,Civil,26/10/2024,06/03/2025,disposed,  131  
001378,01,Family,05/12/2025,09/02/2026,Disposed,66
001660,06,Crim,30/06/2026,31/08/2026,DISPOSED,62
001788,10,CIVIL,11/03/2025,27/08/2025,DISPOSED,169
001573,06,Crim,18/08/2025,17/02/2026,Disposed,183
001794,11,Fam,13/06/2025,11/12/2025,DISPOSED,181
004761,03,Criminal,20/02/2026,26/08/2026,disposed,187
002172,08,Fam,02/01/2026,02/06/2026,Disposed,151
001654,07,Civil,27/05/2025,04/07/2025,disposed,38
003853,06,CRIMINAL,04/12/2024,20/04/2025,Disposed,137
002081,08,FAMILY,06/05/2026,,Active,
004232,05,Youth,01/10/2025,21/02/2026,DISPOSED,143
002281,01, Civil,09/09/2024,28/12/2024,DISPOSED,110
001411,04,Criminal ,24/05/2025,29/10/2025,disposed,158
004661,10,Family Court,08/03/2026,15/06/2026,disposed,99
004809,08,Criminal,06/07/2025,,active,
001514,04,Crim,16/09/2025,17/10/2025,Disposed,31
003243,07,Criminal,18/08/2024,04/05/2025,disposed,259
003535,06,Family Court,07/11/2024,17/05/2025,DISPOSED,191
001171,08,CIVIL,08/07/2024,13/05/2025,disposed,309
001644,05,family,04/05/2025,22/02/2026,disposed,294
001740,04,Yth,29/09/2025,,active,
001100,05,Criminal,07/06/2026,,Active ,
002049,09,CIVIL,17/03/2026,30/05/2026,DISPOSED,74
005086,11,Criminal,12/01/2025,11/06/2025,DISPOSED,150
001930,10,Civil,06/11/2025,30/03/2026,Disposed,144
002252,07,Criminal ,09/07/2025,21/06/2026,Disposed,347
002514,07,Family,12/04/2026,27/07/2026,DISPOSED,N/A
001771,09,Youth,28/04/2025,23/06/2025,disposed,56
004582,03,Family Court,12/04/2026,01/09/2026,Disposed,142
003812,05,Criminal ,30/01/2026,05/06/2026,Disposed,126
002504,05,Civil,29/06/2026,,active,
003963,01,Family ,24/06/2026,,Active,
004152,01, Family,02/12/2025,25/06/2026,disposed,205
005167,11,YOUTH,05/02/2025,,ACTIVE,
002218,05,Criminal,01/03/2025,30/04/2026,disposed,425
001228,01,youth,25/10/2024,18/02/2025,disposed,116
002490,02,CIVIL,15/10/2025,28/03/2026,DISPOSED,164
004712,06,Fam,16/09/2025,28/07/2026,disposed,315
003482,03,Family ,12/04/2025,26/06/2025,disposed,75
004650,04, Civil,30/05/2025,03/08/2025,disposed,65
004181,07,CRIMINAL,23/10/2025,27/12/2025,Disposed,65
005130,04,Criminal,11/07/2025,05/01/2026,Disposed,178
003760,06,criminal,20/09/2025,24/01/2026,disposed,126
003959,02,CIVIL,05/03/2025,29/12/2025,Disposed,299
004569,12, Family,08/09/2025,30/01/2026,DISPOSED,144 
003964,09,Youth ,03/02/2025,16/04/2025,Disposed,72
002591,08,Family Court,10/07/2025,06/05/2026,disposed,300
002000,10,Youth ,15/10/2025,03/12/2025,disposed,49
002868,02,Civil,27/03/2025,24/05/2025,Disposed,58
002120,11,Yth,07/05/2026,,Active,
003753,11, Civil,04/10/2025,25/05/2026,DISPOSED,233
003619,09,criminal,22/06/2025,11/09/2025,disposed,81
002463,07,Fam,01/03/2025,13/09/2025,disposed,196
001987,05,FAMILY,31/03/2026,,active,
003626,05,Crim,20/08/2024,11/11/2024,Disposed,83
003593,02,Civil,15/07/2024,28/12/2024,DISPOSED,166
002313,12,Criminal,11/03/2026,12/06/2026,DISPOSED,93
002263,03,CIVIL,22/04/2026,01/09/2026,DISPOSED,132
004283,10,Family Court,08/04/2025,06/07/2025,Disposed,89
004991,03,civil,24/09/2024,10/05/2025,Disposed,228
002019,09,Family ,13/04/2025,20/12/2025,Disposed,251
001751,03,Crim,18/07/2024,08/11/2024,disposed,113
005087,09,youth,19/10/2025,30/11/2025,Disposed,42
004541,05,Criminal,11/10/2024,13/11/2025,Disposed,398
002283,02,civil,29/06/2026,,ACTIVE,
003775,08,Fam,28/03/2025,06/10/2025,Disposed,192
004608,12,Criminal,13/04/2026,,active,
001353,06,Civil,14/11/2024,,Active,
004743,11,CIVIL,05/07/2024,25/01/2025,disposed,204
004804,04, Civil,13/09/2025,,active,
002711,04,youth,30/11/2024,17/01/2025,Disposed,48
002342,14,Criminal,09/03/2026,,Active,
001793,06,Youth ,18/08/2025,12/12/2025,disposed,116
002512,02,civil,17/04/2026,12/05/2026,disposed,25
002321,08,Fam,11/02/2026,,Active,
004562,02, Family,08/05/2026,,Active,
004434,10,criminal,25/04/2026,,Active,
002655,07,CIVIL,10/09/2025,20/06/2026,DISPOSED,283
003478,01,FAMILY,23/11/2025,21/06/2026,Disposed,-
001147,06,Family,02/11/2025,01/01/2026,DISPOSED,60
001541,07, Civil,08/07/2024,24/04/2025,Disposed,290
001215,08, Civil,03/09/2025,24/06/2026,DISPOSED,N/A
002462,12,Family,31/07/2024,23/01/2025,DISPOSED,176
003380,12,Youth,16/04/2026,27/08/2026,DISPOSED,133
004942,02,Family,12/10/2024,,Active ,
001972,08,Civil,31/03/2025,27/08/2026,Disposed,514
003878,07,Yth,09/03/2025,27/03/2025,Disposed,18
002088,03,YOUTH,12/03/2026,,Active,
005011,08,criminal,07/03/2025,29/06/2025,DISPOSED,114
001414,05,Criminal,11/04/2025,02/10/2025,DISPOSED,174
004983,08,Civil,29/08/2024,07/12/2024,disposed,100
004129,12,criminal,15/03/2026,25/04/2026,DISPOSED,41
002203,07,Criminal,28/02/2026,19/06/2026,Disposed,111
003298,12,YOUTH,30/08/2024,17/10/2024,Disposed,48
001210,11,Family Court,25/02/2025,18/09/2025,disposed,205
001686,03, Civil,29/11/2025,04/02/2026,DISPOSED,67
001553,09,Yth,05/03/2025,12/04/2025,DISPOSED,  38  
001221,07,CRIMINAL,23/04/2025,12/07/2025,Disposed,80
005035,02,Fam,14/11/2025,26/04/2026,disposed,163
003465,10,CRIMINAL,29/04/2025,,Active ,
003178,05,Yth,19/10/2024,07/12/2024,Disposed,49
001757,02,Youth ,25/06/2025,11/10/2025,disposed,108
003536,10,Criminal,07/03/2025,09/09/2025,DISPOSED,186
002357,11,Civil,08/08/2024,28/04/2025,Disposed,263
004537,03,criminal,05/04/2025,09/08/2025,disposed,126 
002122,09,CRIMINAL,18/01/2026,20/08/2026,Disposed,-
003420,05,Crim,13/05/2025,09/01/2026,disposed,N/A
004881,09,Family,17/05/2026,,ACTIVE,
001039,04,youth,13/03/2027,18/10/2025,DISPOSED,128
003441,06,Fam,08/03/2025,28/07/2025,Disposed,142
002184,07, Family,11/06/2025,02/03/2026,Disposed,264
001848,11,Civil,03/01/2025,10/12/2025,Disposed,341
002473,12,Youth,31/03/2026,,Active ,
005070,04,YOUTH,27/01/2026,04/05/2026,disposed,  97  
002401,04, Civil,11/06/2025,16/07/2025,disposed,35
001330,06,Civil,01/06/2026,,Active,
003616,12,civil,28/05/2025,26/09/2025,DISPOSED,121
004680,05,Family ,20/12/2025,20/08/2026,disposed,243
004682,10,Criminal ,06/04/2025,,active,
003219,02,Yth,26/06/2026,,Active ,
003987,14,Family,03/10/2025,18/03/2026,disposed,166
004742,02,Youth,09/02/2026,27/08/2026,DISPOSED,199
003405,03,YOUTH,19/12/2025,13/03/2026,disposed,84
001931,01,Criminal ,09/06/2025,28/08/2025,disposed,80
003932,07,criminal,31/10/2025,01/08/2026,disposed,274
002701,01,YOUTH,26/07/2024,19/01/2025,Disposed,177
003040,02,Family ,24/05/2026,,Active ,
002190,04,Yth,30/06/2025,31/08/2025,Disposed,62
004791,04,family,07/07/2025,28/10/2025,disposed,113
001565,12,CIVIL,08/10/2024,09/11/2024,Disposed,-
001049,01,Civil,14/06/2026,,Active ,
003278,11,criminal,11/02/2026,15/06/2026,Disposed,124
001366,05,civil,01/06/2025,,ACTIVE,
004105,02, Civil,19/05/2025,03/08/2025,DISPOSED,76
002811,07,Family ,01/08/2024,15/11/2024,disposed,106
004648,05,criminal,27/09/2025,31/01/2026,DISPOSED,126
001889,02, Civil,12/02/2026,28/05/2026,Disposed,105
003662,04,civil,05/04/2025,03/04/2026,DISPOSED,363
002459,04,criminal,29/11/2024,11/04/2025,disposed,133
003201,09,civil,21/04/2025,21/09/2025,Disposed,153
003182,09,Family,19/10/2025,21/05/2026,Disposed,214
002225,01,youth,03/07/2024,23/01/2025,disposed,204
004406,05,Criminal,05/01/2025,28/03/2026,Disposed,447
002567,10, Civil,22/05/2025,03/12/2025,DISPOSED,195
004807,03,FAMILY,23/09/2025,01/09/2026,disposed,343
003217,11,Civil,11/09/2024,18/03/2025,disposed,188
004273,02,criminal,27/03/2026,29/05/2026,Disposed,63
001490,11,family,14/04/2026,,Active,
001233,05,Crim,18/03/2025,,active,
005172,02,CIVIL,17/12/2025,31/03/2026,DISPOSED,104
002686,03,civil,25/07/2024,11/09/2025,Disposed,413 
002383,08,family,06/02/2026,04/08/2026,disposed,179
001883,10,Family ,09/04/2026,,Active ,
003424,07,Family ,14/11/2024,19/05/2025,disposed,186
002787,01,YOUTH,08/08/2024,30/08/2024,disposed,22
004382,07,youth,07/04/2026,02/08/2026,disposed,117
001436,06,Crim,13/12/2024,15/01/2025,Disposed,33
001055,08, Civil,08/05/2025,07/11/2025,disposed,183
003580,12,CIVIL,28/05/2026,,Active,
001156,04, Family,15/09/2024,27/07/2025,DISPOSED,315
003806,07,Family ,10/05/2025,09/06/2026,DISPOSED,395
001263,12, Family,25/06/2025,01/07/2026,disposed,371
003785,02,civil,09/09/2024,25/10/2024,Disposed,46
003335,10,Youth,23/02/2025,06/06/2025,DISPOSED,103
001428,01,Criminal,20/02/2025,01/05/2025,disposed,70
002545,01, Civil,21/08/2025,07/04/2026,DISPOSED,229
003098,06,youth,30/07/2025,22/12/2025,disposed,145
004805,06,Criminal ,24/07/2025,16/05/2026,disposed,296
004955,08,CIVIL,13/10/2024,11/06/2025,disposed,241
003083,02,youth,17/02/2025,04/04/2025,disposed,46
003223,02, Civil,21/11/2024,05/08/2025,DISPOSED,257
002092,07, Civil,15/08/2024,25/10/2024,disposed,61
002024,11,CRIMINAL,12/01/2026,,ACTIVE,
005038,04,YOUTH,18/11/2024,10/01/2025,Disposed,53
002681,06,criminal,09/07/2025,17/10/2025,DISPOSED,100
004940,08,Family Court,01/01/2026,,active,
005024,05,Crim,11/07/2025,,active,
002355,07,civil,02/10/2025,08/06/2026,Disposed,249 
003255,05,Family ,11/10/2024,,Active,
003385,08,criminal,23/12/2024,07/06/2025,Disposed,166
004757,07,Family ,12/09/2024,13/04/2025,DISPOSED,213
004687,03,Family ,09/09/2024,26/01/2025,disposed,139
004699,02,CRIMINAL,05/05/2025,01/09/2025,disposed,119
003548,01,Family Court,10/12/2025,28/06/2026,disposed,200
002717,07,family,12/04/2026,,Active ,
002563,01, Family,19/05/2025,04/01/2026,DISPOSED,230
001736,07,Family,21/07/2024,20/06/2025,Disposed,334
002179,10,criminal,16/06/2025,23/10/2025,Disposed,129
001127,10,Youth,11/05/2026,02/07/2026,disposed,52
004270,10,FAMILY,13/06/2025,09/09/2025,Disposed,88
003639,05,Family,16/02/2025,20/04/2025,Disposed,63
001731,03,CRIMINAL,19/04/2025,26/07/2025,Disposed,98
002865,09,FAMILY,19/05/2025,14/10/2025,disposed,148
003387,03,FAMILY,31/05/2025,10/04/2026,disposed,314
003103,02,Crim,20/03/2025,30/05/2025,DISPOSED,71
001716,12,Criminal,08/03/2025,15/04/2025,Disposed,38
004507,10,family,19/01/2025,23/12/2025,disposed,338
004041,02,Family Court,18/06/2026,,Active ,
002131,04,Family,09/03/2026,,active,
001786,08,Family,02/07/2024,09/11/2024,Disposed,N/A
002540,08,Civil,06/07/2025,10/08/2026,Disposed,400
005136,12,CIVIL,11/08/2024,06/09/2024,DISPOSED,26
001763,02,Crim,06/05/2025,24/11/2025,disposed,202
003755,08,Criminal,05/06/2026,,active,
002315,09,CRIMINAL,16/03/2025,13/02/2026,disposed,334
001154,07,criminal,22/08/2024,12/10/2024,Disposed,51
002663,03,Criminal,23/01/2026,,Active,
002192,11,Crim,12/10/2025,18/08/2026,DISPOSED,310
001176,01,YOUTH,17/02/2026,09/03/2026,disposed,20
003168,08,criminal,26/11/2025,03/03/2026,disposed,97
004323,01,Fam,27/01/2026,29/04/2026,DISPOSED,92
003802,08,Family,15/03/2025,,active,
004915,02,Criminal ,23/07/2024,14/11/2024,DISPOSED,114
002806,09,Criminal ,12/08/2024,19/09/2024,Disposed,38
002918,04,Fam,24/03/2025,14/08/2025,DISPOSED,143
003505,09,Criminal ,15/04/2026,31/05/2026,disposed,46
001077,05, Family,14/12/2024,06/12/2025,DISPOSED,357
001113,11, Civil,13/12/2025,11/07/2026,disposed,210
004603,11,Yth,18/10/2025,,Active,
001426,02,CIVIL,31/03/2026,09/08/2026,disposed,131
002260,09, Civil,21/01/2026,,active,
001287,09,family,04/01/2026,,active,
003062,02, Civil,18/04/2026,07/07/2026,DISPOSED,80
004491,08,Crim,14/08/2024,05/11/2024,DISPOSED,83
004652,09,Fam,08/12/2025,,active,
004123,03,CIVIL,09/05/2026,,active,
002324,09,Civil,15/02/2026,21/03/2026,Disposed,-
003319,12,YOUTH,17/02/2026,25/03/2026,disposed,36
002904,06,civil,09/02/2025,19/07/2025,disposed,160
001822,10,Family ,27/11/2025,31/03/2026,disposed,124
002817,04,criminal,30/08/2025,,active,
002906,02,criminal,31/01/2026,23/02/2026,disposed,23
004447,06,Criminal,21/11/2025,29/05/2026,Disposed,189
002142,05,FAMILY,14/11/2025,05/07/2026,DISPOSED,233
003692,09,Crim,26/10/2025,10/02/2026,Disposed,107
004046,04,Youth ,04/07/2024,26/07/2024,disposed,22
003331,03,Civil,12/06/2025,13/11/2025,Disposed,154
002016,12,Criminal,05/03/2025,11/04/2025,Disposed,37
002437,05,civil,08/11/2024,22/11/2025,disposed,379
003102,06,Yth,14/11/2025,11/04/2026,DISPOSED,148
002274,05,youth,25/09/2024,08/07/2025,Disposed,286
001759,02,civil,21/05/2025,07/09/2025,disposed,109
002468,05, Civil,18/03/2025,20/09/2025,Disposed,186
004739,06,Crim,28/05/2025,05/09/2025,DISPOSED,100
001376,11,civil,05/01/2025,18/04/2025,Disposed,103
001124,11,FAMILY,07/02/2025,31/03/2026,DISPOSED,417
003305,06,Youth,18/02/2025,23/04/2025,DISPOSED,64
003960,07,YOUTH,27/03/2026,26/06/2026,disposed,91
001836,12,Civil,07/07/2025,11/09/2025,disposed,66
001394,11,youth,06/03/2026,28/06/2026,Disposed,114
003951,09,youth,23/06/2026,,active,
005184,08,CRIMINAL,04/10/2024,31/01/2025,DISPOSED,119
004934,08,YOUTH,06/03/2025,09/07/2025,disposed,125
001564,06,Criminal ,31/08/2024,13/12/2024,disposed,104
004932,11,Youth,22/03/2026,06/06/2026,disposed,76
001278,10,criminal,09/05/2025,17/07/2025,Disposed,69
003028,10,YOUTH,02/05/2026,14/06/2026,Disposed,43
001454,06,civil,02/07/2025,12/11/2025,disposed,133
004022,02,YOUTH,01/05/2026,20/06/2026,DISPOSED,50
004005,08, Civil,04/07/2025,,ACTIVE,
004626,06,Civil,05/02/2025,27/09/2025,disposed,234
002880,02,Family Court,30/11/2025,,ACTIVE,
002556,11,Criminal,03/11/2025,12/04/2026,disposed,160
001518,07,Family Court,23/01/2025,11/10/2025,Disposed,261
004478,01,CIVIL,04/12/2024,03/02/2025,Disposed,61
001240,12,Family Court,05/06/2025,21/07/2025,DISPOSED,46
003516,09,Family Court,18/08/2024,01/01/2025,Disposed,136
004364,02,Civil,27/09/2024,17/06/2025,disposed,263
001693,01,Civil,30/12/2024,16/04/2025,Disposed,107
001463,06,CIVIL,08/05/2025,,ACTIVE,
002248,11,FAMILY,11/11/2025,01/05/2026,disposed,171
002590,06,Family,11/07/2024,27/09/2024,DISPOSED,78
003758,02,Family,03/04/2025,01/01/2026,disposed,273
003629,04, Civil,20/02/2025,12/05/2025,disposed,81
003560,01,Fam,03/03/2026,11/06/2026,DISPOSED,100
002191,04,civil,15/04/2026,,Active,
001088,09,criminal,01/08/2025,26/11/2025,disposed,117
003162,07,Yth,30/11/2024,19/04/2025,Disposed,140
002296,03,Civil,11/05/2026,27/08/2026,disposed,108
003023,04,criminal,23/10/2025,,Active,
001152,08,CRIMINAL,15/04/2026,,ACTIVE,
002396,05,family,05/09/2024,26/08/2025,DISPOSED, 355
001750,10,criminal,14/08/2025,07/10/2025,DISPOSED,54
004567,01,Yth,02/07/2025,17/08/2025,DISPOSED,46
002069,09,criminal,24/02/2026,,active,
004806,07,Youth,27/10/2024,30/08/2025,Disposed,307
003599,12,Criminal,05/10/2024,21/12/2024,DISPOSED,77
003528,08,Youth,10/11/2025,23/02/2026,Disposed,105
003744,03,CIVIL,15/01/2026,29/07/2026,disposed,195
004454,08,FAMILY,10/07/2025,07/02/2026,Disposed,212
002170,08,Family ,19/06/2025,07/05/2026,DISPOSED,322
003974,12,Criminal,26/09/2025,,active,
004614,06,Youth,13/04/2025,21/06/2025,DISPOSED,69
002171,09,Criminal,31/10/2025,08/01/2026,DISPOSED,69
004036,10,Fam,29/01/2026,,ACTIVE,
003798,06,Civil,07/08/2024,23/10/2024,Disposed,77
001018,01,Civil,02/05/2025,19/05/2025,Disposed,17
003041,10, Family,14/08/2025,31/10/2025,Disposed,78
003898,07,Criminal ,13/03/2025,21/09/2025,DISPOSED,192
005045,10,CIVIL,10/08/2024,12/12/2024,disposed,124
005161,08,Crim,11/08/2025,22/02/2026,disposed,195
002239,10,Crim,30/05/2025,12/07/2025,DISPOSED,43
002288,12,Criminal,09/12/2025,14/07/2026,Disposed,217
004064,10,criminal,14/10/2025,27/01/2026,DISPOSED,105
003074,03,Family Court,03/03/2026,11/05/2026,DISPOSED,69
002330,07, Family,11/01/2027,12/08/2026,Disposed,233
004092,12,CRIMINAL,17/07/2024,29/03/2025,disposed,255
002995,07,Criminal,27/10/2024,24/06/2025,Disposed,240
002533,06,Family Court,01/02/2026,11/06/2026,Disposed,130
001496,07,Crim,09/05/2025,11/09/2025,Disposed,125
004397,07,criminal,15/03/2025,06/05/2026,Disposed,N/A
004794,04,Crim,09/05/2025,,active,
005164,11,YOUTH,20/08/2025,23/11/2025,Disposed,N/A
005032,08,Criminal,19/09/2025,15/01/2026,disposed,118
001223,06,criminal,06/05/2026,,Active ,
001890,09,family,05/02/2026,15/06/2026,Disposed,130
004877,01,Criminal ,29/11/2024,05/02/2025,Disposed,68
002940,03,Criminal ,01/02/2025,07/11/2025,Disposed,279
005009,04,Family Court,05/11/2024,,Active ,
002103,09,criminal,07/07/2025,27/10/2025,Disposed,112
001765,10,criminal,17/02/2025,26/05/2025,DISPOSED,98
001099,12,youth,08/01/2025,11/03/2025,DISPOSED,62
005054,09,CIVIL,08/04/2026,,Active ,
002594,07,CIVIL,04/11/2024,11/07/2025,disposed,249
001584,05,CIVIL,29/06/2026,,Active,
003090,03,Criminal,26/11/2024,19/03/2025,Disposed,113
001241,02,civil,27/10/2025,28/12/2025,Disposed,62
003556,10,Criminal,20/07/2024,26/10/2024,Disposed,98
003966,02, Civil,03/09/2025,12/11/2025,Disposed,70
004559,05,Yth,27/10/2025,11/06/2026,DISPOSED,227
002666,06,youth,05/02/2025,26/04/2025,disposed,80
002896,08, Family,26/11/2024,24/03/2025,Disposed,118
003016,09,CRIMINAL,24/04/2026,,Active,
001306,10,Criminal,25/10/2025,08/12/2025,Disposed,44
004685,02,Criminal ,09/05/2026,27/05/2026,DISPOSED,18
003957,12,youth,10/02/2025,03/11/2025,disposed,266
003409,12,FAMILY,19/01/2025,,ACTIVE,
003654,03,Civil,16/11/2024,21/03/2025,Disposed,125
002729,12,CRIMINAL,29/08/2025,20/10/2025,disposed,52
003809,11,CIVIL,19/02/2026,,active,
002057,10,Criminal ,08/11/2024,08/12/2024,disposed,-
001096,11,FAMILY,14/04/2026,,active,
001520,11,Criminal ,04/12/2024,23/02/2025,Disposed,81
004479,08,CIVIL,25/02/2025,17/07/2025,disposed,142
002938,11,Criminal ,15/10/2024,02/05/2025,Disposed,199
002297,05, Civil,03/02/2026,,active,
003306,05,Civil,29/09/2025,23/02/2026,Disposed,147
005055,05,Criminal ,10/01/2026,01/04/2026,disposed,81
003167,01,Youth,23/03/2025,19/05/2025,DISPOSED,57
001067,07,criminal,30/10/2024,03/04/2025,DISPOSED,155
003732,10,CIVIL,19/09/2024,29/11/2024,DISPOSED,71
002742,01,Family ,10/04/2025,25/09/2025,disposed,158
001958,01,youth,27/09/2024,10/11/2024,Disposed,44
002836,07,CRIMINAL,09/03/2025,13/05/2026,DISPOSED,430
004857,03, Civil,12/08/2025,19/07/2025,disposed,317
002255,07,youth,11/03/2026,22/04/2026,DISPOSED,42
003870,07,CIVIL,05/03/2025,,Active,
003022,01,youth,27/08/2024,02/01/2025,Disposed,128
003927,05,criminal,24/04/2025,21/10/2025,disposed,180
003687,10,criminal,24/08/2024,09/10/2024,disposed,46
004423,10,Yth,23/09/2025,03/01/2026,disposed,102
004914,06,CRIMINAL,21/01/2025,18/04/2025,disposed,87
003069,11,Fam,14/10/2025,26/03/2026,Disposed,163
003757,08,Criminal,31/07/2025,18/02/2026,DISPOSED,202
004235,09,Crim,05/07/2024,21/03/2025,disposed,259
002859,10,criminal,08/03/2025,23/04/2025,DISPOSED,46
003976,08,Criminal ,22/08/2025,17/12/2025,Disposed,117
004150,05, Civil,28/03/2025,04/12/2025,Disposed,251
004673,10,CRIMINAL,16/07/2025,18/10/2025,Disposed,N/A
003110,12,CIVIL,16/09/2025,27/02/2026,Disposed,164
003912,10,Civil,21/11/2024,10/11/2024,Disposed,70
001778,12,CRIMINAL,12/06/2026,,ACTIVE,
005042,10,CIVIL,27/11/2025,07/03/2026,Disposed,100
001466,07,civil,31/10/2024,,ACTIVE,
002735,07,YOUTH,08/07/2024,12/10/2024,disposed,96
001864,04,CRIMINAL,17/10/2026,26/03/2025,DISPOSED,125
001777,05,CRIMINAL,13/09/2024,19/02/2025,Disposed,  159  
001070,06,Crim,07/08/2025,,active,
001026,01,Criminal ,19/08/2025,02/10/2025,Disposed,44
002420,02,Crim,21/02/2026,16/03/2026,Disposed,23
002978,06,CRIMINAL,18/09/2024,20/08/2025,Disposed,336
004630,05,Yth,01/08/2024,11/02/2025,disposed,N/A
002967,10, Civil,12/02/2025,21/07/2025,DISPOSED,204
003473,01,Criminal,30/04/2025,13/07/2025,DISPOSED,74
004711,02,Crim,16/05/2026,,ACTIVE,
003314,05,Criminal ,21/10/2025,02/03/2026,Disposed,132
002138,03,Family ,12/07/2024,,Active,
001186,03, Family,17/12/2025,,ACTIVE,
002333,08,Criminal,13/11/2024,07/03/2025,disposed,114
003739,11,Family,11/05/2025,16/11/2025,Disposed,189
001005,01,Family,22/06/2026,,Active ,
002560,02,Criminal ,30/03/2026,,Active,
001013,07,Criminal,03/11/2025,21/06/2026,DISPOSED,230
001700,01,Youth ,14/03/2026,08/05/2026,disposed,55
002449,03,Civil,13/05/2025,31/07/2025,Disposed,79
003418,01,Criminal,13/10/2024,22/12/2024,Disposed,70
001729,04,family,22/07/2024,12/10/2024,Disposed,82
001981,12,criminal,15/05/2026,,active,
004269,08,Youth ,29/08/2025,16/04/2026,disposed,230
003666,07,Crim,28/10/2025,12/04/2026,disposed,166
001959,04,Youth ,29/05/2026,,Active ,
001459,03,Crim,23/09/2025,08/12/2025,Disposed,76
003351,07,criminal,16/11/2025,04/03/2026,disposed,108
003260,09,CIVIL,27/10/2024,04/10/2025,DISPOSED,342
004076,09,Civil,20/04/2026,30/06/2026,disposed,71
004893,05,CIVIL,14/06/2026,,Active,
002886,10,Crim,05/09/2024,16/08/2024,disposed,138
004556,08,Family Court,26/10/2024,27/11/2025,DISPOSED,397
005064,11,family,24/07/2024,30/10/2024,Disposed, 98
004153,01,civil,05/06/2026,06/08/2026,Disposed,62
001994,13, Family,27/08/2024,12/10/2025,Disposed,411
003239,02,FAMILY,29/07/2024,19/02/2025,Disposed,205
003136,04,criminal,25/04/2026,11/06/2026,disposed,47
004587,05,Civil,26/06/2026,,ACTIVE,
005074,08, Family,19/02/2025,30/01/2026,Disposed,345
002276,12,criminal,08/02/2025,15/05/2026,DISPOSED,461
004671,02, Civil,26/03/2026,,active,
004037,04,Criminal,17/06/2025,25/08/2025,DISPOSED,69
001748,05,Criminal,28/08/2024,15/01/2025,DISPOSED,140
001339,01,CRIMINAL,03/09/2025,11/02/2026,DISPOSED,161
004531,06,CIVIL,13/10/2024,09/03/2025,DISPOSED,147
004300,11, Civil,01/03/2026,05/06/2026,Disposed,  96  
004550,08,Family ,12/06/2025,14/01/2026,Disposed,216
005173,07,Fam,16/05/2025,16/07/2025,disposed,61
001658,05,CIVIL,19/01/2025,15/10/2025,disposed,269
004378,07,Family,04/10/2025,,ACTIVE,
005020,10,Criminal ,22/10/2025,05/01/2026,disposed,75
003958,01,Family,01/05/2026,,Active ,
002771,03,FAMILY,19/08/2025,,Active,
003509,11,CIVIL,15/09/2024,17/03/2025,Disposed,183
002830,05,Youth,13/06/2025,16/06/2026,DISPOSED,368
002320,01,CRIMINAL,25/11/2024,03/03/2025,disposed,98
002678,01,Family,27/09/2025,04/12/2025,DISPOSED,68
004038,11,Criminal,31/07/2024,24/01/2025,disposed,  177  
003119,10,family,23/03/2025,,ACTIVE,
001114,06,youth,09/03/2025,,ACTIVE,
004762,09,Crim,27/11/2025,08/02/2026,disposed,73
001570,02,Criminal ,26/06/2025,07/10/2025,DISPOSED,103
001197,08,youth,04/03/2025,26/06/2025,disposed,114
002737,05,Civil,24/10/2025,23/06/2026,Disposed,242
002884,05,Crim,16/02/2026,26/05/2026,disposed,99
002318,06,CRIMINAL,21/06/2025,11/12/2025,DISPOSED,173
004472,02,civil,26/04/2025,25/07/2025,disposed,90
003703,08,Civil,04/02/2025,31/08/2025,disposed, 208
004533,12,CIVIL,30/09/2024,08/03/2025,Disposed,159
003630,05,CIVIL,02/09/2025,17/07/2026,DISPOSED,318
003475,07,Criminal ,16/05/2026,,ACTIVE,
003054,10, Family,26/11/2024,28/04/2025,disposed,153
003111,12,CRIMINAL,17/09/2024,26/03/2025,disposed,190
002937,11,Crim,10/04/2026,,Active ,
002963,07,Crim,26/08/2024,06/11/2024,Disposed,72
003129,01,CIVIL,15/01/2026,08/05/2026,disposed,113
005017,02,Civil,20/07/2025,18/06/2026,Disposed,333
002013,01,Family ,03/03/2026,,ACTIVE,
003222,06,Fam,16/01/2026,19/04/2026,disposed,93
002446,02,Family ,20/05/2025,23/01/2026,disposed,248
004234,05,CRIMINAL,17/04/2025,01/11/2025,Disposed,N/A
002116,01,Civil,06/11/2025,20/08/2026,disposed,287
001191,08,civil,07/03/2026,,Active,
001952,04,civil,05/05/2026,09/08/2026,Disposed,96
003793,07,CRIMINAL,06/12/2025,,active,
001772,04,Youth ,09/03/2025,27/07/2025,Disposed,140
003631,11,Civil,19/05/2026,12/08/2026,disposed,85
002566,06,YOUTH,25/12/2024,13/02/2025,DISPOSED,50
003855,04,Civil,28/08/2025,28/11/2025,Disposed,92
001384,11,CIVIL,23/09/2024,31/12/2024,DISPOSED,99
002323,02,FAMILY,06/12/2025,06/01/2026,disposed,31
003999,10, Civil,21/04/2026,,Active ,
003158,04,Criminal ,01/01/2025,16/08/2025,DISPOSED,227
004084,06,youth,06/05/2026,23/06/2026,DISPOSED,N/A
003280,09,criminal,30/05/2025,31/10/2025,Disposed,154 
002822,10,Criminal,07/10/2025,22/12/2025,DISPOSED,76
001790,06,civil,13/04/2025,22/01/2026,disposed,284
004808,07,FAMILY,29/08/2024,13/11/2024,disposed,76
005181,09,civil,08/07/2025,,Active ,
001034,12,Civil,20/07/2024,11/01/2025,disposed,175
002465,04, Family,09/05/2026,,ACTIVE,
003892,05, Family,18/10/2024,21/03/2025,Disposed,154
004050,01,Criminal,09/04/2025,03/06/2025,Disposed,N/A
004083,03,criminal,07/08/2025,24/01/2026,Disposed,170
004765,04,family,24/08/2024,25/06/2025,DISPOSED,305
001150,04,Criminal ,03/06/2025,14/09/2025,Disposed,103
004010,06,civil,27/05/2026,,Active ,
002738,08,family,14/10/2025,30/06/2026,disposed,259
002238,06, Civil,20/02/2025,09/09/2025,DISPOSED,201
004291,11,criminal,01/08/2024,18/12/2024,Disposed,139
001333,01, Civil,07/02/2025,20/06/2025,disposed,133
002882,06,CRIMINAL,28/09/2024,16/01/2025,disposed,110
001098,12, Civil,15/12/2024,05/09/2025,disposed,264
004523,07,CIVIL,13/03/2025,16/10/2025,DISPOSED,217
001367,05,civil,29/09/2025,24/01/2026,Disposed,117
001991,01,YOUTH,11/06/2025,17/07/2025,Disposed,36
004366,11,Fam,23/07/2025,17/11/2025,Disposed,117
003078,10,Family,30/10/2024,03/04/2025,disposed,155
003199,06,civil,01/06/2026,,active,
005195,04,family,09/03/2026,27/08/2026,Disposed,171
004640,04, Civil,17/05/2026,,active,
003253,05,family,27/06/2025,,active,
003649,12,Family ,26/02/2026,17/05/2026,DISPOSED,80 
004451,03,Civil,28/04/2025,07/10/2025,disposed,162
004170,11,family,11/03/2025,14/06/2025,disposed,95
001401,02,Criminal,27/12/2024,19/04/2025,Disposed,113
003552,06,CIVIL,15/10/2024,19/09/2025,Disposed,-
001259,10,criminal,08/10/2024,02/11/2024,disposed,25
001724,11,criminal,24/10/2024,13/10/2025,DISPOSED,354
003567,05,YOUTH,24/10/2025,17/02/2026,Disposed,116
001301,03,Yth,27/11/2024,22/12/2024,DISPOSED,25
001185,02,Civil,11/12/2024,04/03/2025,DISPOSED,83
002934,03, Family,08/11/2025,02/04/2026,disposed,145
005049,08,civil,22/01/2025,27/02/2026,disposed,401
003348,11,family,26/04/2026,,Active ,
002632,11,YOUTH,14/05/2026,24/06/2026,Disposed,41
002894,09,civil,08/05/2025,21/03/2026,DISPOSED,317
003466,04,YOUTH,23/03/2025,07/05/2025,disposed,45
001462,06,Civil,27/11/2024,25/06/2025,DISPOSED,210
001341,01,Fam,09/10/2024,25/01/2026,Disposed,473
002702,11, Family,24/09/2025,,ACTIVE,
002923,06,Criminal,13/06/2025,16/07/2025,Disposed,33
001498,03,Family Court,31/01/2025,01/09/2025,disposed,213
003301,02,Criminal ,11/10/2024,03/12/2024,DISPOSED,53
002001,06,criminal,18/06/2025,27/11/2025,DISPOSED,162
001555,02,YOUTH,23/11/2024,21/01/2025,disposed,59
004737,09,Family Court,27/07/2024,19/10/2025,Disposed,449
002299,01,CIVIL,25/07/2025,03/01/2026,disposed,162
001447,04,youth,09/11/2024,19/12/2024,DISPOSED,40
004206,09,CRIMINAL,20/02/2025,07/05/2025,disposed,76
001202,12,CRIMINAL,03/02/2025,20/08/2025,disposed,-
004944,05,FAMILY,30/09/2025,10/08/2026,disposed,314
001030,08,Yth,29/08/2025,29/09/2025,Disposed,31
004984,06,Fam,23/01/2026,06/08/2026,Disposed,195
004705,09,youth,21/04/2026,22/06/2026,Disposed,62
004241,12,Criminal,31/12/2025,18/04/2026,disposed,108
001344,10,Criminal ,24/01/2026,29/07/2026,DISPOSED,-
003246,03,civil,18/06/2025,05/10/2025,Disposed,109
002760,12,Yth,01/07/2024,,Active ,
002334,12,Family,18/02/2025,11/01/2026,disposed,327
001479,05,CIVIL,04/10/2025,20/08/2026,DISPOSED,320
003720,09,civil,14/09/2024,27/12/2024,disposed,104
002839,05,Family ,13/05/2025,06/02/2026,disposed,269
001301,03,Yth,27/11/2024,22/12/2024,DISPOSED,25
001484,05,family,02/10/2024,08/03/2025,DISPOSED,157
003311,04,CIVIL,04/05/2026,,Active,
005084,07,CRIMINAL,06/09/2025,06/12/2025,disposed,91
003816,02,Criminal,09/03/2026,25/06/2026,disposed,108
003200,11,family,15/09/2024,08/02/2025,DISPOSED,146
004901,03,Youth ,23/06/2026,,Active,
004121,09,civil,23/01/2025,10/09/2025,DISPOSED,230
004042,07,youth,07/09/2024,23/11/2024,disposed,77
004264,06,Youth ,16/08/2025,07/02/2026,Disposed,175
005072,11,Youth,06/10/2024,,Active ,
001169,12, Civil,06/02/2025,24/03/2025,disposed,46
002525,02,CRIMINAL,01/05/2026,,active,
001499,06,Criminal,05/10/2025,26/06/2026,DISPOSED,264
002080,04,civil,24/06/2026,,active,
001835,03,Family ,08/10/2025,,Active ,
004494,03,CIVIL,07/06/2026,,ACTIVE,
001567,10,Youth ,18/09/2025,08/11/2025,DISPOSED,51
003542,12,criminal,14/03/2025,25/05/2025,DISPOSED,72
001844,01,Family ,26/04/2026,,ACTIVE,
001632,10,Family,25/10/2024,17/08/2025,Disposed,296
001348,05,Criminal,26/05/2026,,ACTIVE,
001885,09,CRIMINAL,01/05/2026,02/08/2026,DISPOSED,93
001162,09,CIVIL,07/05/2026,,Active ,
002079,09,FAMILY,19/10/2025,02/01/2026,Disposed,75
002863,07,Family ,25/07/2024,23/01/2025,disposed,182
002724,09,Criminal ,30/09/2025,,active,
002670,11,FAMILY,19/10/2025,25/02/2026,Disposed,129
005178,11,CRIMINAL,14/03/2026,16/08/2026,disposed,155
002217,04, Family,18/11/2025,16/07/2026,disposed,240
004395,12,Family,14/08/2024,,ACTIVE,
003061,06,Yth,30/06/2025,,Active,
003229,02,CRIMINAL,26/08/2025,27/10/2025,Disposed,62
003324,01,Fam,28/08/2024,28/10/2024,DISPOSED,61
003657,04,civil,14/07/2024,21/10/2024,disposed,99
001029,04,Family ,19/02/2026,28/08/2026,Disposed,190
004314,10,Civil,10/11/2024,16/02/2025,Disposed,98
001316,05,criminal,24/11/2025,19/05/2026,DISPOSED,176
002101,10,YOUTH,15/07/2024,01/08/2024,DISPOSED,17
001781,07, Civil,27/10/2025,31/03/2026,Disposed,155
002212,07,Family ,09/06/2026,,active,
003506,09,Criminal ,25/05/2025,15/09/2025,Disposed,113
003790,04, Civil,06/11/2025,,ACTIVE,
001910,10,CIVIL,04/03/2026,27/05/2026,DISPOSED,84
002881,08,Family ,16/04/2025,10/12/2025,DISPOSED,238
003745,04,Crim,26/07/2024,07/10/2024,Disposed,73
003832,06,CIVIL,23/01/2026,,Active,
001025,04,Fam,07/04/2026,,Active ,
003198,09,Yth,28/01/2025,09/04/2025,Disposed,71
002227,06, Civil,10/07/2024,08/11/2024,disposed,121
004272,08,civil,03/02/2026,07/05/2026,disposed,93
005077,11,Family,25/11/2025,15/08/2026,DISPOSED,263
003307,04,Crim,25/06/2026,,ACTIVE,
004610,07,CRIMINAL,26/10/2025,24/02/2026,DISPOSED,121
005116,08,FAMILY,17/05/2026,,ACTIVE,
002568,10,Civil,13/11/2025,28/12/2025,disposed,45
001212,08,Criminal,15/04/2026,,Active ,
002764,03, Family,31/10/2024,24/01/2025,disposed,85
003606,01,Criminal ,11/07/2025,,active,
003778,07,Criminal,07/03/2026,,ACTIVE,
005147,11,Youth ,18/10/2024,03/02/2025,Disposed,108
003310,02,Criminal,08/08/2024,03/01/2025,DISPOSED,148
001957,11,youth,16/05/2026,23/08/2026,disposed,99
001714,01,Fam,16/01/2025,15/05/2025,DISPOSED,  119  
004974,02,CIVIL,21/03/2025,17/07/2025,Disposed,118
004356,07,CIVIL,10/10/2025,24/05/2026,disposed,226
003105,11,Fam,21/01/2026,,Active ,
004570,10,Family Court,11/01/2026,,Active ,
004439,12,Fam,23/04/2026,,Active,
002361,07,youth,24/12/2024,04/02/2025,disposed,  42  
002721,02,Youth,17/11/2024,02/12/2024,Disposed,15
001761,04,Civil,30/03/2025,19/08/2025,DISPOSED,142
002650,06,Criminal,13/04/2025,10/08/2025,disposed,119
002529,03,Family,13/08/2025,04/01/2026,DISPOSED,144
003317,11,youth,15/12/2024,12/04/2025,DISPOSED,118
005003,07,CRIMINAL,30/08/2024,21/04/2025,DISPOSED,234
004979,12,Youth,12/04/2025,03/06/2025,Disposed,52 
001343,05,criminal,20/05/2025,,Active,
002630,03,criminal,27/09/2024,31/03/2025,DISPOSED,185
001924,01,Family ,27/03/2025,09/02/2026,Disposed,319
002607,03,Civil,17/05/2026,06/07/2026,DISPOSED,50
005062,02,Criminal ,30/05/2026,06/07/2026,DISPOSED,37
004966,06,CRIMINAL,24/06/2026,,ACTIVE,
003741,02,CRIMINAL,30/08/2024,01/02/2025,Disposed,155
001661,11,CRIMINAL,04/09/2024,,Active ,
002871,07,civil,02/05/2025,20/09/2025,disposed,141
002322,04,Crim,30/12/2024,10/07/2025,Disposed,192
002855,02,Fam,20/05/2026,,ACTIVE,
004065,03,civil,30/06/2025,25/10/2025,DISPOSED,117
004186,09,Fam,20/02/2025,27/06/2025,Disposed,127
004457,08,Criminal,30/09/2024,27/02/2025,DISPOSED, 150
002211,01,youth,14/09/2025,18/02/2026,Disposed, 157
001640,09,family,06/08/2025,18/12/2025,DISPOSED,134
004365,02, Civil,14/04/2025,26/07/2025,DISPOSED,N/A
002997,10, Civil,03/07/2024,24/01/2025,DISPOSED,205
002994,11, Family,06/02/2025,26/05/2025,disposed,109
005069,12,Criminal ,22/12/2025,29/03/2026,DISPOSED,97
001970,07,Youth ,01/04/2025,14/09/2025,DISPOSED,166
001416,08,CIVIL,10/02/2026,,Active,
004052,03,Crim,12/08/2025,,Active ,
002472,08,civil,14/12/2024,20/06/2025,DISPOSED,188
001497,09,youth,07/08/2025,13/12/2025,DISPOSED,128
004771,08,Fam,24/03/2025,28/08/2025,disposed,157
004555,03, Family,23/10/2024,31/07/2025,DISPOSED,281
003879,01, Civil,01/10/2025,20/12/2025,Disposed,80
004053,03,Criminal,23/07/2025,24/08/2025,Disposed,32
001044,07,Family,20/11/2025,11/07/2026,DISPOSED,233
001108,04,civil,26/09/2025,04/05/2026,DISPOSED,220
004164,11, Civil,17/11/2025,07/05/2026,Disposed,171
004133,02,Family ,18/04/2025,12/06/2025,DISPOSED,55
004214,02, Civil,21/12/2025,30/03/2026,disposed,99
001574,12,Fam,30/04/2025,21/11/2025,disposed,205
002068,13,criminal,15/12/2024,23/02/2025,Disposed,70
001441,09,Family Court,24/08/2024,18/11/2025,disposed,451
003431,04,Criminal,13/05/2025,24/10/2025,disposed,164
003019,12,criminal,07/06/2026,,Active,
002015,05,Family,01/05/2025,17/02/2026,Disposed,292
001206,06,youth,28/06/2025,08/09/2025,disposed,72
001688,07,CRIMINAL,22/05/2026,30/07/2026,disposed,69
002506,03,Criminal ,16/12/2024,08/02/2025,DISPOSED,54
002365,11,FAMILY,16/11/2025,17/02/2026,Disposed,93
002160,08,Criminal,12/07/2025,05/10/2025,Disposed,85
004728,12,Criminal,27/11/2025,17/02/2026,DISPOSED,82
003641,10,criminal,11/09/2024,29/11/2024,disposed,79
001888,12,Crim,21/02/2026,01/04/2026,DISPOSED,39
004707,02, Civil,15/11/2025,,Active,
001042,07,Family Court,11/10/2025,27/02/2026,Disposed,139
001424,10,family,12/10/2024,22/01/2025,Disposed,102
003390,01,Crim,23/05/2026,,active,
003998,09,FAMILY,22/05/2026,,active,
004775,03,CRIMINAL,24/05/2025,23/09/2025,disposed,122
005148,12,Civil,17/04/2026,14/08/2026,Disposed,119
002265,11,Civil,01/02/2025,04/07/2025,Disposed,153
001829,10, Family,05/02/2026,,active,
004381,02,Family,26/02/2025,28/09/2025,DISPOSED,214
004709,10,FAMILY,24/05/2026,,Active,
003189,06,CIVIL,27/05/2025,24/04/2026,Disposed,332
002145,07, Family,16/04/2026,,ACTIVE,
003221,06,Crim,18/07/2025,22/08/2025,disposed,35
001698,09,Youth ,17/08/2024,22/11/2024,Disposed,97
002240,12,criminal,09/03/2026,25/05/2026,Disposed,77
003029,09,CRIMINAL,27/09/2024,23/11/2024,Disposed,57
003226,09,CIVIL,07/01/2025,13/07/2025,Disposed,187
004371,05,CIVIL,05/01/2026,,Active,
001383,11,Family,30/11/2024,23/07/2025,disposed,235
003230,09,Civil,17/11/2025,16/08/2026,disposed,272
003656,02,Criminal,14/12/2025,21/05/2026,disposed,158
001568,09,Criminal,28/05/2025,19/08/2025,disposed,83
004845,01,Civil,20/04/2025,18/06/2025,disposed,59
003817,09, Family,06/11/2024,19/12/2024,disposed,43
004923,01, Civil,22/12/2025,01/05/2026,DISPOSED,130
003814,12, Family,17/09/2025,15/06/2026,Disposed,271
001061,10,family,15/06/2026,,ACTIVE,
002513,02,Criminal,10/09/2024,03/04/2025,Disposed, 205
001783,09,YOUTH,09/04/2026,08/06/2026,Disposed,60
003754,12,Family ,25/06/2025,23/08/2025,Disposed,59
001598,10,Family,31/08/2025,09/06/2026,DISPOSED,282
001707,08,Fam,31/08/2025,,Active ,
001299,06,criminal,02/10/2025,07/12/2025,Disposed,66
005004,04,YOUTH,24/06/2025,28/03/2026,DISPOSED,277
003885,03, Family,17/01/2026,14/05/2026,disposed,117
003326,01,CIVIL,11/06/2026,,Active,
004864,06, Family,11/08/2024,06/10/2025,DISPOSED,421
004770,05,FAMILY,18/03/2025,08/01/2026,disposed,296 
003294,03,family,08/07/2024,17/12/2024,Disposed,162
003425,08,Criminal ,28/06/2025,24/11/2025,DISPOSED,149
001109,02,Criminal ,29/06/2025,06/08/2025,Disposed,38
005091,03,criminal,16/07/2024,24/09/2025,disposed,435
001609,12,Criminal ,11/02/2025,25/03/2025,Disposed,42
002874,10,Crim,21/09/2025,14/01/2026,Disposed,115
003037,08, Civil,07/11/2025,,Active ,
002781,04,Youth ,11/04/2026,10/05/2026,disposed,29
002606,02,FAMILY,04/12/2024,04/07/2025,DISPOSED,212
003206,02,criminal,20/07/2025,14/10/2025,disposed,86
004589,02, Civil,12/09/2024,01/05/2025,disposed,231
001841,03,Yth,23/08/2024,14/10/2024,disposed,52
003152,07,Family Court,08/08/2024,30/11/2024,DISPOSED,114
004584,02,civil,06/10/2025,19/01/2026,disposed,105 
002014,01,CRIMINAL,04/04/2026,,active,
004833,05,Family ,02/02/2026,,Active ,
001008,05,FAMILY,31/10/2025,,active,
001453,09,Family,22/10/2024,30/04/2025,Disposed,190
002805,12,civil,09/09/2024,04/02/2025,disposed,148
001192,11,Family ,25/03/2026,02/06/2026,Disposed,69
001460,06,Fam,06/06/2026,,Active,
002769,11, Civil,07/07/2025,21/04/2026,disposed,288
002060,12,CIVIL,13/04/2025,19/06/2025,Disposed,67
001404,09, Civil,19/11/2025,,Active,
002107,08,criminal,01/11/2024,06/01/2025,disposed,66
001943,06,Yth,28/03/2025,21/06/2025,disposed,85
003251,06,criminal,02/04/2025,05/10/2025,disposed,186
001901,05,Criminal ,29/07/2024,28/01/2025,DISPOSED,183
003026,04,YOUTH,26/03/2026,26/08/2026,DISPOSED,153
003902,06,criminal,13/03/2026,21/06/2026,DISPOSED,100
001860,12,Youth,06/03/2025,14/07/2025,DISPOSED,130
004026,07,YOUTH,06/01/2025,12/05/2025,DISPOSED,126
001507,12,criminal,27/03/2025,02/05/2025,Disposed,36
001983,01,Youth ,02/05/2026,25/06/2026,DISPOSED,54
003628,05,Criminal,11/05/2025,,active,
004788,09,Yth,08/05/2026,31/08/2026,DISPOSED,115
003956,06,criminal,13/04/2026,19/05/2026,Disposed,36
003953,01,FAMILY,26/07/2025,,Active ,
004093,07,Civil,14/04/2025,20/06/2025,Disposed,N/A
003586,04,Youth,21/08/2025,01/11/2025,disposed,72
002364,02, Civil,17/04/2026,13/08/2026,disposed,118
004922,07,Criminal,28/10/2024,29/08/2025,disposed,305
001536,06,YOUTH,09/09/2024,01/11/2024,Disposed,53
001667,02,Family ,17/05/2026,,Active,
005187,11, Civil,27/10/2024,17/11/2025,Disposed,386
003711,04,Civil,04/11/2025,17/12/2025,disposed,43
003862,06,Criminal ,21/09/2024,29/11/2024,Disposed,69
002235,01,Criminal,14/02/2025,20/08/2025,disposed,N/A
004643,11,Youth ,21/05/2026,01/08/2026,disposed,72
005075,08,CRIMINAL,22/05/2026,,ACTIVE,
004716,01,Family Court,09/03/2025,,ACTIVE,
003001,11,criminal,23/03/2025,03/10/2025,DISPOSED,194
004554,08,Criminal,07/06/2026,,Active,
002090,01,CRIMINAL,10/10/2024,27/07/2025,disposed,290
002996,11,CIVIL,02/08/2024,26/03/2025,disposed,236
001503,02,Youth,04/03/2026,30/01/2026,DISPOSED,37
001078,10,FAMILY,27/08/2024,23/12/2024,disposed,118
004448,09,CRIMINAL,22/04/2026,,ACTIVE,
001928,03,civil,31/08/2024,22/08/2025,DISPOSED,356
001857,09,Crim,26/08/2024,25/09/2024,disposed,30
002945,05,Crim,14/03/2025,03/07/2025,disposed,111
004367,12,civil,27/10/2024,27/02/2025,disposed,123
002833,02,Criminal ,12/07/2024,23/09/2024,Disposed,73
005160,09,Civil,21/05/2026,03/08/2026,disposed,74
003762,04,Crim,22/07/2025,23/09/2025,disposed,63
002257,05,YOUTH,14/08/2025,30/10/2025,Disposed,  77  
004692,03,Criminal ,17/02/2025,16/07/2025,Disposed,149
002518,07,family,11/04/2026,03/08/2026,DISPOSED, 114
004754,09,CRIMINAL,04/11/2025,02/05/2026,disposed,179
003859,02, Civil,16/06/2026,15/08/2026,DISPOSED,60
003531,11,Crim,12/05/2026,,active,
004161,03,Youth,26/12/2025,09/04/2026,disposed,104
002477,08,civil,27/11/2025,30/06/2026,disposed,-
001273,01,Fam,11/09/2024,19/01/2025,DISPOSED,130
001898,09,Criminal,26/07/2025,14/12/2025,DISPOSED,141
002469,02,YOUTH,19/05/2025,08/08/2025,DISPOSED,81
001066,05, Civil,07/08/2024,16/07/2025,disposed,343
002659,04,Criminal,30/09/2025,19/10/2025,disposed,19
004838,08,Family Court,30/09/2025,,active,
003364,11,Criminal ,16/04/2026,20/08/2026,disposed,126
003495,07,Criminal ,14/05/2025,05/11/2025,DISPOSED,175
003620,01,family,07/07/2025,23/10/2025,disposed,108
002788,10,Criminal ,14/01/2026,,ACTIVE,
004764,07,CRIMINAL,09/08/2025,04/11/2025,Disposed,87
001515,02,criminal,19/03/2026,25/05/2026,DISPOSED,67
004993,10,criminal,25/05/2026,,active,
003092,06,Criminal ,30/12/2024,,active,
004001,10,Criminal ,26/02/2025,05/07/2025,Disposed,129
004802,11,civil,16/08/2025,07/10/2025,DISPOSED,52
003686,12,family,01/12/2025,,ACTIVE,
002134,04,Criminal,24/03/2026,04/06/2026,DISPOSED,72
003378,03,Crim,06/09/2025,19/01/2026,Disposed,135
002392,07,youth,14/10/2025,01/01/2026,DISPOSED,79
001172,12,Criminal ,26/05/2025,26/11/2025,DISPOSED,184
002167,08,Yth,28/02/2026,,ACTIVE,
002791,08,family,03/07/2025,,Active ,
002905,04,Family ,23/07/2025,06/10/2025,disposed,75
004553,02,CRIMINAL,28/05/2026,27/08/2026,DISPOSED,91
004911,01, Family,12/02/2025,,ACTIVE,
002889,01,Criminal,30/08/2024,03/10/2024,DISPOSED,34
004147,09,Criminal ,20/06/2025,28/08/2025,disposed,69
003359,08,Crim,18/07/2025,23/11/2025,disposed,128
002792,09,Fam,30/04/2026,11/08/2026,disposed,103
004266,04,FAMILY,21/05/2026,,Active ,
002374,03,Youth ,25/04/2026,30/05/2026,Disposed,35
002635,11,Criminal ,21/06/2026,30/08/2026,DISPOSED,70
001945,08,CIVIL,12/03/2026,,Active ,
001705,02,family,15/05/2025,22/08/2025,disposed,99
004324,05,Criminal ,23/11/2025,20/05/2026,Disposed,178
005175,03,Criminal ,01/09/2024,12/12/2024,disposed,102
003645,11, Civil,21/08/2025,25/05/2026,DISPOSED,277
003073,02,FAMILY,21/05/2025,10/02/2026,Disposed,265
002685,06,Criminal ,27/05/2025,23/12/2025,Disposed,210
001073,07, Civil,23/06/2026,,Active ,
004107,09,Criminal ,01/06/2026,,ACTIVE,
004860,06,Family,15/05/2026,,Active ,
004174,10,criminal,12/08/2024,11/05/2025,disposed,272
004778,07,Yth,30/07/2024,10/02/2025,DISPOSED,195 
001402,08,Criminal,22/02/2025,16/08/2025,Disposed,175
004230,05,Youth,27/12/2025,,ACTIVE,
001362,06,civil,29/03/2025,24/09/2025,DISPOSED,179
002151,01,criminal,20/07/2025,05/12/2025,Disposed,138
002592,11,youth,09/09/2025,10/03/2026,disposed,182
003288,10,Criminal,05/05/2025,04/10/2025,Disposed,152
001409,04,Crim,25/09/2025,26/02/2026,disposed,154
004110,12, Family,04/11/2025,22/12/2025,disposed,38
004921,04,Civil,13/04/2025,30/07/2025,DISPOSED,108
004835,05,CRIMINAL,27/01/2025,27/06/2026,disposed,516
003777,12,CRIMINAL,10/10/2024,23/03/2025,DISPOSED,164
003171,10,CIVIL,28/06/2026,,active,
003525,07,Youth ,01/04/2026,17/06/2026,disposed,77
001294,10,CRIMINAL,29/03/2026,02/08/2026,DISPOSED,126
001932,02,Family ,21/07/2024,26/10/2024,Disposed,97
003994,06,Criminal ,14/01/2026,14/05/2026,Disposed,120
002617,08,Civil,09/02/2025,03/11/2025,Disposed,267
002234,03,Civil,20/06/2026,,Active,
004245,07,CRIMINAL,22/02/2026,07/06/2026,Disposed,105
001527,02,CRIMINAL,31/03/2026,,Active,
002541,06,Criminal,17/09/2024,05/11/2024,DISPOSED,49
005113,11, Civil,11/06/2026,,Active ,
002808,01,criminal,10/11/2024,11/02/2025,DISPOSED,93
003644,07,youth,13/04/2026,,ACTIVE,
001406,01,criminal,12/10/2025,22/11/2025,disposed,41
001313,09,family,28/06/2026,,active,
002037,01,CRIMINAL,28/03/2026,,ACTIVE,
001380,04,Crim,12/10/2025,21/04/2026,DISPOSED,191
004248,03,Crim,19/12/2024,14/09/2025,disposed,269
004461,11,Criminal ,23/10/2024,30/01/2025,DISPOSED,99
004000,10,criminal,06/07/2025,03/03/2026,disposed,240
004140,12,Criminal,08/07/2025,28/08/2025,disposed,51
004184,11,Criminal ,18/03/2025,15/07/2025,disposed,119
002393,05,family,09/02/2025,27/06/2025,Disposed,138
004293,02,Criminal,25/11/2024,05/02/2025,Disposed,72
002221,12,Criminal ,09/04/2026,28/07/2026,Disposed,110
002230,03,youth,04/11/2024,13/12/2024,disposed,39
001948,04,CIVIL,19/06/2026,,Active ,
002310,11,Criminal,21/09/2025,13/12/2025,Disposed,83
003598,01, Family,27/02/2026,14/07/2026,disposed,137
003115,06,Criminal,05/06/2025,10/09/2025,DISPOSED,97
003369,09,Civil,14/07/2025,20/01/2026,DISPOSED,190
003981,07,family,29/09/2024,23/02/2025,DISPOSED,147
001643,12,YOUTH,24/09/2025,22/11/2025,disposed,59
003752,11,Crim,27/03/2025,17/08/2025,disposed,143
003025,06,Crim,25/03/2025,11/07/2025,DISPOSED,108
003529,01, Civil,15/02/2026,06/06/2026,Disposed,N/A
004431,02,family,25/02/2025,03/04/2025,DISPOSED,37
003865,09,Civil,07/01/2026,01/04/2026,DISPOSED,84
001977,09,criminal,26/03/2025,06/07/2025,Disposed,102
002574,07,Civil,16/06/2026,,ACTIVE,
001546,04,Crim,04/09/2025,02/10/2025,Disposed,-
004013,10,CIVIL,29/10/2024,22/07/2025,Disposed,266
002665,12,Crim,19/11/2025,12/04/2026,Disposed,144
001085,12, Civil,19/07/2024,04/12/2024,disposed,138
003634,08,CRIMINAL,02/11/2025,07/07/2026,disposed,247
002582,09,CRIMINAL,22/12/2024,19/01/2025,disposed,28
004363,08,criminal,02/02/2026,30/08/2026,disposed,209
001691,05,criminal,13/01/2025,22/01/2026,Disposed,374
002335,11,Youth,24/04/2025,27/06/2025,disposed,64
003039,02, Family,01/01/2026,05/04/2026,DISPOSED,94
002747,10,Crim,09/12/2025,05/02/2026,DISPOSED,58
004890,11,FAMILY,23/03/2025,,ACTIVE,
004402,06,family,20/10/2025,08/02/2026,disposed,111
001035,12,Criminal,16/10/2025,04/04/2026,Disposed,170
002753,01, Civil,30/05/2026,,ACTIVE,
004727,02,Youth,19/03/2025,18/06/2025,DISPOSED,91
001675,01,Fam,11/03/2025,18/11/2025,disposed,252
002243,11,youth,14/09/2025,23/01/2026,Disposed,131
002329,11,YOUTH,03/06/2026,,ACTIVE,
003265,04,Civil,27/07/2024,05/05/2025,disposed,282
002236,10,Crim,28/02/2026,20/07/2026,disposed,142
004961,02,Youth ,27/05/2025,31/07/2025,Disposed,65
004474,06,Crim,22/01/2026,16/04/2026,Disposed,84
004260,10,youth,01/09/2024,08/10/2024,Disposed,37
003193,06,Criminal,23/09/2024,06/06/2025,disposed,256
001429,01,Family Court,02/09/2025,07/02/2026,DISPOSED,158
005029,10,Criminal,02/08/2025,21/09/2025,disposed,50
004697,11,CRIMINAL,08/04/2026,,Active,
004195,09,CIVIL,25/02/2025,,active,
003123,07,Family Court,09/04/2025,09/12/2025,DISPOSED,-
004583,01, Family,23/06/2026,,active,
003295,08, Civil,19/03/2025,24/07/2025,Disposed,127
004208,08,Crim,03/02/2025,,Active ,
003068,02,CRIMINAL,22/07/2025,09/09/2025,Disposed,  49  
002936,04, Family,23/06/2025,18/01/2026,DISPOSED,209
004516,08,Criminal ,08/02/2025,22/06/2025,disposed,134
004927,11,Civil,25/07/2024,,ACTIVE,
003986,03,criminal,12/09/2025,,Active,
003852,12,family,11/03/2025,02/05/2025,DISPOSED,52
001207,11,family,24/02/2026,21/07/2026,disposed,147
003513,06,Yth,15/11/2024,24/02/2025,Disposed,101
004159,05,FAMILY,05/08/2025,08/08/2026,DISPOSED,368
004228,01,Civil,25/02/2025,11/09/2025,Disposed,198
004067,03,youth,29/10/2025,06/01/2026,DISPOSED,69
004413,03,Family Court,16/08/2024,,active,
001365,02,family,17/07/2025,,Active,
004821,05,Family,25/06/2026,,ACTIVE,
001807,01,Criminal,06/03/2026,,ACTIVE,
003109,06,Youth ,11/05/2026,04/07/2026,DISPOSED,54
001588,-,Crim,09/06/2025,17/11/2025,DISPOSED,161
004189,08,YOUTH,24/08/2024,29/12/2024,DISPOSED,127
004950,07,Youth ,18/03/2025,23/05/2025,Disposed,66
004519,10,Criminal ,02/09/2024,03/02/2025,Disposed,154
002258,11,criminal,11/11/2024,12/11/2025,DISPOSED,366
003415,05,criminal,06/09/2025,,Active,
001196,01,civil,07/06/2026,18/08/2026,disposed,72
004436,,Family ,06/07/2024,02/11/2025,DISPOSED,484
002010,01, Civil,19/11/2025,,Active,
001335,05,Yth,24/10/2024,13/01/2025,DISPOSED,81
002363,09, Family,01/01/2025,,ACTIVE,
002901,08,CIVIL,28/01/2025,20/03/2025,DISPOSED,51
001308,08,Family,10/10/2024,17/08/2025,DISPOSED,311
003931,06,Crim,13/09/2024,14/02/2025,Disposed,154
001131,08,YOUTH,14/09/2025,26/12/2025,DISPOSED,103
002332,07,civil,10/02/2026,30/07/2026,Disposed,170
004221,09,CIVIL,18/03/2026,05/06/2026,DISPOSED,79
004748,08,Criminal ,29/06/2026,,active,
003392,07,Civil,06/10/2024,19/02/2025,DISPOSED,N/A
003690,05,FAMILY,26/01/2026,,ACTIVE,
002293,09,Criminal ,29/04/2025,16/10/2025,DISPOSED,170
001589,08,Family,09/06/2025,11/07/2026,disposed,397 
003190,09,CIVIL,05/07/2024,,active,
001001,01,Yth,22/06/2026,,Active ,
002025,03,Fam,09/08/2025,04/07/2026,Disposed,329
003714,09,Civil,06/07/2025,29/08/2025,Disposed,54
001373,09,CRIMINAL,24/08/2024,28/12/2024,Disposed,-
001845,12,family,24/11/2025,02/03/2026,Disposed,98
002253,01,youth,19/02/2025,21/04/2025,Disposed,61
004501,01,youth,25/03/2025,,active,
001727,11, Civil,26/11/2025,13/07/2026,Disposed,229
004783,08,FAMILY,23/06/2025,21/04/2026,Disposed,302
004879,11,family,14/03/2025,26/07/2025,Disposed,134
004936,12,Yth,06/09/2025,12/10/2025,DISPOSED,36
004951,01, Family,07/03/2026,04/05/2026,DISPOSED,58
004351,01,FAMILY,16/10/2025,25/02/2026,Disposed,132
002555,09,FAMILY,18/08/2024,02/01/2025,DISPOSED,137
002852,04,Yth,05/09/2024,20/01/2025,disposed,137
004373,07,Fam,24/12/2024,29/11/2025,disposed,340
001929,07,Family ,06/09/2024,13/04/2025,Disposed,219
003312,03,Youth,02/11/2025,30/01/2026,disposed,89
004108,01,Crim,23/03/2026,25/08/2026,Disposed,155
001178,11,Youth ,10/07/2025,04/05/2026,disposed,298
004106,11,Yth,04/04/2026,08/06/2026,DISPOSED,65
002890,04,criminal,03/11/2024,11/02/2025,disposed,100
003471,05,youth,01/01/2025,20/05/2025,Disposed,139
002395,11,Yth,30/05/2025,14/08/2025,Disposed,76
001545,09,Criminal,30/07/2024,31/01/2025,DISPOSED,185
004405,07,Criminal,15/06/2026,,ACTIVE,
004094,12,Family ,20/06/2025,14/10/2025,Disposed,116
003750,08,Youth ,30/10/2024,25/01/2025,Disposed,87
002944,07,criminal,21/04/2026,02/06/2026,disposed,42
001227,11,Fam,21/12/2024,19/06/2025,disposed,180
001897,12,CRIMINAL,29/05/2025,24/11/2025,DISPOSED,179
003357,05, Civil,31/07/2024,01/04/2025,Disposed,244
004892,01,Family ,13/07/2025,08/01/2026,DISPOSED,179
002039,04,Yth,18/03/2026,20/05/2026,DISPOSED,63
001340,06,Fam,02/08/2024,20/07/2025,DISPOSED,352
001544,11,FAMILY,07/12/2025,,Active,
001138,03,criminal,04/11/2024,16/01/2025,Disposed,73
001260,11,youth,26/11/2024,18/02/2025,Disposed,84
001104,05,Civil,01/11/2024,02/05/2025,disposed,182
001534,11,Criminal,13/08/2024,10/10/2024,DISPOSED,58
001547,06, Family,09/08/2025,19/01/2026,disposed,163 
001076,07, Family,14/10/2024,05/06/2025,Disposed,234
004200,06, Family,13/09/2025,28/06/2026,disposed,288
002159,04,CIVIL,27/08/2025,14/05/2026,disposed,260
002371,06,civil,28/06/2025,20/06/2026,disposed,357
003454,10,Family Court,20/09/2025,23/04/2026,Disposed,215
005099,12,criminal,30/10/2024,22/01/2025,disposed,84
001715,09,civil,21/08/2025,24/12/2025,Disposed,125
002484,06,Family Court,04/03/2026,,Active ,
002195,11,family,07/01/2025,20/07/2025,DISPOSED,194
002130,03,Crim,25/09/2025,28/12/2025,disposed,94
003681,08,civil,12/06/2025,05/03/2026,disposed,266
001917,11,Family,11/11/2024,01/09/2025,disposed,294
004645,10,family,11/02/2026,10/05/2026,DISPOSED,88
002228,05, Family,25/10/2024,07/07/2025,disposed,255
003263,06,CRIMINAL,20/06/2026,,Active ,
004628,08,youth,17/12/2024,01/06/2025,DISPOSED,166
001593,11,Civil,26/09/2025,11/06/2026,DISPOSED,258
002410,07,YOUTH,21/04/2025,23/05/2025,disposed,32
003763,02,Family Court,19/09/2025,03/12/2025,Disposed,75
003188,10,Fam,17/11/2025,11/04/2026,DISPOSED,145
002706,02,CIVIL,30/05/2025,25/07/2025,disposed,56
003128,03, Family,26/10/2024,13/03/2025,DISPOSED,138
002588,07,Criminal ,24/05/2025,21/09/2025,disposed,120 
003014,02,CIVIL,27/10/2025,15/04/2026,DISPOSED,170
001814,06,Criminal ,03/02/2026,29/05/2026,DISPOSED,115
002245,02,CIVIL,10/02/2025,12/05/2025,Disposed,91
003494,02,criminal,08/04/2026,,Active,
005101,04,Crim,04/12/2024,21/09/2025,DISPOSED,291
003064,10, Civil,06/01/2025,23/05/2025,DISPOSED,137
004801,05, Family,27/05/2026,,ACTIVE,
004599,11,youth,03/06/2026,,ACTIVE,
001804,11,CIVIL,10/12/2025,,active,
002857,05,CRIMINAL,23/05/2026,,ACTIVE,
004976,01,CRIMINAL,09/01/2025,14/05/2025,DISPOSED,125
002056,11,criminal,14/12/2024,14/03/2025,DISPOSED,90
003131,02,FAMILY,05/04/2026,,Active,
003275,10,Crim,25/03/2026,,active,
004544,05,Youth ,16/07/2025,23/11/2025,DISPOSED,130
003903,07,Family,07/09/2024,18/10/2024,disposed,41
004277,04,CIVIL,17/03/2025,25/10/2025,disposed,222
001713,08,FAMILY,26/11/2025,,Active ,
002700,09, Civil,23/10/2024,27/02/2025,DISPOSED,127
002480,02,Crim,19/08/2024,,Active,
001799,05, Civil,18/06/2025,20/04/2026,disposed,306
004308,04,Criminal ,28/06/2026,,ACTIVE,
002086,05,Criminal,03/03/2025,18/07/2025,Disposed,137
001915,03,CIVIL,09/05/2025,12/01/2026,Disposed,248
001359,02,youth,06/01/2026,19/04/2026,Disposed,103
001689,08,CIVIL,06/09/2025,,Active ,
003555,03,Crim,21/06/2025,19/12/2025,disposed,181
003249,01,criminal,05/02/2025,09/05/2025,Disposed,93
001629,07,Criminal ,10/07/2024,18/01/2025,disposed,192
001473,04,Youth ,17/10/2024,27/12/2024,disposed,71
004002,06,youth,19/12/2024,25/02/2025,disposed,68
003969,08,CIVIL,22/12/2025,,active,
002207,10,FAMILY,12/03/2026,,Active,
005163,07,family,05/04/2025,,ACTIVE,
002237,06,Family Court,08/06/2025,23/12/2025,Disposed,-
002161,01,Youth ,14/12/2024,23/01/2025,disposed,40
001998,10, Civil,02/10/2024,13/03/2025,Disposed,162
002405,06,civil,08/03/2025,01/05/2025,disposed,54
003743,09,Family,17/07/2025,04/01/2026,DISPOSED,171
003463,01,family,17/04/2025,10/02/2026,Disposed,299
004154,04,family,30/06/2025,28/01/2026,disposed,212
004817,02,Yth,24/06/2025,31/01/2026,Disposed,221
002424,07,Crim,13/04/2025,07/06/2025,DISPOSED,55
002840,04,CRIMINAL,06/09/2024,01/11/2024,disposed,56
003897,07,Yth,04/07/2025,20/12/2025,disposed,169
003015,06, Civil,18/03/2026,16/06/2026,disposed,90
003504,07,civil,10/05/2026,04/07/2026,Disposed,55
003819,01,civil,17/12/2024,17/01/2025,Disposed,31
001965,08,Criminal,28/12/2024,01/07/2025,DISPOSED,185
001946,10,criminal,04/03/2025,28/06/2025,disposed,116
004920,06,Criminal ,07/09/2025,28/08/2026,disposed,355
004072,11,family,30/06/2026,,ACTIVE,
003362,08,criminal,28/08/2025,30/07/2026,Disposed,336
001711,06,CRIMINAL,28/07/2024,26/11/2024,disposed,121
003330,01,CRIMINAL,13/07/2025,15/09/2025,disposed,64
002414,05,Family ,10/05/2026,,Active ,
002336,11, Family,19/02/2025,22/09/2025,DISPOSED,215
002284,09,CRIMINAL,29/05/2025,21/08/2025,DISPOSED,84
004886,01,YOUTH,10/08/2025,05/09/2025,disposed,26
003588,06,Fam,20/11/2024,16/04/2025,Disposed,147
001683,09,Fam,24/11/2024,,Active ,
002441,11,CIVIL,25/07/2025,27/09/2025,DISPOSED,64
001004,01,Family Court,01/09/2024,24/01/2025,DISPOSED,145
001145,12,Crim,21/09/2024,15/11/2024,disposed,55
001805,02,CIVIL,13/05/2025,18/08/2025,Disposed,97
003719,10,YOUTH,28/04/2025,16/07/2025,Disposed,79
004895,06,Civil,14/02/2026,08/06/2026,Disposed,114
004482,09,Family Court,21/06/2026,06/08/2026,disposed,46
004952,08,Youth ,19/02/2025,22/06/2025,disposed,123
005106,09, Civil,08/03/2025,25/07/2025,disposed,139
001222,07,YOUTH,08/11/2024,01/02/2025,disposed,85
002343,01,Crim,13/04/2026,19/07/2026,Disposed,97
001526,04, Civil,15/11/2025,22/06/2026,Disposed,219
001846,04,Family ,07/08/2025,05/08/2026,DISPOSED,363
001311,02,Crim,10/08/2025,27/09/2025,Disposed,48
003978,02,Civil,18/03/2026,30/05/2026,Disposed,73
002075,04,civil,27/05/2026,,Active,
003523,01,CIVIL,04/11/2025,17/05/2026,DISPOSED,194
004593,08,civil,30/10/2025,05/06/2026,Disposed,218 
003063,03,CIVIL,13/11/2025,26/02/2026,Disposed,105
001630,10,criminal,23/04/2026,,active,
002730,01,Family Court,16/04/2025,04/10/2025,Disposed,171
001016,05, Civil,04/08/2024,22/12/2024,Disposed,  140  
004658,11,YOUTH,20/06/2026,,Active,
003269,04,FAMILY,11/11/2024,17/05/2025,DISPOSED,187
001132,10,family,05/05/2026,,Active ,
002127,06,Crim,14/10/2024,02/01/2025,DISPOSED,80
001266,08,civil,15/01/2025,15/02/2026,disposed,406
001312,04,YOUTH,22/10/2025,04/03/2026,Disposed,133
001653,07,Criminal,06/11/2024,21/02/2025,Disposed,107
002684,04,civil,04/10/2024,23/01/2025,DISPOSED,111
004980,06,Youth ,14/09/2024,01/12/2024,Disposed,78
001487,07, Civil,14/02/2026,28/06/2026,Disposed,134
001486,04, Civil,06/12/2024,19/08/2025,disposed,256
001601,07,Criminal,25/07/2025,04/12/2025,Disposed,132
002153,04,Criminal ,01/08/2024,27/01/2025,disposed,179 
005146,04,Criminal,27/09/2024,23/11/2024,DISPOSED,57
001803,02,Family,20/12/2024,14/04/2025,DISPOSED,115
002152,10,CRIMINAL,28/02/2025,28/04/2025,Disposed,59
001396,08,criminal,20/02/2026,,Active ,
002638,10,family,14/06/2026,,Active,
001165,05,Criminal ,30/05/2026,,active,
003923,03,Crim,27/04/2026,15/07/2026,disposed,79
003282,12, Civil,15/02/2025,29/06/2025,disposed,134
002528,10,Criminal ,21/10/2025,01/02/2026,disposed,103
003144,02,CIVIL,15/07/2025,23/02/2026,disposed,223
002467,11,CRIMINAL,30/09/2025,28/02/2026,disposed,151
001392,14,Family ,31/05/2026,,ACTIVE,
003492,06, Civil,19/10/2025,15/05/2026,Disposed,208
003501,05,Crim,17/07/2024,08/02/2025,disposed,206
001421,11,Civil,01/07/2025,02/02/2026,disposed,216
005170,04,Family ,24/11/2025,01/06/2026,disposed,189
004624,05,youth,11/09/2025,,Active,
004433,02,Fam,27/08/2024,13/11/2024,Disposed,78
001634,08,Family Court,16/10/2024,17/06/2026,disposed,609
003445,04,civil,20/11/2024,,Active ,
002309,05,FAMILY,25/05/2025,16/05/2026,Disposed,356
004021,09,Family ,31/08/2024,24/06/2025,DISPOSED,297
004109,04,Crim,26/03/2025,,Active ,
002920,02,Family,19/07/2024,23/10/2024,DISPOSED,96
001286,10,Youth ,28/05/2025,13/07/2025,Disposed, 46
004307,09,criminal,18/06/2025,31/10/2025,DISPOSED,135
001235,05, Family,11/12/2025,,Active,
003355,02,CIVIL,24/03/2026,11/07/2026,Disposed,109
001862,03,CRIMINAL,09/03/2026,26/06/2026,DISPOSED,109
004644,08,Criminal,21/10/2024,27/01/2025,DISPOSED,98
002137,11,CRIMINAL,16/04/2025,12/07/2025,disposed,87 
002509,01,YOUTH,22/02/2025,22/04/2025,DISPOSED,N/A
004651,05,Criminal,24/08/2024,13/04/2025,Disposed,232
003299,99, Civil,16/06/2025,11/09/2025,DISPOSED,87
004510,05,criminal,21/10/2025,16/08/2026,Disposed,299
001159,01,CRIMINAL,15/05/2026,17/07/2026,disposed,63
001913,07,Criminal,10/07/2024,30/12/2024,Disposed,173
002669,01,Family,06/03/2025,16/10/2025,Disposed,224
004601,04, Family,20/02/2025,,Active,
001760,11,Criminal,31/05/2026,,ACTIVE,
004045,12,Crim,29/01/2026,03/03/2026,DISPOSED,33
001621,08,Criminal,04/07/2024,11/08/2024,disposed,38
004512,01,CIVIL,06/03/2026,16/05/2026,DISPOSED,71
003934,01,Family,01/04/2025,14/08/2025,disposed,135
004334,01,CIVIL,27/05/2025,22/07/2025,Disposed,56
001766,09,Criminal ,03/01/2026,20/05/2026,disposed,137
002754,11,Fam,12/01/2026,08/04/2026,Disposed,86
004183,06,Criminal,08/04/2026,,ACTIVE,
002930,06,CRIMINAL,13/08/2025,02/06/2026,disposed,293
001252,05,CRIMINAL,26/11/2025,,Active ,
002398,13,Family,15/01/2025,01/12/2025,DISPOSED,-
001717,02,Yth,02/02/2025,17/03/2025,disposed,43
001798,07,Crim,27/11/2024,,active,
001769,07,FAMILY,21/06/2025,24/08/2025,Disposed,64
002030,10,Family Court,05/03/2025,11/09/2025,Disposed,190
004288,12,civil,30/05/2025,02/09/2025,Disposed,95
004710,05,Fam,19/04/2026,,Active ,
001919,09, Civil,17/05/2025,13/07/2025,DISPOSED,57
002799,05,Fam,11/11/2024,04/08/2025,Disposed,266
004337,06,FAMILY,06/06/2025,19/11/2025,DISPOSED,166
002266,02,civil,22/11/2024,05/03/2025,disposed,103
003048,01,Civil,20/03/2025,03/06/2025,disposed,75
004753,10,Civil,16/02/2026,,Active ,
001360,11,Criminal ,12/09/2024,26/01/2025,DISPOSED,136
002736,05,CIVIL,11/01/2025,,active,
003398,06,family,07/10/2025,24/06/2026,disposed,260
002579,09,criminal,10/05/2025,11/11/2025,DISPOSED,185
002186,01,Civil,27/04/2026,,active,
003161,09,Youth,11/11/2025,08/04/2026,disposed,148
004579,02,youth,12/09/2024,05/11/2024,disposed,54
004744,10,criminal,04/10/2025,05/02/2026,Disposed,124
001481,02,civil,12/05/2026,22/07/2026,disposed,71
003676,12,Family Court,22/05/2025,31/05/2026,disposed,374
002517,08,CIVIL,28/11/2024,21/07/2025,disposed,235
002164,02,Criminal ,08/05/2026,30/05/2026,disposed,22
004777,01,CRIMINAL,29/01/2025,28/07/2025,Disposed,180
003706,01,Civil,20/12/2025,12/04/2026,Disposed,113
001293,11,civil,25/03/2025,28/01/2026,disposed,309
004290,12,Civil,24/05/2026,,active,
004146,06,Crim,27/10/2024,08/06/2025,disposed,224
004526,08,Family Court,19/02/2026,,ACTIVE,
002584,04,FAMILY,14/06/2026,,active,
001579,07, Civil,30/03/2026,21/05/2026,disposed,52
003937,09,Civil,27/09/2025,11/03/2026,Disposed,165
001467,06,Crim,07/11/2025,05/04/2026,disposed,149
003929,09,criminal,08/07/2024,24/02/2025,DISPOSED,231
004173,12,Criminal ,07/07/2024,19/12/2024,disposed,165
001270,03,FAMILY,20/08/2025,30/06/2026,Disposed,314
002339,09,Family,06/09/2025,,Active ,
001967,06,Criminal,04/02/2026,31/03/2026,disposed,55
003422,12,FAMILY,22/08/2024,15/02/2025,disposed,177
001052,06,Fam,19/08/2025,06/08/2026,disposed,352
002885,11,criminal,19/05/2025,24/09/2025,Disposed,128
004008,09,Criminal,22/04/2025,09/06/2025,disposed,48
004372,09,CRIMINAL,05/11/2025,27/12/2025,DISPOSED,52
004024,12,civil,30/11/2024,23/03/2025,Disposed,N/A
001880,03,Fam,18/05/2026,,ACTIVE,
001550,05,CIVIL,27/02/2026,21/08/2026,DISPOSED,145
004813,06,FAMILY,31/05/2026,,Active ,
004935,09, Civil,18/02/2025,22/12/2025,DISPOSED,307
003347,02,CRIMINAL,30/07/2024,27/11/2024,Disposed,120
004715,10,Criminal ,24/08/2025,16/11/2025,DISPOSED,84
004099,04, Family,18/08/2025,,ACTIVE,
002965,06,Criminal,02/02/2026,11/05/2026,Disposed,98
003264,10,Crim,07/07/2024,09/12/2024,disposed,155
001866,01,Crim,20/06/2026,,active,
002693,03,youth,18/10/2024,26/11/2024,Disposed,39
004925,07,CIVIL,28/08/2024,04/03/2025,DISPOSED,188
004276,02,Yth,18/04/2025,27/06/2025,Disposed,70
001234,11,criminal,23/05/2026,,ACTIVE,
001562,06,Crim,28/07/2025,15/01/2026,DISPOSED,171
005141,03,CRIMINAL,26/02/2025,21/11/2025,DISPOSED,313
003875,03,Yth,25/10/2025,02/01/2026,DISPOSED,69
003864,07,FAMILY,16/04/2026,,Active,
004201,02,FAMILY,22/01/2025,25/05/2025,disposed,123
002495,05,Family Court,22/06/2026,,Active,
003281,12, Civil,26/03/2025,01/06/2025,disposed,67 
002674,12,family,14/05/2025,,ACTIVE,
002682,06,Crim,27/06/2025,01/11/2025,DISPOSED,127
002796,10,Fam,01/09/2024,07/10/2024,disposed,6
002609,07,CIVIL,03/10/2024,08/05/2025,disposed,217
005080,06,youth,19/07/2025,12/12/2025,DISPOSED,146
004769,06,Criminal ,25/11/2025,07/05/2026,disposed,163
004335,03,Criminal,23/06/2026,29/08/2026,disposed,67
004473,10,family,21/08/2025,03/12/2025,Disposed,104
003356,04,CRIMINAL,23/02/2026,,active,
001608,04,civil,06/02/2026,14/05/2026,Disposed,N/A
003361,10,FAMILY,22/06/2026,,Active,
002772,08,Yth,07/10/2025,18/03/2026,disposed,162
005168,03,FAMILY,27/09/2024,27/05/2025,DISPOSED,242
004091,08,Youth,26/02/2026,23/04/2026,DISPOSED,56
004256,03,Family,30/06/2026,,ACTIVE,
004568,02,Family Court,22/12/2024,08/09/2025,disposed,260
004331,01,Fam,20/04/2026,,Active ,
001071,06,Criminal,08/07/2024,27/08/2024,Disposed,50
002708,02,criminal,02/11/2025,20/01/2026,DISPOSED,79
004081,02,Criminal ,21/09/2025,06/11/2025,disposed,46
001443,06,Civil,11/06/2025,17/05/2026,Disposed,340
004096,07,YOUTH,16/12/2025,10/02/2026,DISPOSED,56
003526,06,Criminal ,02/04/2025,07/06/2025,Disposed,66
001511,03,family,28/08/2024,,Active ,
002129,11,Family,16/06/2025,31/10/2025,DISPOSED,137
002841,11,Family,22/04/2026,,ACTIVE,
002036,12,FAMILY,14/06/2025,15/03/2026,disposed,274
001444,11,Crim,11/09/2024,20/11/2024,Disposed,115
004811,02,CRIMINAL,22/08/2024,01/12/2024,Disposed,101
002498,09,Youth ,24/06/2025,08/08/2025,Disposed,45
003955,03,Criminal,24/09/2024,,Active ,
001208,08,CIVIL,12/12/2025,10/08/2026,disposed,241
001720,12,Yth,26/08/2025,19/09/2025,disposed,24
003520,10,civil,08/05/2025,03/09/2025,Disposed,118
002126,12,Yth,06/01/2026,14/05/2026,Disposed,128
003179,12,Criminal,26/07/2025,26/09/2025,Disposed,62
003730,01,FAMILY,29/09/2025,10/12/2025,disposed,72
001194,02, Civil,16/11/2025,20/03/2026,disposed,124
002242,04,YOUTH,13/10/2025,25/12/2025,DISPOSED,73
004534,02,Crim,06/07/2024,01/03/2025,DISPOSED,238
003096,05,Civil,31/05/2025,,active,
002144,07,Youth ,22/03/2026,02/06/2026,DISPOSED,72
001627,09,Crim,06/10/2025,04/03/2026,Disposed,149
004695,07,Youth ,13/11/2025,31/08/2026,disposed,291
004316,11,CIVIL,02/06/2026,,ACTIVE,
005182,01,Family ,07/12/2024,17/03/2025,DISPOSED,100
004664,02,YOUTH,20/10/2024,12/12/2024,disposed,53
004144,06,criminal,09/08/2025,20/12/2025,Disposed,133
001662,,Criminal,17/03/2026,24/06/2026,DISPOSED,-
002304,05,Criminal,13/09/2024,31/12/2024,disposed,109
001576,02,CIVIL,22/12/2024,30/03/2025,DISPOSED,98
002586,10,Fam,07/07/2025,04/09/2025,disposed,59
005142,10, Civil,13/02/2026,22/04/2026,disposed,68
001856,03,CRIMINAL,25/06/2026,,active,
001954,06,Civil,23/08/2025,08/04/2026,disposed, 228
001357,07,Youth,02/06/2025,07/08/2025,Disposed,66
001292,08,criminal,18/05/2026,,Active,
003915,10,Civil,22/10/2025,17/12/2025,Disposed,56
001927,04,criminal,06/10/2024,21/03/2025,Disposed,166
002837,10, Family,23/04/2025,17/08/2025,DISPOSED,116
005057,11,civil,14/02/2025,28/11/2025,Disposed,287
003112,09,Family,09/07/2025,28/01/2026,Disposed,N/A
004167,01,CIVIL,15/03/2026,,Active,
001620,05,Family,18/03/2025,10/10/2025,Disposed,206
002943,07,youth,22/05/2025,04/08/2025,disposed,74
001903,12,civil,17/02/2026,24/05/2026,DISPOSED,96
004203,06,family,07/03/2025,21/09/2025,disposed,198
004319,07,criminal,16/03/2025,,ACTIVE,
001986,10,civil,14/06/2026,30/07/2026,DISPOSED,46
004859,09,CRIMINAL,02/06/2025,23/08/2025,disposed,82
002689,04,youth,20/02/2025,06/04/2025,DISPOSED,45
005109,07,Family,14/10/2025,16/03/2026,Disposed,153
004750,09,FAMILY,24/06/2026,,Active,
005037,07,Crim,23/11/2024,27/04/2025,DISPOSED,155
001157,02,Family ,11/05/2026,15/07/2026,DISPOSED,65
004789,10, Civil,14/09/2024,29/09/2025,disposed,380
003021,04,Criminal ,13/10/2025,19/04/2026,DISPOSED, 188
003231,02,CRIMINAL,21/05/2026,25/08/2026,disposed,96
001354,02,Civil,04/03/2026,06/05/2026,Disposed,63
003297,12, Civil,14/06/2025,16/07/2025,disposed,32
003594,09,Criminal ,14/02/2026,09/06/2026,disposed,115
003145,10,Fam,03/02/2025,08/07/2025,disposed,155
003500,08,Criminal ,25/10/2025,,active,
004786,03,youth,22/08/2025,29/10/2025,Disposed,68
004760,04,criminal,23/08/2025,22/05/2026,Disposed,272
004409,08,Criminal,13/05/2025,06/09/2025,DISPOSED,116
002277,01,Civil,12/09/2024,04/03/2025,disposed,173
004061,10, Family,26/09/2024,30/10/2024,disposed,34
002317,06,criminal,02/01/2026,15/04/2026,disposed,103
002058,12, Civil,29/09/2024,12/03/2025,DISPOSED,164
003000,03,criminal,25/09/2024,02/04/2025,DISPOSED,189
004590,01,CRIMINAL,13/09/2025,17/01/2026,Disposed,126
002928,06,family,09/09/2025,07/01/2026,DISPOSED,120
004585,06,civil,05/03/2026,,active,
001664,09,CRIMINAL,20/06/2026,,active,
003433,06,FAMILY,23/08/2024,,Active ,
005041,11,FAMILY,18/01/2026,30/04/2026,Disposed,102
003004,06,Family,02/06/2026,,active,
003449,04,Criminal,03/06/2026,12/08/2026,DISPOSED,-
002432,03,Criminal,10/01/2025,10/04/2025,DISPOSED,90
003496,01,civil,16/08/2025,05/12/2025,disposed,111
003568,12,youth,16/05/2026,06/07/2026,disposed,51
003721,10,Criminal ,03/02/2026,19/03/2026,Disposed,44
003472,11, Civil,02/11/2025,28/07/2026,Disposed,268
005114,03,Family ,05/07/2024,29/09/2024,DISPOSED,86
001587,08, Family,12/07/2025,18/06/2026,DISPOSED,341
001635,08,Civil,12/07/2025,09/09/2025,Disposed,59
001423,11,YOUTH,21/06/2026,25/08/2026,disposed,65
001922,05,youth,11/02/2025,,Active,
001964,09,Criminal ,11/10/2025,02/12/2025,disposed,52
002705,08,YOUTH,20/08/2025,13/03/2026,Disposed,205
003408,05,Family,05/04/2026,29/08/2026,Disposed,146
002271,11,Crim,14/11/2024,05/05/2025,disposed,172
003432,12,CIVIL,12/02/2026,26/07/2026,disposed,164
001412,05,criminal,23/04/2026,05/07/2026,Disposed,73
002608,11,Family,08/06/2026,,active,
002486,08,family,21/09/2025,22/01/2026,Disposed,123
004226,05,criminal,16/02/2026,,ACTIVE,
001840,08,criminal,09/09/2024,13/03/2025,disposed,185
002948,09,Family Court,11/11/2025,25/06/2026,disposed,216
003345,01,CIVIL,25/03/2025,16/05/2025,disposed,52
002909,10,Family,12/06/2025,17/08/2025,DISPOSED,66
004945,06,Criminal ,14/10/2025,03/01/2026,Disposed,81
004023,12,Family ,19/06/2025,,Active,
004985,02,Youth ,25/02/2026,26/03/2026,disposed,29
002651,11,Youth,06/11/2024,,active,
002411,02,Fam,23/10/2025,21/03/2026,Disposed,149
003491,05,CRIMINAL,15/09/2025,,ACTIVE,
003810,09,Criminal ,03/03/2025,17/07/2025,DISPOSED,136
004745,11,Family ,09/09/2025,25/06/2026,Disposed,289
005165,05,Crim,23/04/2026,,Active ,
003685,04,Youth,18/12/2024,24/03/2025,DISPOSED,96
001158,02,Youth ,03/11/2025,16/04/2026,disposed,164
003804,09,Criminal,18/10/2024,28/01/2025,disposed,102
003266,08,Criminal,06/11/2025,05/01/2026,DISPOSED,60
002220,02,Family Court,15/12/2024,15/08/2025,DISPOSED,243
003907,04,criminal,05/05/2025,09/12/2025,DISPOSED,218
002391,08,Civil,22/11/2024,06/01/2025,disposed,45
002311,02,Criminal,16/10/2025,27/01/2026,Disposed,103
003476,01,Family Court,02/09/2025,05/02/2026,DISPOSED,156
002017,10, Civil,27/06/2026,16/08/2026,DISPOSED,50
003672,10,Crim,25/08/2024,27/12/2024,Disposed,124
004282,11, Civil,03/03/2025,19/08/2025,Disposed,169
004267,12,Civil,22/06/2025,06/10/2025,disposed,106
001134,06,Criminal,21/03/2025,07/06/2025,DISPOSED,78
001606,05,Crim,25/07/2024,08/07/2026,Disposed,713
003245,12,Civil,13/08/2025,05/02/2026,disposed,176
002780,06,Civil,18/02/2025,,ACTIVE,
003769,01,criminal,19/11/2025,02/03/2026,DISPOSED,103
002873,05,CRIMINAL,09/08/2024,01/12/2024,Disposed,114
003658,05,Criminal,15/09/2024,01/07/2025,DISPOSED,289
004548,01,Crim,27/07/2024,22/12/2024,DISPOSED,148
004383,11,Criminal ,03/11/2025,04/03/2026,DISPOSED,121
001226,08,civil,30/10/2025,,active,
001405,02,FAMILY,28/11/2024,25/05/2025,DISPOSED,178
005047,08,CRIMINAL,20/05/2026,,active,
004018,09,Civil,08/07/2024,18/12/2024,Disposed,163
003713,03,Youth,19/04/2025,22/09/2025,disposed,156
003371,06,CIVIL,26/03/2026,10/07/2026,Disposed,106
002466,01,Yth,29/01/2026,30/04/2026,disposed,91
001303,12,family,19/06/2025,08/10/2025,Disposed,111
002489,08,family,12/11/2024,22/09/2025,Disposed,314
004243,06,CIVIL,04/01/2026,27/03/2026,Disposed,82
003876,05, Civil,20/04/2026,,Active ,
004257,07,Youth,10/04/2025,,Active ,
001115,06,family,05/07/2024,26/10/2025,DISPOSED,478
003566,01,YOUTH,27/02/2026,08/07/2026,disposed,131
003738,09,YOUTH,22/03/2025,20/06/2025,Disposed,N/A
001069,03,Fam,28/04/2026,,active,
003605,08,YOUTH,15/07/2024,17/11/2024,Disposed,125
003507,08,Criminal ,06/02/2026,,active,
002503,11,YOUTH,05/12/2025,17/07/2026,disposed,224
004349,12,CIVIL,21/08/2024,27/02/2025,disposed,-
003596,11,Criminal ,09/11/2025,02/03/2026,DISPOSED,113
003914,01,Youth ,06/04/2026,,ACTIVE,
004231,11,CRIMINAL,30/11/2024,01/01/2025,Disposed,32
004756,02,youth,17/03/2025,03/05/2025,DISPOSED,47
004889,06,FAMILY,02/03/2026,,active,
001349,07,civil,26/10/2024,21/04/2025,Disposed,177
001900,03,Criminal,27/02/2026,,active,
002980,11,Family Court,06/02/2025,,ACTIVE,
003916,10,Criminal ,12/01/2026,12/12/2025,Disposed,71
004830,09,civil,03/09/2024,31/10/2024,Disposed,58
001966,11,CIVIL,22/04/2026,,Active ,
005008,04,criminal,15/09/2024,15/06/2025,Disposed,N/A
001474,11,CRIMINAL,13/12/2025,03/06/2026,DISPOSED,172
003481,11,civil,06/10/2024,22/05/2025,Disposed,228
004253,03,Crim,24/12/2024,21/02/2025,disposed,59
001468,04, Civil,05/01/2025,03/04/2025,DISPOSED,88
001247,12,CRIMINAL,20/05/2025,09/08/2025,DISPOSED, 81
001701,07,Civil,30/07/2025,01/07/2026,Disposed,336 
003701,12,CIVIL,24/01/2025,03/05/2025,disposed,99
002493,08,criminal,31/07/2024,14/02/2025,disposed,198
002520,01,FAMILY,06/06/2026,,Active ,
003881,12,Civil,11/06/2025,27/10/2025,Disposed,138
002716,02,Family,18/10/2025,19/04/2026,Disposed,183
003889,03,Youth ,10/07/2024,15/08/2024,DISPOSED,36
005051,02,Crim,02/02/2026,29/03/2026,disposed,  55  
003776,06,Criminal,22/02/2025,28/08/2026,DISPOSED,552
003086,01,Youth ,27/10/2025,31/12/2025,DISPOSED,65
003948,07,Civil,09/07/2024,15/02/2025,DISPOSED,221
001738,01,CIVIL,05/11/2024,17/03/2025,Disposed,132
002491,03,Fam,13/11/2024,04/04/2025,disposed,142
004525,01,youth,08/02/2025,12/06/2025,disposed,124
001284,11,CIVIL,22/03/2025,30/10/2025,disposed,222
004455,08,criminal,29/03/2026,,Active,
001896,09,Family ,10/06/2025,,ACTIVE,
002479,02,criminal,04/08/2025,20/12/2025,Disposed,183
004403,01,Family,04/09/2025,11/11/2025,disposed,68
003522,12,FAMILY,10/07/2025,25/10/2025,DISPOSED,107
003328,09,CRIMINAL,26/05/2025,17/11/2025,Disposed,175
002285,01,Fam,06/04/2026,29/07/2026,disposed,114
004998,02,CIVIL,15/01/2025,22/07/2025,disposed,188
002305,03,Family Court,22/02/2026,19/07/2026,DISPOSED,147
002745,08,YOUTH,22/03/2025,,active,
001334,08, Family,16/04/2025,01/11/2025,DISPOSED,199
004470,09,Yth,30/09/2024,22/12/2024,disposed,83
004931,04,civil,03/11/2025,10/02/2026,Disposed,99
003547,12,Criminal,16/09/2025,21/11/2025,DISPOSED,66
003094,07,family,02/12/2024,22/05/2025,Disposed,171
001993,09,Criminal,30/08/2025,24/10/2025,Disposed,55
005174,01,Crim,30/10/2024,15/01/2025,Disposed,77
002384,07,CIVIL,24/11/2024,17/03/2025,DISPOSED,113
004190,03,Crim,15/05/2025,17/09/2025,Disposed,125
002287,08,civil,19/06/2025,,ACTIVE,
001775,12,Criminal ,07/05/2026,21/08/2026,disposed,96
004251,03,Family ,16/05/2026,,ACTIVE,
004693,03,FAMILY,18/05/2025,26/07/2025,disposed,69
001464,01,CIVIL,28/06/2026,,ACTIVE,
002714,06,criminal,15/11/2024,15/02/2025,disposed,92
003066,02, Civil,16/04/2025,02/10/2025,DISPOSED,169
001521,04,CIVIL,05/10/2025,04/03/2026,Disposed,150
005197,09,civil,20/01/2025,07/08/2025,disposed,199
002435,10,FAMILY,05/12/2026,10/07/2026,DISPOSED,261
004188,05, Family,20/05/2025,,Active ,
003414,09,civil,10/05/2025,11/09/2025,DISPOSED,124
004986,10,Crim,27/08/2025,28/12/2025,DISPOSED,123
001224,12,CIVIL,23/06/2026,,Active ,
001920,08,FAMILY,18/11/2024,21/10/2025,disposed,337
001774,10,Family ,20/03/2026,31/08/2026,DISPOSED,164
002966,03,Youth,30/09/2025,24/12/2025,Disposed,85
002094,12,Criminal,14/04/2025,05/07/2025,disposed,82
003661,05,Crim,03/02/2025,13/04/2025,Disposed,69
003339,07,Family Court,16/07/2024,09/08/2025,disposed,N/A
003590,11, Family,30/01/2026,,ACTIVE,
002290,03,Crim,05/09/2025,09/12/2025,DISPOSED,95
003512,08,Yth,13/06/2025,17/11/2025,Disposed,-
002578,01,Crim,01/04/2025,11/06/2025,disposed,71
004846,07,CRIMINAL,08/08/2025,01/10/2025,disposed,54
003169,01,CIVIL,19/04/2025,20/01/2026,DISPOSED,276
004723,09,civil,20/10/2025,,Active ,
003514,04,criminal,07/04/2026,27/06/2026,DISPOSED,81
001204,06,Crim,25/11/2024,20/02/2025,DISPOSED,87
002798,12,Youth,09/02/2025,,Active,
004683,03,Civil,28/11/2024,03/04/2025,DISPOSED,126
004223,14,civil,15/05/2026,01/07/2026,Disposed,47
004766,09,Family ,26/02/2025,19/05/2025,DISPOSED,82
004578,08,Criminal ,02/03/2025,20/11/2025,Disposed,263
001500,05,Criminal ,02/07/2025,26/09/2025,DISPOSED,86
004049,07,Family,09/09/2024,12/06/2025,disposed,276
003485,06, Civil,09/08/2024,24/12/2024,DISPOSED,137
003740,10,Fam,14/02/2025,24/11/2025,disposed,283
002337,12,Criminal ,26/03/2025,03/06/2025,disposed,69
002554,11,Civil,28/04/2026,,active,
002571,02,Family ,26/03/2025,26/01/2026,Disposed,306
002988,06,Civil,30/01/2025,,Active,
002180,03,Fam,19/12/2025,22/03/2026,disposed,93
002848,02,Criminal,07/01/2025,13/02/2025,Disposed,37
004900,03,CRIMINAL,25/07/2025,,Active ,
002018,09,YOUTH,25/07/2024,14/10/2024,disposed,81
003822,10,civil,02/11/2024,03/03/2025,disposed,121
001063,05,Youth ,13/03/2025,28/08/2025,disposed,168
002062,04,criminal,05/01/2026,02/05/2026,disposed,117
002425,,family,15/03/2026,,active,
002549,03,Crim,15/07/2025,30/11/2025,DISPOSED,138
004027,05,Civil,29/08/2025,,Active ,
004019,09,Family,31/10/2025,25/07/2026,Disposed,267
002063,05,Civil,17/09/2024,25/10/2025,Disposed,403
001269,06,Family ,29/05/2025,08/01/2026,DISPOSED,224
001940,09,Civil,08/03/2025,19/06/2025,Disposed,  103  
002325,01,Crim,14/08/2025,14/11/2025,Disposed,92
002157,04,family,29/05/2025,02/05/2026,Disposed,338
003803,11,Criminal,30/07/2024,15/01/2025,disposed,169
005034,05, Family,29/12/2024,20/02/2026,DISPOSED,418
004929,08,youth,25/01/2025,12/05/2025,disposed,107
003624,07,Youth,07/04/2026,14/07/2026,disposed,-
004861,09,Criminal ,03/07/2024,13/02/2025,Disposed,225
001121,06,CRIMINAL,21/03/2026,,Active,
004678,03, Civil,03/03/2025,24/06/2025,DISPOSED,113
004358,10,Crim,29/01/2025,21/05/2025,disposed,112
001274,08,Family ,06/09/2025,04/03/2026,DISPOSED,179
003396,12,Family Court,12/04/2025,30/11/2025,DISPOSED,232
002656,02,Family,23/04/2026,,Active ,
001861,12,criminal,19/09/2025,29/01/2026,Disposed,132
001045,11,CIVIL,18/07/2025,14/01/2026,Disposed,180
002823,02,family,10/11/2025,19/05/2026,Disposed,190
001950,05,Criminal ,04/05/2026,,active,
004302,05,Family,27/06/2026,,Active ,
004040,09,Criminal ,13/10/2024,26/03/2025,Disposed,164
004503,09,family,27/10/2025,25/04/2026,DISPOSED,180
002743,10,family,06/11/2024,08/04/2025,Disposed,153
001283,03,civil,25/02/2025,04/01/2026,disposed,313
001062,12,YOUTH,11/03/2026,06/04/2026,DISPOSED,26
003943,13,Criminal ,17/01/2025,14/02/2025,disposed,28
001065,03,Fam,21/08/2024,04/12/2024,disposed,105
003427,03,Family ,02/05/2025,16/04/2026,Disposed, 349
004192,06,CIVIL,05/07/2025,17/08/2026,Disposed,408
001155,08,criminal,12/04/2026,,active,
004836,02,Family Court,30/06/2025,14/01/2026,Disposed,198
002353,09,Family,22/11/2024,08/01/2026,Disposed,412
002981,05,Youth ,14/10/2024,01/01/2025,disposed,79
001911,06,Criminal,21/12/2024,15/02/2025,Disposed,56
001480,11,Criminal ,20/06/2026,,Active ,
002626,05,CIVIL,24/10/2025,15/06/2026,DISPOSED,234
004080,01,YOUTH,11/08/2025,12/12/2025,disposed,123
001795,03,YOUTH,06/10/2025,05/05/2026,Disposed,211
003315,01, Civil,21/03/2026,03/06/2026,disposed,74
001012,06,Family Court,04/11/2025,,active,
002968,07,YOUTH,28/08/2025,09/11/2025,Disposed,73
003003,09, Civil,22/12/2024,01/11/2025,disposed,314
004158,12,Criminal ,25/04/2026,13/07/2026,Disposed,79
001592,11,criminal,23/07/2024,12/11/2024,DISPOSED,112
004703,09,criminal,21/10/2024,10/02/2025,disposed,112
003961,04,CIVIL,31/07/2024,04/12/2024,disposed,126
003970,06, Family,03/12/2024,18/05/2025,Disposed,-
004237,11,CRIMINAL,03/06/2025,21/11/2025,disposed,171
001087,01,civil,24/10/2024,05/10/2025,disposed,346
001996,01,Civil,13/01/2025,04/06/2025,disposed,142
004401,05,YOUTH,19/02/2026,15/06/2026,disposed,116
003164,11, Civil,08/02/2026,20/06/2026,DISPOSED,132
003033,03,Crim,10/12/2024,15/05/2025,disposed,156
003924,09,YOUTH,25/12/2025,30/01/2026,Disposed,36
002964,07, Civil,02/08/2025,11/11/2025,DISPOSED,101
002046,04,Family,10/04/2025,21/09/2025,disposed,164
001696,03,Crim,06/03/2025,24/06/2025,disposed,110
002095,04,Criminal,06/03/2026,,active,
002913,01,Youth ,05/11/2025,13/06/2026,Disposed,220
001784,08,Criminal,25/01/2026,,ACTIVE,
001581,02,YOUTH,20/09/2024,30/09/2024,Disposed,10
002100,04,Crim,09/07/2024,23/05/2025,Disposed,318
003235,10,Criminal,13/03/2026,27/03/2026,Disposed,14
001828,04,criminal,30/09/2025,,active,
002749,09,Youth ,16/05/2026,29/07/2026,DISPOSED,74
001217,02,family,30/08/2025,06/05/2026,Disposed,249
002457,12, Family,13/04/2025,16/04/2026,disposed,368
002538,02,Youth,15/12/2024,07/02/2025,DISPOSED,54
002055,11, Civil,06/10/2024,,Active,
002610,06,Family,14/09/2024,31/05/2025,disposed,259
004499,01,Family Court,16/12/2025,23/03/2026,DISPOSED,N/A
002844,07,criminal,14/08/2024,21/12/2024,disposed,129
003166,07,Crim,02/10/2025,30/11/2025,DISPOSED,59
004724,08,Fam,10/05/2025,19/11/2025,Disposed,193
002763,04,FAMILY,27/04/2025,07/07/2025,disposed,71
002155,08,Fam,11/08/2024,22/05/2025,Disposed,284
003435,08,CIVIL,24/10/2024,11/03/2025,Disposed,138
003890,02,Criminal ,23/08/2024,26/11/2024,disposed,95
004702,09,criminal,02/11/2025,06/03/2026,Disposed,124
003993,12,criminal,19/10/2024,12/12/2024,DISPOSED,54
003012,04,family,14/11/2024,11/06/2025,Disposed,209
003213,11,family,16/05/2025,03/10/2025,DISPOSED,140
001870,05,CRIMINAL,21/09/2025,26/02/2026,Disposed,-
002553,09,Youth,16/03/2026,15/05/2026,disposed,60
001117,02,CRIMINAL,26/07/2025,22/10/2025,Disposed,88
004852,02,Family ,27/06/2026,,ACTIVE,
001681,06,Family,10/02/2026,,Active ,
001817,10,civil,13/07/2024,14/09/2024,DISPOSED,63
003258,06,CRIMINAL,28/12/2025,,Active ,
003540,11,criminal,05/11/2024,09/08/2025,DISPOSED,277
003346,03,Criminal ,17/01/2026,,ACTIVE,
003046,10,criminal,21/05/2025,01/09/2025,disposed,103
003877,10,Family,27/02/2026,21/05/2026,DISPOSED,83
004518,05,Youth,09/11/2025,,active,
004029,03,Criminal,01/08/2024,27/10/2024,DISPOSED,87
003272,04,YOUTH,18/07/2024,01/01/2025,DISPOSED,167
002413,08,criminal,17/06/2025,28/03/2026,DISPOSED,284
003053,11,Crim,13/03/2025,13/05/2025,Disposed,61
002241,06,CRIMINAL,28/11/2024,09/02/2025,disposed,73
004618,08,Crim,23/11/2024,27/08/2025,Disposed,-
003077,05,civil,30/05/2026,,active,
001990,09,YOUTH,29/09/2024,18/11/2024,DISPOSED,50
001516,05,Family Court,08/12/2024,,ACTIVE,
005196,06, Family,07/08/2024,21/11/2025,disposed,471
003058,11,CRIMINAL,13/10/2025,,Active ,
002752,12,Family ,01/10/2025,22/02/2026,disposed,144
004874,04,Civil,31/05/2025,,Active ,
004428,04,YOUTH,05/05/2026,22/07/2026,Disposed,78
002316,11,CRIMINAL,25/06/2026,04/08/2026,disposed,40
001407,09,Family Court,20/10/2024,22/02/2025,disposed,125
002406,03,civil,24/03/2025,04/08/2025,disposed,133
004975,11,Crim,04/06/2025,18/09/2025,DISPOSED,76
004311,06,criminal,03/08/2024,01/11/2024,Disposed,90
005090,11,CIVIL,02/08/2024,03/02/2025,DISPOSED,185
002979,11,civil,30/09/2024,05/03/2025,Disposed,156
001543,11,criminal,26/11/2025,04/07/2026,DISPOSED,220
004633,06,Youth,30/10/2024,06/01/2025,Disposed,68
003194,07,Criminal ,02/11/2025,27/01/2026,disposed,86
001744,10,Fam,27/05/2026,,Active ,
004400,06,criminal,07/07/2025,,Active ,
003674,12,CIVIL,07/03/2026,29/07/2026,DISPOSED,144
005190,07,Crim,26/02/2026,,Active ,
004776,07,CRIMINAL,28/04/2025,23/12/2025,DISPOSED,239
002076,08,CIVIL,16/02/2026,,ACTIVE,
004444,06,CRIMINAL,07/11/2025,19/05/2026,Disposed,193
002834,02,CIVIL,03/07/2024,13/08/2024,DISPOSED,41
004087,06, Civil,25/12/2024,24/03/2025,DISPOSED,89
004957,07,youth,14/01/2025,12/04/2025,disposed,88
002984,07, Civil,24/02/2026,25/06/2026,Disposed, 121
003238,12,Fam,19/04/2026,,Active ,
002187,04,Civil,11/12/2025,11/04/2026,disposed,121
001923,07,youth,23/04/2026,22/06/2026,DISPOSED,60
001213,07,Youth ,04/03/2025,04/07/2025,disposed,122
002204,03,Youth ,05/09/2024,04/12/2024,Disposed,90
004172,10,CRIMINAL,06/06/2025,06/09/2025,DISPOSED,92
002558,03,Crim,13/08/2024,13/01/2025,Disposed,153
002671,10,Youth,18/11/2024,23/02/2025,Disposed,97
003667,03,civil,03/03/2026,,Active ,
001525,07,Family,06/04/2025,26/11/2025,DISPOSED,234
001878,05,criminal,04/11/2025,22/04/2026,Disposed,169
004992,07,Fam,17/08/2025,27/10/2025,Disposed,71
003352,09,civil,09/08/2025,26/11/2025,disposed,109
002893,01,YOUTH,02/08/2024,20/08/2024,disposed,18
001851,12,Criminal,06/09/2025,25/10/2025,disposed,49
001665,10,youth,01/08/2024,16/10/2024,Disposed,76
005018,03,CIVIL,26/05/2026,,ACTIVE,
003801,02, Civil,01/10/2025,01/05/2026,Disposed,212
003202,07,Youth ,06/01/2026,22/01/2026,Disposed,16
004211,02,Civil,13/03/2026,,Active ,
004956,10, Civil,01/12/2025,,ACTIVE,
001512,11,Youth ,24/09/2024,22/12/2024,disposed,89
003946,05,Family ,19/03/2026,,Active ,
004263,02,Family,05/04/2025,15/08/2025,Disposed,132
003101,06,family,24/10/2025,,Active,
004089,11,FAMILY,26/10/2025,,ACTIVE,
004271,03,Family Court,25/07/2024,26/01/2025,DISPOSED,185
004883,03,Criminal ,01/06/2026,,Active,
003155,10,CRIMINAL,07/08/2025,02/10/2025,DISPOSED,56
001236,11, Civil,24/02/2026,16/04/2026,disposed,51
004577,07,civil,03/05/2026,18/08/2026,Disposed,107
004741,06,Criminal,27/11/2025,,ACTIVE,
001254,08, Family,16/12/2025,27/07/2026,disposed,223
001086,07,CIVIL,21/02/2025,18/06/2025,disposed,117
001037,05,Fam,29/01/2026,,Active ,
001031,05, Family,06/10/2024,08/07/2025,Disposed,275
002776,06,Family,26/02/2026,17/08/2026,DISPOSED,172
002983,02,Youth ,16/11/2024,20/01/2025,disposed,65
001666,05,CRIMINAL,31/08/2025,06/11/2025,disposed,67
003971,04,CIVIL,15/05/2026,26/07/2026,DISPOSED,72
001060,09,Civil,16/01/2025,28/03/2025,DISPOSED,71
002272,11,criminal,03/05/2025,12/11/2025,disposed,193
004460,03,Criminal ,04/07/2025,11/09/2025,Disposed,69
003353,06,Family ,28/02/2025,19/05/2026,disposed,445
002544,06,Criminal ,18/01/2025,05/08/2025,disposed,199
003597,01,Yth,26/01/2026,06/08/2026,Disposed,192
001728,08,civil,20/06/2026,,ACTIVE,
001336,08,Youth ,12/05/2025,15/07/2025,DISPOSED,64
001043,09,CRIMINAL,01/12/2025,13/04/2026,Disposed,133
004227,02,Family ,26/08/2025,25/11/2025,disposed,91
004380,02,Civil,17/02/2026,11/06/2026,disposed,114
002006,04,civil,06/07/2025,16/10/2025,DISPOSED,102
004207,10,FAMILY,20/02/2026,04/08/2026,DISPOSED,165
002658,09,Civil,26/03/2026,28/07/2026,disposed,124
001130,03,Fam,09/07/2025,01/10/2025,DISPOSED,84
003807,04, Civil,26/07/2024,24/12/2024,disposed,151
002818,09,CRIMINAL,23/05/2025,04/09/2025,disposed,104
003773,03,civil,21/02/2025,10/12/2025,disposed,  292  
001509,03, Family,28/04/2026,,active,
004495,01,criminal,21/06/2025,14/09/2025,DISPOSED,85
001941,01,Crim,24/09/2024,31/12/2024,DISPOSED,98
005126,12,Criminal ,25/12/2024,10/03/2025,disposed,75
004194,08,Yth,09/06/2026,16/08/2026,disposed,68
001858,05,YOUTH,11/04/2026,31/07/2026,disposed,111
002433,04,civil,04/10/2024,,active,
004913,01, Family,07/06/2025,05/10/2025,DISPOSED,120
004996,11,Criminal ,05/06/2025,05/10/2025,disposed,122
004511,09,Family,17/03/2026,,Active,
003261,02,civil,02/04/2025,21/04/2025,DISPOSED,19
002883,03,Criminal,23/06/2026,26/08/2026,disposed,64
001201,08, Civil,18/09/2025,05/03/2026,DISPOSED,168
005176,04,Youth,07/05/2026,20/07/2026,DISPOSED,74
002423,02,CIVIL,25/05/2025,20/11/2025,disposed,179
004007,03,civil,09/11/2024,,Active,
002034,12,civil,13/06/2026,,Active ,
003980,,Criminal ,22/12/2024,14/07/2025,Disposed,204
001975,07,FAMILY,13/04/2026,,ACTIVE,
003224,03,Criminal ,05/12/2025,12/02/2026,Disposed,69
003712,08,Family,04/05/2025,,Active ,
004962,12,CRIMINAL,06/02/2026,13/05/2026,disposed,96
002807,08,CIVIL,25/10/2024,08/08/2025,disposed,287
001318,10,Crim,16/02/2025,01/06/2025,Disposed,105
004691,03,CIVIL,15/08/2025,23/02/2026,DISPOSED,192
003985,05,Criminal,10/06/2026,,active,
003683,11,Crim,27/01/2026,08/05/2026,DISPOSED,101
002038,01,CRIMINAL,28/11/2024,24/02/2025,disposed,88
002829,02, Family,16/11/2025,01/06/2026,Disposed,197
001813,07,CIVIL,11/04/2025,11/06/2025,Disposed,61
004339,10,CRIMINAL,04/04/2025,30/04/2025,disposed,N/A
002646,03,Yth,10/08/2024,24/10/2024,Disposed,75
003910,01,Criminal ,16/06/2025,29/07/2025,Disposed,53
003321,09,CRIMINAL,23/03/2025,14/06/2025,disposed,83
003118,07,Family,08/07/2025,21/11/2025,disposed,136
002728,08,CRIMINAL,16/08/2024,12/10/2025,disposed,-
003823,03,civil,19/11/2025,03/02/2026,Disposed,76
005157,03, Civil,13/07/2025,02/04/2026,DISPOSED,263
001734,09,CRIMINAL,20/05/2025,08/10/2025,DISPOSED,141
004169,12, Civil,20/02/2026,,active,
001528,05,civil,22/11/2025,,active,
003920,02,family,15/10/2025,10/02/2026,disposed,118
002394,08,Youth ,22/01/2025,22/10/2025,Disposed,273
004333,03,Criminal,24/09/2025,,ACTIVE,
002202,08,Civil,30/08/2025,13/01/2026,disposed,136
004441,10,CRIMINAL,03/12/2024,05/03/2025,Disposed,92
001295,11,Criminal ,15/11/2025,21/03/2026,Disposed,126
004612,09,Criminal,23/02/2026,,Active,
005059,07,CRIMINAL,13/08/2024,04/02/2025,Disposed,175
001823,01,Criminal ,17/09/2024,21/01/2025,disposed,126
004832,01,Criminal,28/04/2025,10/10/2025,disposed,165
002774,11,Criminal,20/07/2025,12/02/2026,Disposed,207
002326,07,Criminal ,12/12/2025,,active,
003488,12,Family ,25/06/2025,28/12/2025,DISPOSED,  186  
003377,06,CIVIL,24/11/2024,01/04/2025,disposed,128
003751,07,Family Court,28/01/2025,29/10/2025,DISPOSED,274
004477,04,Criminal,06/12/2024,,Active ,
004888,05,Yth,24/11/2025,23/04/2026,DISPOSED,150
003917,04,FAMILY,14/03/2026,20/07/2026,DISPOSED,128
003382,05,Family Court,17/03/2026,,Active ,
002148,07,Civil,18/04/2026,,active,
005006,06,Civil,22/07/2024,24/05/2025,DISPOSED,306
004878,07,criminal,05/11/2025,08/04/2026,disposed,154
002150,07,criminal,23/05/2026,,ACTIVE,
002112,04,Fam,22/08/2025,12/11/2025,disposed,82
001253,07,FAMILY,29/07/2024,17/01/2025,Disposed,172
002386,09,family,15/10/2025,01/02/2026,Disposed,109
004672,06,Family,31/07/2025,03/02/2026,DISPOSED,187
003104,05,Crim,19/08/2024,03/01/2025,Disposed,137
004439,12,Fam,23/04/2026,,Active,
003268,11,CRIMINAL,04/10/2024,25/01/2025,disposed,113
001261,09,Crim,23/01/2025,09/08/2025,disposed,198
003973,10,CRIMINAL,20/09/2024,04/12/2024,DISPOSED,75
002345,08,CRIMINAL,05/11/2024,02/02/2025,DISPOSED,89
001435,08,Family,09/03/2025,,Active ,
001614,12,youth,09/10/2025,03/10/2025,DISPOSED,52
004994,08,Yth,29/05/2025,22/07/2025,disposed,54
003061,06,Yth,30/06/2025,04/09/2025,DISPOSED,66
004035,10,Crim,25/11/2025,08/02/2026,DISPOSED,75
004012,04,criminal,14/10/2024,12/12/2024,disposed,59
004104,05,CRIMINAL,30/05/2026,07/08/2026,DISPOSED,N/A
001003,10,Fam,29/11/2025,,active,
004964,03,Family ,04/02/2026,18/04/2026,DISPOSED,73
004916,07,Criminal ,04/06/2026,,active,
001282,10,criminal,07/09/2024,18/10/2024,DISPOSED,41
002050,03,Family,08/06/2026,,ACTIVE,
004828,09,Criminal,11/07/2024,08/01/2025,DISPOSED,181
005066,09,Crim,06/05/2026,,ACTIVE,
001610,01,FAMILY,08/08/2024,07/03/2025,disposed,211
001590,01,Family,20/08/2025,08/12/2025,DISPOSED,110
002644,11,civil,13/07/2024,26/11/2024,disposed,136
005135,12,Fam,15/04/2025,25/11/2025,DISPOSED,224
004689,06,criminal,21/03/2026,14/08/2026,DISPOSED,146
001303,12,family,19/06/2025,08/10/2025,Disposed,111
004139,06,Youth,19/06/2025,06/08/2025,disposed,48
001710,06,Civil,21/07/2024,21/12/2024,DISPOSED,153
002991,09,CIVIL,28/09/2025,04/01/2026,Disposed,98
005094,11,CRIMINAL,25/06/2025,,Active,
004958,12,CIVIL,15/11/2024,02/06/2025,Disposed,199
001678,01,Family,19/09/2024,09/12/2024,Disposed,81
002193,03,civil,15/05/2026,,active,
003727,12,Civil,12/12/2024,31/05/2025,disposed,170
001869,11,Family ,29/11/2025,23/02/2026,Disposed,86
003940,06, Civil,03/03/2025,04/05/2025,DISPOSED,62
002627,09,Family ,29/05/2025,01/03/2026,Disposed,276
003088,10,Family Court,20/03/2025,12/11/2025,Disposed,237
004085,05,civil,07/10/2024,29/11/2024,DISPOSED,53
001355,04,Family ,24/11/2024,31/03/2025,DISPOSED,127
004301,11, Civil,20/02/2026,20/07/2026,DISPOSED,150
003791,11,Family ,20/08/2025,16/12/2025,Disposed,128
004209,01,Criminal,13/10/2024,22/04/2025,disposed,191
001706,12,FAMILY,03/10/2025,23/05/2026,Disposed,232
004959,12,criminal,17/10/2024,10/02/2025,disposed,116
002085,04,Civil,24/03/2026,17/07/2026,disposed,115
001997,03,Criminal ,13/12/2025,03/04/2026,Disposed,111
002222,05,CIVIL,07/06/2026,,active,
001947,12,Civil,24/11/2024,15/03/2025,Disposed,111
001216,10,CIVIL,19/03/2026,01/06/2026,Disposed,74
003337,05, Civil,25/02/2025,28/04/2025,Disposed,62
002021,07, Family,06/11/2025,27/06/2026,DISPOSED,233
003952,09,criminal,16/11/2024,01/01/2025,Disposed,46 
004078,09,Civil,01/04/2026,28/05/2026,disposed,57
004819,07,civil,16/07/2024,16/12/2024,DISPOSED,153
002888,09,CRIMINAL,11/01/2025,,ACTIVE,
002766,03,Civil,04/01/2025,21/10/2025,Disposed,290
002189,11,CIVIL,28/02/2026,,Active,
004127,07,family,24/05/2026,,ACTIVE,
004077,02,CRIMINAL,27/07/2025,03/11/2025,DISPOSED,99
004999,03,Family ,20/11/2025,27/04/2026,disposed,158
005014,04,Crim,04/02/2025,21/07/2025,DISPOSED,167
001143,10,Criminal,08/05/2026,,Active ,
003601,10,civil,04/06/2025,22/09/2025,DISPOSED,110
004772,02,CIVIL,03/04/2025,29/11/2025,DISPOSED,240
001051,10,Criminal ,18/10/2025,21/01/2026,Disposed,95
001702,12,Crim,20/07/2024,03/10/2024,disposed,75
002598,06,Crim,07/02/2026,28/04/2026,DISPOSED,80
004414,11,Criminal,23/06/2025,29/10/2025,Disposed,128
004177,08,CRIMINAL,31/01/2026,,active,
001619,01,family,14/04/2025,11/02/2026,Disposed,303
002615,05,civil,12/02/2025,21/09/2025,disposed,221
004180,12, Civil,20/10/2025,18/04/2026,disposed,180
001128,06,Criminal ,03/05/2026,13/06/2026,Disposed,41
003767,07,Crim,05/07/2025,22/12/2025,Disposed,170
003609,11,CRIMINAL,01/05/2025,15/10/2025,Disposed,167
001571,06,criminal,21/05/2026,,active,
005127,07,youth,16/08/2024,23/09/2024,disposed,38
001297,10,Family Court,05/11/2024,30/12/2024,DISPOSED,55
002569,03,CIVIL,30/12/2025,29/01/2026,Disposed,30
002110,03,Youth ,25/05/2025,22/09/2025,disposed,120
001773,06,CRIMINAL,09/08/2025,07/02/2026,disposed,182
003153,04,Crim,27/05/2026,,Active ,
002379,03,Crim,22/03/2026,,active,
001949,05,civil,14/11/2025,,ACTIVE,
002750,10,Family,18/04/2025,19/09/2025,Disposed,154
004415,01,criminal,06/11/2025,04/02/2026,disposed,90
004561,12,Criminal ,22/11/2024,28/10/2025,Disposed,340
002926,09,youth,26/01/2026,02/03/2026,DISPOSED,35 
005031,01, Civil,28/07/2024,01/02/2025,Disposed,188
003534,07,civil,12/03/2026,11/08/2026,disposed,152
003344,11,civil,26/06/2026,,Active,
001422,01,Criminal ,13/10/2024,01/06/2025,disposed,231
004751,05,Criminal,07/05/2026,,ACTIVE,
001697,12,youth,12/02/2026,06/06/2026,Disposed,114
003292,02,FAMILY,05/10/2024,02/03/2025,DISPOSED,148
003521,09,CIVIL,18/08/2025,13/12/2025,disposed,117
001075,09,Yth,17/06/2025,07/08/2025,disposed,51
004797,01,YOUTH,17/11/2024,10/03/2025,Disposed,113
001089,06,civil,15/11/2025,,ACTIVE,
003770,01,Youth ,29/04/2026,,Active ,
004321,04,Youth ,04/12/2024,06/02/2025,DISPOSED,64
001167,10,Youth,08/10/2024,07/12/2024,Disposed,60
001451,11,Criminal ,16/04/2025,16/07/2026,disposed,456
002531,09,Civil,09/07/2025,05/10/2025,disposed,88
005093,10,Family,25/04/2025,20/07/2025,disposed,86
004792,05,youth,01/11/2025,16/01/2026,DISPOSED,76
002028,10,Crim,02/11/2025,30/01/2026,Disposed,89
001265,10,CIVIL,01/03/2025,30/04/2026,Disposed,425
003379,01, Civil,20/02/2025,06/10/2025,Disposed,228
003116,04, Civil,14/10/2024,11/03/2025,Disposed,148
001438,05,Civil,03/12/2024,07/07/2025,Disposed,216
002319,03,Crim,29/01/2025,20/06/2025,Disposed,142
002778,05,Family Court,19/09/2025,,active,
005156,12,Criminal,29/12/2024,10/03/2025,disposed,71
003784,01,CRIMINAL,18/06/2026,,Active,
004530,12,Crim,25/01/2025,17/07/2025,DISPOSED,173
001126,06,Crim,11/07/2024,29/10/2024,Disposed,110
003906,04,civil,25/04/2026,,ACTIVE,
002114,10,civil,09/06/2025,17/03/2026,DISPOSED,281
002985,11,Fam,02/03/2026,,ACTIVE,
002031,06,family,31/01/2025,22/06/2025,Disposed,142
002427,02, Family,02/09/2025,23/02/2026,DISPOSED,  174  
005144,10,Criminal,13/04/2025,24/07/2025,DISPOSED,102
001886,11,Criminal,10/07/2024,27/02/2025,DISPOSED,232
004039,01,civil,08/08/2024,04/01/2025,DISPOSED,149
001739,08,FAMILY,01/08/2024,,ACTIVE,
002887,06,youth,10/08/2024,23/09/2024,DISPOSED,44
004937,09, Civil,18/09/2025,,Active ,
005073,12,Criminal,06/04/2025,30/10/2025,DISPOSED,177
002942,03, Civil,14/07/2024,20/11/2024,disposed,129
004532,11,CRIMINAL,26/01/2026,,Active ,
004193,09,Civil,15/01/2025,01/08/2025,Disposed,198
003668,08,CRIMINAL,05/03/2026,,ACTIVE,
004458,10,criminal,29/01/2025,23/03/2025,Disposed,53
002409,07,criminal,09/12/2025,16/05/2026,Disposed,158
002974,07,Crim,20/04/2025,11/10/2025,DISPOSED,174 
001605,09,Criminal,05/11/2025,10/01/2026,Disposed,66
002680,03,Civil,22/02/2025,16/07/2025,disposed,144
001489,12,Criminal,28/06/2026,,Active ,
004418,10,Criminal,11/08/2025,02/05/2026,disposed,264
001163,02,Criminal ,20/07/2024,14/09/2024,Disposed,56
003904,04,criminal,12/04/2026,09/06/2026,Disposed,58
003099,01,family,15/08/2024,12/07/2025,DISPOSED,331
004605,01,Criminal,16/02/2025,03/04/2025,DISPOSED,46
003446,12,criminal,31/07/2025,16/12/2025,disposed,138
005105,03,Criminal,25/01/2026,25/07/2026,DISPOSED,181
004246,01,Crim,16/04/2025,22/10/2025,Disposed,189
003996,06,FAMILY,01/02/2025,20/03/2026,Disposed,412
001833,01,Criminal ,15/07/2024,11/09/2024,disposed,58
002286,04,Criminal ,04/04/2026,18/06/2026,disposed,75
002547,05,Youth ,21/08/2024,15/07/2025,Disposed,328
001153,04,Criminal ,01/01/2026,27/04/2026,DISPOSED,116
003693,08,CRIMINAL,21/09/2024,27/03/2025,DISPOSED,187
002703,04,Youth,06/08/2024,30/10/2024,disposed,85
003443,12,Criminal,28/11/2025,16/02/2026,DISPOSED,80
001211,10,Criminal,05/11/2024,24/02/2025,DISPOSED,111
004456,11,FAMILY,04/08/2024,01/04/2025,disposed,240
002696,01, Civil,13/09/2025,21/10/2025,disposed,38
003617,11,Criminal ,23/11/2024,30/01/2025,Disposed,68
002367,08,Crim,08/03/2026,,Active ,
004028,11,Civil,18/03/2026,,Active,
001552,06,Criminal,03/02/2025,08/07/2025,DISPOSED,155
005016,02,Civil,12/02/2026,12/03/2026,Disposed,28
003138,09,FAMILY,20/03/2025,14/05/2025,DISPOSED,55
002454,07,Family Court,24/06/2025,22/10/2025,disposed,120
003570,08,Criminal,30/05/2026,,Active,
001315,03,civil,02/03/2026,25/08/2026,Disposed,176
003459,09,CRIMINAL,14/11/2025,26/04/2026,disposed,163
003333,09,CRIMINAL,05/12/2024,28/06/2025,DISPOSED,205
002183,02,CRIMINAL,22/09/2024,22/10/2024,disposed,30
003252,01,Criminal ,29/10/2024,16/07/2025,disposed,260
004933,06,Family Court,15/08/2024,23/03/2025,Disposed,220
001892,04,Civil,04/08/2025,01/05/2026,Disposed,270
004545,11, Civil,20/08/2025,22/11/2025,DISPOSED,94
001884,06, Civil,20/06/2026,,Active ,
004497,05, Civil,29/08/2024,19/07/2025,disposed,324
001305,07,Family,17/04/2026,,ACTIVE,
003354,11,Family Court,27/07/2025,,Active ,
003569,06, Civil,25/05/2026,,Active ,
003787,11,Family Court,21/10/2025,15/01/2026,Disposed,86
002474,01,YOUTH,27/04/2026,06/06/2026,Disposed,40
001671,11,criminal,18/01/2026,09/04/2026,DISPOSED,81
001782,04, Civil,06/08/2024,,Active ,
003008,06,Civil,22/01/2025,25/07/2025,DISPOSED,184
004635,09,Criminal ,17/05/2025,09/08/2025,Disposed,84
001456,01,Crim,19/02/2026,14/06/2026,disposed,115
002375,08,Fam,12/12/2025,,Active,
002188,03,criminal,19/09/2024,05/01/2025,disposed,108
002910,12,Family ,09/05/2025,10/10/2025,disposed,154
001909,03,Crim,29/09/2024,27/06/2026,DISPOSED,636
001826,02,Criminal,15/06/2026,,active,
004970,06,criminal,15/11/2024,12/02/2025,DISPOSED,89
003679,10,Criminal ,12/05/2025,21/10/2025,disposed,162
003989,01,Civil,03/03/2026,,Active ,
005068,02,Criminal ,22/11/2024,07/02/2025,DISPOSED,N/A
004977,04,civil,06/05/2026,,active,
003650,11,FAMILY,16/06/2025,17/05/2026,Disposed,-
004885,09,CRIMINAL,24/07/2025,,active,
001612,07,CRIMINAL,07/05/2026,,ACTIVE,
001024,11,CRIMINAL,21/01/2026,16/07/2026,DISPOSED,176
002803,02,CRIMINAL,25/02/2026,08/07/2026,DISPOSED,133
003725,08,family,16/09/2024,10/06/2025,DISPOSED,267
002213,01, Civil,18/03/2026,03/08/2026,DISPOSED,138
001404,09, Civil,19/11/2025,,Active,
001672,01, Civil,08/09/2025,26/01/2026,DISPOSED,140
003057,05,Civil,08/11/2025,24/06/2026,DISPOSED,228
004790,09,Crim,05/08/2025,07/01/2026,Disposed,155
003933,08,YOUTH,01/08/2024,28/01/2026,Disposed,545
005122,06,Family Court,06/09/2024,20/04/2025,DISPOSED,226
003461,09,criminal,19/01/2026,25/04/2026,DISPOSED,96
002450,06, Family,18/03/2025,25/06/2025,Disposed,99
002166,03, Civil,21/04/2025,19/11/2025,DISPOSED,212
002795,04,CIVIL,19/08/2024,01/11/2024,Disposed,74
001796,07,Criminal ,05/07/2024,01/09/2024,DISPOSED,58
001611,10, Civil,05/05/2026,,Active,
002482,07,criminal,25/08/2025,07/05/2026,disposed,255
001442,02,CRIMINAL,22/10/2025,01/03/2026,DISPOSED,130
003968,03,criminal,05/03/2026,20/06/2026,disposed,107
003748,06,Crim,18/02/2026,,Active ,
002690,03,Criminal ,14/03/2026,,Active ,
001064,02,civil,26/09/2024,24/04/2025,Disposed,210
004487,10,CIVIL,18/04/2026,04/07/2026,DISPOSED,77
004690,07,Yth,07/10/2025,,Active,
001583,02, Civil,06/04/2025,29/07/2025,disposed,114
002005,07,Yth,29/04/2026,,Active,
005043,01,Family ,26/07/2024,13/06/2025,Disposed,322
004782,05,Criminal,20/03/2026,16/08/2026,disposed,149
002280,08,Criminal ,16/04/2026,19/07/2026,disposed,94
002302,10,Criminal,28/03/2025,29/10/2025,disposed,215
003018,08,Criminal,05/08/2025,17/03/2026,DISPOSED,224
004299,12,criminal,04/03/2025,30/05/2025,Disposed,87
002931,10,CRIMINAL,19/09/2025,01/11/2025,Disposed,43
002564,03,CIVIL,13/11/2025,16/08/2026,Disposed,276
003276,11,CRIMINAL,03/03/2026,21/05/2026,disposed,79
001529,10,criminal,20/02/2025,22/05/2025,disposed,91
002061,12,Family,25/04/2025,31/08/2025,DISPOSED,128
002922,07,criminal,03/02/2025,28/04/2025,Disposed,84
004398,01,Fam,06/02/2025,12/06/2025,DISPOSED,126
003647,10,Crim,22/05/2025,04/01/2026,disposed,227
004896,03,criminal,25/07/2024,10/11/2024,DISPOSED,N/A
001733,08,CRIMINAL,09/03/2025,15/11/2025,Disposed,251
001685,02,criminal,05/10/2024,20/02/2025,DISPOSED,138
003050,12,CIVIL,09/10/2024,26/11/2024,disposed,48
004014,04,family,27/04/2025,,Active,
003558,01,Crim,17/04/2026,18/06/2026,Disposed,62
004483,02,Family Court,13/09/2025,21/01/2026,disposed,N/A
004719,03,Crim,27/07/2024,22/01/2025,DISPOSED,179
005058,07,Youth ,18/05/2026,,Active,
002622,09,Family ,17/09/2025,,active,
001854,06,CRIMINAL,24/05/2025,30/08/2025,disposed,98
001148,08,Criminal,12/03/2026,22/07/2026,disposed,132
004818,02,family,30/09/2024,20/03/2025,disposed,171
003071,05,Youth ,22/11/2024,22/05/2025,disposed,181
003827,09,youth,14/01/2025,30/01/2025,DISPOSED,16 
002505,03,Youth ,20/09/2025,31/10/2025,disposed,41
005095,03,FAMILY,10/12/2025,03/06/2026,DISPOSED,175
001524,07,Family ,29/08/2024,06/04/2025,DISPOSED,220
004459,10,Fam,12/10/2025,13/03/2026,Disposed,152
004254,04,YOUTH,08/05/2026,16/06/2026,DISPOSED,N/A
001019,07,Crim,17/11/2025,,Active ,
002637,12, Family,15/03/2026,,Active,
001219,02, Family,14/05/2025,11/09/2025,Disposed,120
004894,11,Family Court,15/02/2025,27/08/2025,DISPOSED,193
001539,05,Youth,22/05/2025,07/11/2025,disposed,-
003027,03,CIVIL,09/10/2025,04/06/2026,DISPOSED,238
005085,12,Criminal,28/06/2026,,Active ,
002816,08,CIVIL,16/03/2026,19/08/2026,disposed,156
004834,02,Family Court,30/09/2025,12/03/2026,Disposed,-
001450,10,Fam,25/05/2025,07/10/2025,disposed,135
001638,02, Civil,04/04/2026,01/06/2026,DISPOSED,58
004471,01,CIVIL,02/02/2025,08/05/2025,DISPOSED,95
001492,10,Family ,23/10/2024,09/04/2025,Disposed,168
003416,02,Crim,01/03/2026,19/04/2026,DISPOSED,49
003327,08, Family,21/03/2025,19/08/2025,disposed,151
002082,08,Criminal,06/08/2024,25/10/2024,disposed,80
004390,02,Crim,15/11/2024,16/03/2025,Disposed,121
005052,04,criminal,13/08/2025,28/12/2025,Disposed,137
001271,09, Family,14/12/2025,25/05/2026,DISPOSED,162
004113,12,Crim,10/11/2025,01/02/2026,DISPOSED,83
003270,12,family,29/04/2026,,ACTIVE,
003010,10,Criminal ,21/06/2025,30/07/2025,disposed,39
002911,01,CIVIL,09/11/2025,24/05/2026,DISPOSED,196
001419,03,family,15/08/2024,02/02/2025,Disposed,171
003975,05,criminal,11/05/2025,14/11/2025,DISPOSED,187
002430,03,Criminal,26/12/2024,26/05/2025,disposed,151
001944,13,Criminal,29/07/2024,02/11/2024,Disposed,96
004208,08,Crim,03/02/2025,,Active ,
003154,11,CIVIL,25/01/2026,19/03/2026,DISPOSED,53
004897,06,Civil,22/03/2026,,Active ,
001142,09,criminal,08/10/2024,,ACTIVE,
003124,09,Youth ,22/07/2024,10/08/2024,Disposed,19
001582,01,Civil,20/09/2025,26/01/2026,disposed,128
003766,06,Civil,30/10/2024,30/12/2024,disposed,61
002451,04,CIVIL,10/12/2024,17/11/2025,Disposed,342
004128,05,Fam,26/10/2025,30/05/2026,DISPOSED,216
001002,04,Family Court,07/07/2025,,Active ,
001237,12,Crim,10/08/2024,21/09/2024,disposed,42
004006,09,CRIMINAL,02/10/2025,,active,
003627,01,CIVIL,02/04/2025,29/06/2025,Disposed,88
001324,06,youth,12/11/2025,05/01/2026,Disposed,54
001388,09,CRIMINAL,08/02/2026,29/05/2026,Disposed,110
002797,06,civil,17/07/2025,14/08/2026,Disposed,393
001895,03,criminal,19/04/2026,,Active,
001974,12,family,08/07/2025,03/01/2026,Disposed,179
004242,06,CRIMINAL,13/09/2025,,Active,
003273,09,Family ,10/08/2025,24/10/2025,DISPOSED,75
004120,09,Criminal ,11/07/2025,07/11/2025,Disposed,119
005166,02,Criminal ,13/04/2026,18/06/2026,disposed,66
004720,01,Criminal ,31/03/2026,17/08/2026,DISPOSED,139
005192,03,Family,08/04/2026,,ACTIVE,
003175,06,criminal,08/07/2024,01/10/2024,disposed,85
002439,04,youth,12/08/2025,09/11/2025,disposed,89
003653,04,civil,05/04/2026,06/06/2026,disposed,62
002215,02,Family ,12/02/2026,,Active,
003406,11,CRIMINAL,02/06/2026,,Active,
002613,12,Civil,29/01/2025,15/07/2025,DISPOSED,167
001554,07,civil,27/03/2025,24/10/2025,disposed,211
001137,11,Family,21/07/2024,13/12/2024,DISPOSED,145
004774,06, Civil,14/09/2024,19/07/2025,disposed,308
001812,09,CIVIL,22/12/2024,09/02/2025,Disposed,-
002496,05, Family,27/02/2026,,Active ,
002677,02,criminal,03/04/2026,17/05/2026,DISPOSED,44
003571,04,Civil,03/10/2025,28/03/2026,DISPOSED,176
003813,13,CRIMINAL,18/08/2024,13/03/2025,disposed,207
001136,08, Civil,17/05/2025,27/05/2026,DISPOSED,375
003404,01,Crim,26/09/2025,,ACTIVE,
001151,08,Crim,03/08/2025,16/02/2026,Disposed,197
004498,01,criminal,23/01/2025,29/03/2025,disposed,65
003746,12,Yth,26/08/2024,05/12/2024,disposed,101
003671,05,Family,08/11/2024,02/05/2025,disposed,175
002992,03,Crim,23/06/2026,,active,
004252,10,criminal,14/12/2025,01/06/2026,DISPOSED,169
004619,03, Civil,21/02/2025,08/06/2025,DISPOSED,107
004978,10,Family Court,10/07/2025,,Active ,
002011,01,Criminal ,10/03/2026,06/04/2026,DISPOSED,27
001430,10,CRIMINAL,31/03/2026,12/05/2026,Disposed,42
001513,04,criminal,02/03/2026,03/08/2026,disposed,154
002575,05,Criminal ,18/07/2024,28/10/2024,disposed,102
004160,06,civil,08/12/2024,,Active,
005052,04,criminal,13/08/2025,28/12/2025,Disposed,137
001801,12,Family,21/10/2025,22/06/2026,DISPOSED,244
001548,03,CRIMINAL,28/07/2025,06/01/2026,disposed,162
001331,06,CIVIL,06/02/2025,09/06/2025,DISPOSED,123
002687,02,family,08/10/2025,17/01/2026,Disposed, 101
001477,11,Family Court,07/07/2025,05/11/2025,disposed,121
003051,08, Family,17/02/2026,,active,
002713,08,CRIMINAL,09/11/2024,20/03/2026,disposed,496
004115,08,CRIMINAL,18/09/2025,06/07/2026,disposed,291
002200,06,CIVIL,10/05/2025,22/11/2025,Disposed,196
001601,07,Criminal,25/07/2025,,Active,
004847,12,Criminal,03/03/2025,01/08/2025,disposed,151
003234,08,youth,29/03/2026,,ACTIVE,
002224,04,family,20/03/2026,,ACTIVE,
002494,13,CIVIL,21/05/2026,,ACTIVE,
002903,08,Criminal ,30/11/2025,,ACTIVE,
003271,02,Youth,14/03/2025,30/06/2025,DISPOSED,108
002147,08,Criminal ,12/08/2024,10/04/2025,DISPOSED,241
003091,08,family,28/11/2025,,Active ,
004297,01,Youth ,27/05/2026,05/07/2026,disposed,39
002679,10,civil,26/09/2024,07/12/2024,DISPOSED,72
001780,08,CIVIL,17/02/2025,,active,
001754,04,civil,30/05/2026,,Active,
001157,02,Family ,11/05/2026,15/07/2026,DISPOSED,65
002955,09,Civil,25/03/2026,29/08/2026,disposed,157
001425,12,criminal,10/07/2024,05/10/2024,DISPOSED,87
003452,06,Fam,24/04/2025,,active,
004694,12,Crim,14/02/2025,16/06/2025,disposed,122
002775,09,family,03/02/2025,31/03/2025,DISPOSED,56
003834,04,YOUTH,25/10/2025,12/12/2025,Disposed,48
002744,01,Criminal ,11/10/2024,14/03/2025,DISPOSED,154
004677,02,youth,29/10/2025,19/10/2025,Disposed,22
004871,12,Family Court,19/09/2024,18/05/2025,disposed,241
002054,05,Family,18/04/2025,30/05/2026,disposed,407
004708,02,Family Court,06/05/2025,27/11/2025,disposed,205
004216,02,FAMILY,15/02/2025,12/03/2026,DISPOSED,390
001682,05,Crim,11/05/2025,,Active,
003539,04,Family Court,01/04/2026,,Active ,
003399,07,Criminal ,12/02/2026,,Active ,
002768,01,Family Court,25/06/2026,,ACTIVE,
003084,06,family,04/03/2026,,active,
003828,07, Family,24/11/2025,,active,
002699,05,civil,06/07/2025,10/05/2026,disposed,308
002634,08,Criminal,15/11/2025,31/05/2026,Disposed,197
003287,08, Civil,16/03/2025,24/11/2025,DISPOSED,253
005079,07,Family Court,31/07/2025,09/10/2025,Disposed,70
002362,01,civil,06/03/2026,28/06/2026,Disposed,114
004718,02,Crim,16/11/2025,08/01/2026,Disposed,53
002725,08,Civil,02/12/2024,04/03/2025,disposed,92 
002813,08,Fam,03/04/2026,26/08/2026,DISPOSED,145
004345,03,Yth,09/03/2025,06/06/2025,Disposed,89
001403,04,Fam,01/05/2025,22/09/2025,Disposed,144
002415,09,Youth,23/04/2026,,Active ,
002377,12,Criminal ,11/10/2025,12/01/2026,disposed,93
001255,01,Civil,28/10/2025,09/04/2026,DISPOSED,163
002132,10,family,09/09/2025,,ACTIVE,
002300,05,Family Court,29/08/2025,27/11/2025,disposed,90
004199,07,Youth,20/02/2026,01/05/2026,Disposed,70
003988,01,Criminal,04/08/2025,26/01/2026,Disposed,175
001639,07,Criminal ,14/07/2025,28/08/2025,disposed,45
003126,08,Criminal ,29/11/2025,20/07/2026,Disposed,233
002352,06,criminal,25/07/2024,17/02/2025,disposed,207
004493,07,Criminal ,03/09/2024,25/04/2025,Disposed,234
004412,12,Fam,11/08/2024,20/11/2024,disposed,-
004586,04, Family,23/10/2024,23/12/2024,Disposed,61
003880,12,criminal,05/12/2024,09/03/2025,Disposed,94
003697,11,Family,09/02/2026,12/04/2026,Disposed,62
003637,02,Crim,30/07/2024,30/09/2024,Disposed,62
003024,11,Family Court,26/06/2025,30/03/2026,disposed,277
003468,04,CRIMINAL,05/02/2026,27/04/2026,Disposed,81
004427,02,Youth ,29/01/2026,15/06/2026,DISPOSED,137
004342,01,Criminal ,26/10/2024,10/03/2025,disposed,135
004294,10,Fam,24/05/2025,20/04/2026,DISPOSED,331
004317,02,Civil,19/01/2026,10/04/2026,Disposed,81
004746,01,criminal,18/08/2024,11/12/2024,Disposed,115
002832,05,Criminal,15/04/2025,08/08/2025,DISPOSED,115
002595,03,FAMILY,08/11/2025,28/05/2026,DISPOSED,201
004056,02,CIVIL,03/07/2025,19/12/2025,DISPOSED,169
005039,08,family,23/05/2025,12/06/2026,DISPOSED,385
003700,06,Crim,11/04/2025,,active,
003127,08,youth,02/09/2025,16/08/2026,Disposed,348
002328,04,Fam,11/04/2025,,active,
003426,08,Yth,21/07/2025,,ACTIVE,
004575,03,Criminal,03/12/2025,21/06/2026,DISPOSED,200
004938,08,criminal,09/12/2024,07/03/2025,Disposed,88
002485,04,Family ,15/06/2025,27/07/2026,Disposed,407
003843,07,family,29/03/2026,,Active,
001375,09,Family ,19/11/2024,25/09/2025,Disposed,310
003400,07,Civil,14/05/2025,27/12/2025,Disposed,227
004309,12,Family ,26/08/2024,,active,
003511,01,Yth,13/01/2026,20/06/2026,Disposed,158
004318,10, Civil,07/12/2025,22/02/2026,disposed,77
004422,04,Criminal,12/11/2024,18/03/2025,Disposed,126
001205,01,Youth,22/03/2025,01/08/2025,disposed,132
001586,03,civil,04/06/2026,,active,
005145,12,family,05/08/2024,11/11/2024,Disposed,98
003100,04,youth,21/04/2026,12/06/2026,disposed,52
004009,12,criminal,26/11/2024,23/04/2025,disposed,148
002675,01,Yth,29/11/2024,19/01/2025,DISPOSED,51
001892,04,Civil,04/08/2025,,Active,
004527,04,CRIMINAL,02/09/2024,05/10/2024,Disposed,33
001495,12,Youth ,27/09/2024,18/01/2025,DISPOSED,113
002492,10,civil,19/11/2025,17/01/2026,Disposed,59
002927,06,CIVIL,06/06/2025,,ACTIVE,
001437,12,civil,07/04/2025,28/11/2025,DISPOSED,235
003873,12,Crim,05/05/2025,,ACTIVE,
002577,06,CRIMINAL,17/06/2025,31/08/2025,DISPOSED,75
001398,01,Criminal ,22/04/2025,08/11/2025,Disposed,200
003005,11,Crim,25/03/2025,23/07/2025,Disposed,120
003557,08,Criminal ,28/10/2024,15/05/2025,disposed,199
004344,02,family,13/03/2025,09/09/2025,disposed,180
001694,09,Youth ,23/07/2024,16/08/2024,DISPOSED,24
003042,03,Civil,23/07/2024,,ACTIVE,
003072,01, Family,08/04/2025,23/11/2025,DISPOSED,229
002902,08,civil,30/04/2025,28/11/2025,disposed,212
002456,01,Criminal ,22/06/2026,,ACTIVE,
003705,03,civil,17/06/2026,,active,
002876,07,Criminal ,26/06/2026,,active,
005100,10,CRIMINAL,03/01/2026,22/03/2026,disposed, 78
004960,03,Yth,24/07/2024,02/10/2024,disposed,70
001673,05,Crim,16/05/2026,26/08/2026,Disposed,102
002404,11,Crim,27/06/2026,,ACTIVE,
003184,07,CRIMINAL,03/06/2026,,ACTIVE,
002843,08,criminal,26/10/2024,07/11/2025,DISPOSED,377
002892,04,Yth,30/09/2025,02/11/2025,DISPOSED,33
001575,06,CRIMINAL,25/04/2026,13/08/2026,Disposed,110
004304,10,Crim,20/06/2026,15/08/2026,DISPOSED,56
001188,12,Criminal ,08/08/2024,27/09/2024,Disposed,50
003839,05,Criminal,27/04/2025,24/10/2025,Disposed,180
003735,07,FAMILY,05/08/2025,08/02/2026,Disposed,187
002205,08,CRIMINAL,28/09/2025,11/02/2026,DISPOSED,136
003608,10, Civil,26/09/2025,11/12/2025,DISPOSED,76
004449,08,Criminal,28/02/2025,30/08/2025,DISPOSED,183
004325,08,Civil,11/11/2024,21/05/2025,Disposed,191
001249,02, Civil,26/01/2025,12/05/2025,DISPOSED,106
003009,10, Civil,11/05/2026,,ACTIVE,
003419,01,civil,17/07/2024,09/11/2024,disposed,115
002773,12,Civil,09/04/2026,19/08/2026,Disposed,132
004907,12,Fam,20/07/2024,,ACTIVE,
004949,04,Criminal ,24/03/2025,28/05/2025,disposed,65
002877,10,YOUTH,23/12/2025,20/03/2026,Disposed,  87  
004097,05, Civil,17/08/2025,,ACTIVE,
003820,01,Criminal,22/12/2025,10/03/2026,disposed,78
001955,07, Civil,01/06/2025,10/12/2025,Disposed,192
004796,07,CIVIL,08/05/2026,,active,
004912,12,Criminal ,03/06/2026,11/06/2026,Disposed,8
004328,10,Family ,18/06/2025,27/01/2026,DISPOSED,223
003818,99,Youth ,02/03/2026,30/08/2026,Disposed,181
004843,09,criminal,01/03/2026,12/06/2026,disposed,103
003462,07,YOUTH,21/05/2026,13/08/2026,DISPOSED,84
002625,07,family,25/04/2026,,Active ,
004800,04,Crim,22/09/2025,05/12/2025,DISPOSED,-
003886,03,youth,27/07/2025,,active,
004758,12,Criminal ,09/10/2025,25/02/2026,Disposed,139
003215,05,Crim,04/04/2025,20/07/2025,DISPOSED,107
003210,06,Family,09/02/2026,13/04/2026,Disposed,63
003849,12,criminal,12/07/2025,04/12/2025,Disposed, 145
001289,05, Family,15/07/2024,27/04/2025,Disposed,286
001557,10,civil,07/06/2026,,ACTIVE,
001982,09,Civil,17/04/2025,02/07/2025,disposed,76
004663,12,FAMILY,01/02/2025,01/09/2025,Disposed,212
001189,10,Crim,21/10/2025,,active,
003388,10, Civil,14/05/2025,17/10/2025,disposed,156
001810,12,Criminal,09/04/2026,01/07/2026,disposed,83
004627,10,FAMILY,05/05/2026,,Active,
002105,12,YOUTH,24/02/2025,12/04/2025,DISPOSED,47
003395,03,Yth,13/05/2026,15/06/2026,disposed,33 
002570,04,Family ,08/04/2025,23/03/2025,DISPOSED,263
004296,11,CIVIL,18/05/2025,05/04/2026,DISPOSED,322
005159,04,YOUTH,17/03/2025,25/06/2025,disposed,100
004547,05,family,02/04/2026,,active,
004842,04,FAMILY,27/12/2024,13/02/2025,disposed,48
002500,09,CRIMINAL,15/05/2025,29/08/2025,Disposed,106
001676,01,FAMILY,06/06/2026,,Active ,
004565,10,Fam,02/06/2026,,Active ,
002380,11,Youth ,06/09/2024,09/11/2024,disposed,64
004225,01,Criminal,21/04/2025,26/05/2025,Disposed,35
005112,06,Youth ,30/05/2025,06/10/2025,disposed,129
004249,12,CIVIL,27/08/2024,23/03/2025,Disposed,208
002078,01,Youth ,31/03/2026,20/06/2026,DISPOSED,81
001762,12,Criminal,02/05/2025,28/08/2025,DISPOSED,118
002648,09,Crim,22/08/2024,01/02/2025,DISPOSED,163
002599,07,FAMILY,25/04/2025,16/07/2025,disposed,82
002196,10, Family,06/05/2025,29/09/2025,DISPOSED, 146
003402,03,Criminal ,24/02/2026,24/05/2026,Disposed, 89
002972,12,family,19/02/2025,,ACTIVE,
003829,04,CRIMINAL,04/07/2025,25/09/2025,disposed,83
001317,04,Civil,11/10/2024,27/05/2025,Disposed,228
002483,01, Family,29/04/2026,,active,
002259,05,civil,28/11/2024,,active,
003417,08,criminal,02/04/2025,19/11/2025,DISPOSED,231
004375,07,Criminal,17/12/2025,11/04/2026,disposed,115
001818,08,family,20/10/2024,08/12/2024,Disposed,49
004119,02,family,02/02/2026,26/04/2026,disposed,83
001645,11,civil,08/07/2024,22/09/2024,disposed,76
001712,06,family,02/09/2025,,Active ,
002273,10,criminal,11/02/2025,02/07/2025,Disposed,141
002900,09,Criminal ,19/02/2025,14/04/2025,DISPOSED,54
001618,01,Civil,10/09/2025,19/11/2025,disposed,70
003635,05,CIVIL,05/08/2025,23/03/2026,DISPOSED,230
001198,09,Youth ,17/05/2026,14/08/2026,Disposed,89
005081,02,civil,13/02/2025,,active,
004438,06,CRIMINAL,07/03/2026,,Active ,
003209,01,CIVIL,30/08/2025,17/05/2026,Disposed, 260
003300,01,CRIMINAL,27/05/2025,25/10/2025,DISPOSED,151
003707,05,FAMILY,08/01/2026,31/03/2026,Disposed,82
001445,09,CRIMINAL,10/02/2026,10/03/2026,Disposed,28
003581,04,Family ,01/03/2025,04/05/2026,Disposed,429
001182,01,Crim,25/05/2025,,Active,
001537,04,Crim,14/07/2025,04/12/2025,disposed,143
004274,09,CRIMINAL,16/05/2025,11/12/2025,disposed,209
002550,11,Criminal,09/09/2024,16/12/2024,DISPOSED,98
003341,12,Family ,29/11/2025,29/04/2026,disposed,151
004941,08,Criminal,10/03/2026,,Active ,
001496,07,Crim,09/05/2025,11/09/2025,Disposed,125
002542,05,FAMILY,17/09/2024,05/04/2025,DISPOSED,200
004163,10,FAMILY,04/08/2025,14/12/2025,Disposed,132
004463,04,CRIMINAL,02/04/2026,25/08/2026,DISPOSED,145
005200,12, Family,15/10/2025,01/01/2026,DISPOSED,78
004918,10,Fam,11/06/2026,,ACTIVE,
002344,12,Yth,06/06/2025,24/07/2025,DISPOSED,48
002641,06,Fam,22/10/2025,15/04/2026,Disposed,175
003165,10,criminal,06/07/2024,08/04/2025,DISPOSED,276
005152,12,civil,15/05/2026,,active,
004443,14,FAMILY,02/10/2025,10/02/2026,DISPOSED,131
002835,01,Crim,05/02/2026,11/07/2026,Disposed,156
001963,05,Crim,05/03/2026,28/08/2026,disposed,176
002198,05,Fam,24/05/2026,,Active ,
002279,09,CIVIL,08/09/2024,08/11/2024,DISPOSED,61
003867,03,CIVIL,19/11/2025,15/07/2026,Disposed,238
004074,09,CRIMINAL,09/02/2026,06/06/2026,Disposed,117 
001457,05,CRIMINAL,21/07/2025,,ACTIVE,
004359,09,Civil,02/10/2024,10/05/2026,Disposed,585
004509,08,Criminal,29/01/2026,,Active ,
003056,01,Crim,24/11/2024,16/02/2025,disposed,84
004508,08,criminal,09/01/2026,24/04/2026,Disposed,105
001369,11,criminal,18/09/2025,03/04/2026,disposed,  197  
004995,08,criminal,24/03/2026,31/08/2026,DISPOSED,160
002312,03,CRIMINAL,22/11/2025,18/05/2026,disposed,177
003085,05,Criminal,17/03/2025,11/07/2025,disposed,116
003677,12, Family,14/08/2024,04/11/2024,Disposed,82
004722,07,Criminal,02/05/2026,,ACTIVE,
004196,06,Youth,05/10/2024,26/01/2025,Disposed,113
004667,04,Criminal ,18/01/2025,23/03/2025,Disposed,64
004621,02,Family,27/06/2026,,Active,
003204,06,YOUTH,25/10/2024,19/01/2025,Disposed,86
002662,08,family,30/06/2025,22/10/2025,DISPOSED,114
002507,10,family,24/02/2025,18/09/2025,DISPOSED,206
002291,04,family,19/01/2025,20/04/2025,disposed,91
002032,03,Crim,02/04/2026,,active,
001749,03,CRIMINAL,01/11/2024,,active,
004347,01,CRIMINAL,16/04/2026,,Active ,
004773,10,Crim,05/07/2025,23/08/2025,disposed,49
003080,02,family,28/12/2025,18/03/2026,Disposed,80
003480,10,Yth,06/04/2025,18/07/2025,DISPOSED,103
001809,01,Crim,21/03/2025,23/06/2025,disposed,94
003349,05, Family,29/06/2026,,Active,
003130,05,Fam,07/11/2024,25/07/2025,disposed,260
003157,12,youth,11/04/2025,06/08/2025,Disposed,117
001926,06,civil,13/08/2024,27/12/2024,Disposed,136
004971,02,CRIMINAL,29/03/2026,11/05/2026,DISPOSED,43
001007,06,criminal,27/01/2025,22/04/2025,DISPOSED,85
004767,03,YOUTH,08/09/2025,17/12/2025,disposed,  100  
003089,10,family,16/10/2025,15/12/2025,DISPOSED,60
003702,05,Crim,29/04/2025,30/11/2025,DISPOSED,215
003539,04,Family Court,01/04/2026,,Active ,
002295,02,Youth,14/07/2024,30/08/2024,DISPOSED,47
001732,07,Criminal ,25/03/2026,,Active ,
003469,02,CIVIL,04/06/2026,,active,
004481,06,YOUTH,06/06/2025,,Active,
004204,02,Criminal,09/07/2024,27/01/2025,Disposed,202
004411,04,Youth,15/06/2025,14/12/2025,Disposed,182
004233,09, Family,26/09/2024,,Active ,
004906,08,YOUTH,09/08/2024,25/10/2024,disposed,77
002072,02,Civil,14/08/2025,04/02/2026,Disposed, 174
003467,08,CIVIL,11/08/2025,,ACTIVE,
004316,11,CIVIL,02/06/2026,,ACTIVE,
004988,08,youth,15/05/2025,02/04/2026,disposed,322
004513,10,CRIMINAL,29/11/2025,17/05/2026,Disposed,169
002872,03,CRIMINAL,14/09/2024,14/01/2025,DISPOSED,122
002867,06,Family ,23/03/2025,18/02/2026,DISPOSED,332
004963,01,Family Court,21/04/2025,04/07/2025,disposed,74
003393,04,Civil,20/05/2025,14/08/2025,Disposed,86
001921,02,CRIMINAL,25/10/2024,21/11/2024,disposed, 27
002438,12,Civil,02/04/2025,19/07/2025,Disposed,108
003147,01, Family,21/02/2026,26/04/2026,DISPOSED,64
002445,11, Civil,15/07/2025,22/08/2026,disposed,403
004103,08,Family ,23/06/2025,22/07/2026,Disposed,394
004217,01,Crim,08/06/2026,,Active,
004596,07,Criminal,29/09/2024,19/01/2025,disposed,112
002267,02, Civil,27/12/2025,05/05/2026,DISPOSED,129
002307,09,family,21/05/2026,,ACTIVE,
001379,06,Yth,14/02/2026,07/06/2026,disposed,113
001902,08,Family Court,02/07/2025,03/02/2026,disposed,216 
003070,12,criminal,28/09/2024,,Active,
004747,11,criminal,29/04/2025,10/02/2026,Disposed,287
002233,11,youth,08/03/2025,23/05/2025,disposed,76
001519,07,YOUTH,18/07/2024,22/08/2024,DISPOSED,35
004466,02,Family Court,09/11/2024,02/04/2025,disposed,144
005193,10,civil,29/05/2025,02/11/2025,disposed,157
003439,10, Civil,18/11/2024,09/02/2025,DISPOSED,83
002109,12,Family Court,13/07/2024,01/01/2025,Disposed,172
002970,08,Civil,19/01/2025,30/12/2025,Disposed,345
004286,05,CRIMINAL,20/09/2025,18/06/2026,Disposed,271
004179,10,CIVIL,03/06/2025,27/12/2025,Disposed,207
003704,12,Crim,04/11/2024,26/12/2024,Disposed,52
003694,14,Criminal,11/08/2024,23/10/2024,DISPOSED,  73  
004437,09,Criminal,30/08/2025,21/01/2026,disposed,144
003983,08,Family,30/05/2026,,Active,
001752,12,CRIMINAL,16/10/2025,04/03/2026,Disposed,139
002020,04,Crim,10/02/2026,25/03/2026,DISPOSED,43
001195,04,Yth,19/11/2024,05/01/2025,Disposed,47
001483,01,Criminal ,02/09/2025,15/03/2026,Disposed,194
003159,05,Criminal,06/06/2025,09/04/2026,Disposed,307
003067,05,Family ,18/10/2025,,active,
002444,09,CRIMINAL,24/06/2026,,Active,
001868,05,Youth,12/08/2025,28/10/2025,disposed,77
002715,01, Family,04/09/2025,13/01/2026,Disposed,131
001478,05,Family Court,21/10/2024,08/02/2025,Disposed,110
004287,07,criminal,08/08/2024,30/07/2025,DISPOSED,356
004641,10,Civil,17/09/2025,01/12/2025,Disposed,75
002718,06,Youth,09/07/2025,15/10/2025,DISPOSED,98
001011,08,Civil,11/04/2025,22/08/2025,Disposed,133
003368,08,family,18/11/2024,26/09/2025,disposed,312
001175,10, Civil,14/11/2025,04/02/2026,DISPOSED,82
004573,08,Crim,02/05/2025,08/10/2025,disposed,159
003394,08,YOUTH,24/01/2026,06/05/2026,disposed, 102
002098,02,Youth ,29/09/2024,16/02/2025,disposed,140
004867,10, Civil,26/04/2025,20/08/2025,Disposed,116
004011,09,Crim,05/08/2025,,Active ,
002194,04,civil,15/11/2024,14/03/2025,Disposed,119
002347,11,Crim,26/11/2024,,active,
004031,01,YOUTH,29/03/2025,13/05/2025,Disposed,45
002511,10,criminal,13/02/2026,,Active,
001585,10,CRIMINAL,18/07/2025,12/09/2025,Disposed, 56
003477,04,FAMILY,26/09/2025,,Active ,
002815,12,Youth ,11/01/2026,27/03/2026,disposed,75
001027,02,CIVIL,11/05/2026,,active,
001381,09, Family,10/06/2026,,Active ,
001251,02, Family,29/04/2026,,active,
004421,11,criminal,27/10/2025,18/05/2026,disposed,203
003497,01,Family ,03/10/2024,07/04/2025,disposed,186
001956,08,Criminal,23/06/2025,,ACTIVE,
003160,10,Criminal ,09/04/2025,29/07/2025,DISPOSED,111
001577,05,Crim,10/01/2025,27/04/2025,Disposed,107
001674,06,Crim,26/05/2026,,ACTIVE,
003212,11,CRIMINAL,11/01/2025,25/08/2025,DISPOSED,226
002168,02,Criminal,21/10/2025,21/12/2025,Disposed,61
001326,01,Family,21/05/2026,,Active,
004238,02,criminal,27/08/2025,27/10/2025,DISPOSED,61
004862,04,family,09/09/2025,06/01/2026,disposed,119
001150,04,Criminal ,03/06/2025,,Active,
002067,08, Civil,11/06/2026,,Active,
004899,07,CIVIL,18/06/2025,05/04/2026,Disposed,291
002869,09,Criminal,23/06/2025,10/08/2025,disposed,48
004989,05,YOUTH,27/08/2025,11/10/2025,Disposed,45
001028,11,family,22/01/2026,,ACTIVE,
001164,03,Crim,02/12/2024,13/02/2025,Disposed,73
002652,05,Crim,12/01/2026,09/07/2026,DISPOSED,178
004410,08, Civil,31/03/2026,,Active,
005030,02, Civil,01/02/2025,30/04/2025,DISPOSED,88
001988,08,Fam,09/11/2025,,Active ,
003722,05,criminal,02/03/2025,03/07/2025,DISPOSED,123
001494,06,civil,08/12/2024,13/10/2024,DISPOSED,171
001501,12,YOUTH,02/12/2024,25/01/2025,DISPOSED,54
001894,11,Crim,08/02/2025,16/05/2025,disposed,97
001257,01,CRIMINAL,03/05/2026,,active,
002250,09,Family ,20/04/2025,,Active ,
004376,01,CIVIL,01/11/2025,15/02/2026,Disposed,106
005036,05, Family,12/06/2025,30/08/2026,Disposed,444
004812,02,Crim,10/08/2025,01/11/2025,Disposed,83
004033,06, Civil,12/06/2026,,ACTIVE,
001668,03,FAMILY,25/08/2025,27/01/2026,disposed,155
003163,08,Fam,20/08/2024,,Active,
003565,07,criminal,23/04/2025,20/11/2025,DISPOSED,211
002412,04,Family ,23/12/2025,19/06/2026,disposed,178
001789,07,YOUTH,03/03/2025,29/09/2025,disposed,210
001101,12,CIVIL,24/09/2024,26/11/2024,disposed,63
003967,06,Family ,20/02/2025,13/08/2025,DISPOSED,174
001843,02,CIVIL,03/08/2025,25/12/2025,Disposed,N/A
005089,07,Fam,17/06/2026,,Active ,
003403,05,civil,08/04/2025,20/10/2025,disposed,195
003177,07,Family Court,28/10/2025,05/07/2026,Disposed,250
004095,06,Criminal ,26/03/2026,,active,
004826,01,Fam,19/02/2025,11/01/2026,DISPOSED,326
002040,10,Family Court,26/04/2025,02/07/2025,disposed,67
002583,10, Family,31/12/2025,,ACTIVE,
001272,07,FAMILY,07/06/2025,16/05/2026,disposed,343
002770,03,CIVIL,02/07/2024,,Active,
003527,06,Fam,09/11/2025,,active,
001797,09,Family Court,11/11/2025,19/03/2026,DISPOSED,128
002428,03,Family ,20/02/2025,29/05/2025,disposed,98
003972,08,FAMILY,11/09/2025,,Active,
002751,11,CIVIL,10/02/2026,,Active ,
003430,11,CIVIL,09/02/2025,02/05/2025,Disposed,82
004469,11,CIVIL,20/06/2026,,ACTIVE,
004051,10,civil,20/07/2025,,active,
001231,06,Crim,04/06/2025,16/09/2025,disposed,104
002946,11,civil,11/02/2025,08/12/2025,disposed,300
003899,12,civil,11/02/2025,25/08/2025,disposed,195
003544,05,YOUTH,18/11/2025,23/07/2026,Disposed,247
003316,07,YOUTH,20/01/2025,,active,
004057,08,civil,10/02/2026,17/07/2026,DISPOSED,157
001652,10,Civil,12/12/2025,04/02/2026,Disposed,54
003455,12,civil,23/02/2025,14/06/2025,DISPOSED,111
001705,02,family,15/05/2025,22/08/2025,disposed,99
004721,06,family,15/09/2024,11/03/2025,disposed,177
003699,07,Family ,13/07/2025,18/11/2025,Disposed,128
002987,07,Yth,06/10/2024,19/11/2024,DISPOSED,44
001708,10,CRIMINAL,12/12/2024,15/05/2025,DISPOSED,154
002387,03,civil,11/09/2024,17/11/2024,DISPOSED,67
004684,08,Yth,01/11/2025,22/03/2026,disposed,141
003589,03,CRIMINAL,27/02/2026,12/05/2026,Disposed,74
004062,03, Civil,20/06/2025,04/08/2025,Disposed,45
002870,03, Family,15/04/2025,11/07/2026,DISPOSED,  452  
005067,12,FAMILY,31/01/2026,,active,
001937,07,Family ,27/10/2024,06/03/2025,Disposed,130
004595,10,FAMILY,06/02/2025,,active,
002581,04,civil,28/10/2024,26/06/2025,DISPOSED,241
002543,08, Family,17/02/2025,17/08/2025,DISPOSED,181
003895,03,Crim,04/01/2025,27/08/2025,disposed,235
005155,01,Family,08/06/2025,12/02/2026,Disposed,249
002208,01,Youth,01/10/2024,28/01/2025,Disposed,119
003329,06,Family Court,28/01/2026,,active,
003227,02,Civil,25/07/2025,02/11/2025,DISPOSED,100
002023,11,Criminal ,25/05/2026,08/08/2026,disposed,75
003944,03,CRIMINAL,15/01/2026,27/04/2026,disposed,102
001881,06,YOUTH,16/03/2025,04/08/2025,Disposed,141
001723,12,civil,15/07/2024,19/09/2024,DISPOSED,N/A
005139,12, Civil,04/01/2025,17/07/2026,DISPOSED,N/A
004634,05,Family Court,13/02/2026,,active,
001746,11,CRIMINAL,29/10/2024,20/04/2025,DISPOSED,173
002692,10,Civil,24/11/2024,11/04/2025,Disposed,138
002941,07,criminal,27/09/2024,13/12/2024,disposed,77
004432,12,Family Court,03/12/2025,,active,
004156,06,Youth,28/06/2025,18/10/2025,DISPOSED,112
003871,01,YOUTH,29/01/2025,20/05/2025,Disposed,111
004600,12,Family,22/12/2025,22/07/2026,Disposed,212
001014,03,criminal,25/10/2025,02/03/2026,DISPOSED,128
002149,09,Crim,07/08/2025,10/10/2025,disposed,64
004135,09,Youth,26/07/2024,05/10/2024,disposed,71
003207,03,YOUTH,09/11/2024,03/10/2025,DISPOSED,328
002727,08,Criminal,14/04/2026,,Active ,
001091,10,Fam,26/08/2024,28/01/2025,DISPOSED,155
002820,07,Civil,13/04/2025,29/10/2025,DISPOSED,199
003146,11,Criminal,28/06/2026,,Active,
002993,05,Criminal ,19/04/2026,,Active,
005040,01,Family,22/04/2025,21/06/2026,DISPOSED,425
001743,05,criminal,28/04/2026,,active,
003108,07,Family Court,04/08/2025,,ACTIVE,
003579,06,Civil,22/02/2026,,Active,
001984,07, Civil,09/07/2025,29/08/2025,Disposed,51
001776,01,Civil,27/10/2024,27/12/2024,Disposed,61
002338,04,youth,16/09/2024,31/10/2024,DISPOSED,45
002849,08, Family,28/08/2025,,ACTIVE,
001385,07,FAMILY,23/10/2025,,Active,
004166,01,FAMILY,15/06/2026,,active,
003460,09, Civil,22/07/2025,21/08/2025,disposed,30
001834,03,CRIMINAL,05/02/2026,02/04/2026,disposed,56
004551,10,Criminal ,28/07/2025,16/11/2025,disposed,111
005118,09,Civil,25/08/2024,10/12/2024,disposed,107
001190,02,Criminal ,21/06/2026,14/08/2026,disposed,54
004476,01,CRIMINAL,14/03/2025,29/07/2025,disposed,137
003869,07,criminal,12/01/2026,,Active ,
005012,01,Fam,16/08/2024,31/12/2024,disposed,137
004869,01,youth,09/08/2025,25/09/2025,disposed,47
003442,12,Fam,15/03/2025,14/02/2026,Disposed,336
004134,02,CRIMINAL,16/03/2026,28/06/2026,Disposed,104
002294,04,CRIMINAL,01/09/2024,16/12/2024,Disposed,106
003636,05, Family,03/12/2024,06/11/2025,DISPOSED,338
001232,12,Criminal,29/11/2024,17/07/2025,Disposed,230
004063,10,youth,16/05/2025,09/06/2025,disposed,24
004655,04,CIVIL,03/09/2024,28/11/2024,DISPOSED,86
001323,10,criminal,24/01/2026,10/08/2026,DISPOSED,198
004856,03,CRIMINAL,25/09/2024,02/03/2025,Disposed,128
003150,10,family,28/02/2026,29/06/2026,Disposed,121
004213,06,CRIMINAL,17/03/2026,11/05/2026,disposed,55
001704,11,Fam,17/11/2025,06/06/2026,disposed,201
003180,04,Criminal,08/10/2024,14/12/2024,Disposed,67
001041,08,Yth,09/06/2025,20/03/2026,disposed,284
004059,10,CRIMINAL,24/04/2025,03/09/2025,DISPOSED,132
004726,08,FAMILY,12/11/2025,,Active,
004908,05,Family,08/07/2024,28/07/2025,Disposed,385
001960,01,Crim,24/04/2026,,active,
004017,01,Fam,12/05/2026,11/08/2026,DISPOSED,91
003470,10,Youth ,28/10/2024,19/11/2024,Disposed,22 
004870,08, Family,05/01/2026,,ACTIVE,
004070,04,Civil,27/06/2026,,Active ,
001139,10,Family Court,21/09/2024,03/04/2025,Disposed,194
002793,08,Crim,05/07/2025,26/04/2026,DISPOSED,295
003211,13,Family,27/04/2025,24/12/2025,Disposed,241
001302,10,CIVIL,17/08/2024,08/10/2024,Disposed,52
001787,02,youth,15/04/2026,22/06/2026,DISPOSED,68
003779,05, Family,30/09/2025,,Active,
002739,11,Youth,24/08/2025,21/12/2025,disposed,119
003259,04, Civil,04/05/2026,,ACTIVE,
001617,04,Criminal,09/08/2025,18/02/2026,DISPOSED,193
003360,04,youth,02/10/2025,30/01/2026,Disposed,120
004884,01,Family ,24/06/2025,,ACTIVE,
002470,11,criminal,22/05/2025,12/07/2025,DISPOSED,51
002786,05,family,06/02/2026,,ACTIVE,
005023,12,Family ,30/01/2026,,active,
004369,04,Family Court,05/07/2024,08/12/2024,DISPOSED,156
001636,05,Criminal,13/09/2024,04/02/2025,disposed,144
001811,04,family,27/06/2026,,ACTIVE,
003665,10,Family ,11/09/2024,17/03/2025,Disposed,187
004332,04,Criminal,25/02/2025,19/06/2025,DISPOSED,114
003543,02,Criminal ,12/10/2025,30/11/2025,Disposed,49
004851,07, Civil,28/02/2026,07/05/2026,Disposed,68
004352,04,criminal,03/09/2024,18/03/2025,DISPOSED,196
002956,03,CIVIL,10/03/2025,30/10/2025,Disposed,234
003224,03,Criminal ,05/12/2025,12/02/2026,Disposed,69
003659,07,Civil,22/09/2025,18/04/2026,Disposed,208
005183,04, Civil,31/07/2025,08/11/2025,Disposed,100
004840,10,civil,31/07/2025,10/05/2026,Disposed,283
001469,04,youth,18/06/2026,11/08/2026,disposed,54
001256,02,criminal,21/08/2024,29/11/2024,disposed,100
002481,03,civil,14/01/2025,15/11/2025,DISPOSED,305
004972,10,CRIMINAL,21/05/2025,19/06/2025,disposed,29
004198,11,Criminal ,27/11/2024,24/03/2025,DISPOSED,117
001615,07, Civil,16/10/2025,26/08/2026,DISPOSED,314
002175,12,Yth,25/03/2025,31/12/2025,disposed,281
001580,10,Civil,23/07/2025,22/09/2025,DISPOSED,61
003325,08,criminal,16/05/2025,01/07/2026,DISPOSED,411
004505,03,Youth,29/07/2025,04/10/2025,DISPOSED,67
001741,04,Crim,09/04/2025,25/06/2025,disposed,77
004467,10,Family ,18/01/2025,02/05/2025,Disposed,N/A
003911,09,YOUTH,10/06/2026,03/07/2026,Disposed,23
003095,09,Family Court,08/07/2024,08/11/2024,DISPOSED,123
004674,06,CIVIL,21/07/2024,08/11/2024,Disposed,110
005121,12,youth,18/04/2025,30/05/2025,disposed,42
004939,02,criminal,10/03/2026,07/06/2026,Disposed,89
003290,10,Criminal,07/03/2025,24/08/2025,DISPOSED,170
005027,09,Fam,20/09/2025,21/02/2026,disposed,154
001332,06,Criminal ,20/09/2025,11/07/2026,DISPOSED,294
003728,08,Civil,03/08/2024,04/05/2025,disposed,274
004098,12,Family ,16/11/2024,31/07/2025,DISPOSED,257
002261,11,Civil,09/03/2026,,Active ,
001307,02,family,16/12/2025,23/02/2026,Disposed, 69
002986,02,FAMILY,27/07/2024,31/12/2024,Disposed,157
002358,08,Criminal,22/11/2025,05/08/2026,Disposed,256
003412,11,Fam,17/04/2026,,Active ,
003576,08,CIVIL,27/09/2024,20/11/2025,Disposed,419
004863,11, Civil,22/06/2026,,Active,
001391,04,Criminal ,15/02/2025,09/04/2025,Disposed,53
003181,04,Crim,04/10/2025,25/03/2026,Disposed,  172  
003874,03,CIVIL,24/10/2025,04/02/2026,DISPOSED,103
003949,04,Crim,22/12/2025,15/07/2026,Disposed,205
001979,06,Crim,15/06/2026,,Active,
005188,02,civil,02/08/2024,06/12/2024,DISPOSED,126
002691,10,family,21/01/2025,10/06/2025,Disposed,140
002587,11,civil,01/08/2024,16/01/2025,disposed,  168  
001410,10,Crim,16/11/2024,26/01/2025,DISPOSED,71
004424,10,Criminal ,08/11/2025,28/01/2026,DISPOSED,81
005117,04,family,20/07/2024,14/11/2024,Disposed,127
004399,07,CRIMINAL,25/11/2025,17/05/2026,disposed,173
002128,05,CIVIL,27/03/2026,,Active ,
004191,06,Youth ,07/01/2026,01/04/2026,disposed,84
003723,13, Family,22/06/2025,27/12/2025,Disposed,188
002400,04,Criminal,07/10/2024,19/05/2025,disposed,224
001779,12,Criminal ,24/03/2026,18/06/2026,Disposed,86
004662,04, Family,20/04/2026,,ACTIVE,
003289,05,CRIMINAL,27/10/2025,28/02/2026,Disposed,124
005153,03,CRIMINAL,09/06/2026,24/07/2026,disposed,45
003939,11,Civil,05/08/2025,24/12/2025,DISPOSED,141
004622,11,youth,20/04/2026,,Active,
004475,01, Family,04/06/2025,09/03/2026,DISPOSED,278
003097,11,Criminal ,03/06/2026,,ACTIVE,
003423,04,Civil,16/01/2026,19/07/2026,Disposed,184
004660,01,criminal,10/07/2025,19/10/2025,Disposed,101
002436,02,CIVIL,28/01/2026,28/08/2026,disposed,212
002035,09,Criminal,20/06/2025,08/11/2025,DISPOSED,141
001361,04,Youth ,02/03/2026,13/04/2026,Disposed,42
003842,05,criminal,19/04/2025,18/08/2026,disposed,486
004361,06,YOUTH,14/03/2025,02/04/2026,Disposed,384
001839,06,Civil,27/11/2024,30/03/2025,disposed,123
003764,05, Civil,02/04/2026,,ACTIVE,
001642,05,Family Court,11/08/2024,20/09/2024,Disposed,40
002210,05,criminal,05/07/2025,10/11/2025,Disposed,128
005025,05,CRIMINAL,29/11/2024,28/02/2025,Disposed,91
001623,09,criminal,12/11/2024,29/09/2025,disposed,321
004701,04,Criminal ,31/05/2026,,ACTIVE,
003591,12, Civil,25/11/2024,26/04/2025,DISPOSED,152
001695,04,Criminal ,15/07/2024,29/12/2024,Disposed,167
001465,05, Civil,15/04/2026,,Active,
004947,04,Criminal,26/07/2024,12/09/2024,DISPOSED,48
004280,01,Family ,30/11/2024,04/04/2025,DISPOSED,125
003925,08,Family,19/11/2025,,ACTIVE,
002819,09,CRIMINAL,04/04/2025,26/05/2025,disposed,52
003082,10,Family Court,25/03/2026,21/06/2026,DISPOSED,88
002585,06, Civil,08/10/2025,,ACTIVE,
001842,03,CIVIL,20/11/2025,07/06/2026,DISPOSED,N/A
001327,07,CRIMINAL,28/12/2024,02/06/2025,Disposed,156
001279,11,Crim,13/11/2025,,Active ,
001847,10,Criminal ,30/06/2026,,Active ,
004969,07,Fam,17/07/2025,05/06/2026,DISPOSED,323
002636,04,CIVIL,21/05/2026,,active,
003533,04,Fam,30/11/2024,29/06/2025,disposed,211
004858,09,Fam,15/05/2025,29/07/2025,DISPOSED,75
001144,11,Family ,01/01/2025,24/10/2025,DISPOSED,296
003577,10,Fam,11/09/2025,19/07/2026,Disposed,311
003623,04,criminal,05/07/2025,27/08/2025,disposed,53
002043,10,Crim,13/07/2024,06/10/2024,disposed,85
002919,06,Crim,30/11/2024,,Active,
001314,01,family,12/07/2025,07/12/2025,disposed,148
002664,09,Criminal,24/03/2026,18/07/2026,Disposed,116
003780,12,civil,24/05/2025,15/09/2025,Disposed,114
001038,01,CIVIL,10/05/2026,,Active,
001882,07,criminal,11/10/2024,,ACTIVE,
003724,05, Civil,26/06/2026,,ACTIVE,
001876,05,Criminal ,06/03/2026,,active,
001471,07,civil,06/10/2025,28/05/2026,disposed,234
004891,06,CIVIL,28/09/2024,18/05/2025,DISPOSED,232
004665,06,CIVIL,17/07/2024,,Active ,
005186,06,civil,11/11/2025,26/01/2026,disposed,76
002973,05,FAMILY,24/03/2026,,Active,
004155,09,criminal,09/06/2026,,Active,
004162,10, Civil,11/10/2024,,Active ,
004126,06,Youth ,26/12/2025,13/05/2026,Disposed,138
002971,02, Family,31/05/2025,,Active,
002487,09,CRIMINAL,03/07/2024,19/08/2024,Disposed,47
005129,11,youth,07/09/2024,09/11/2024,Disposed,63
004377,06,Criminal,23/09/2025,,Active ,
001874,04,Fam,03/10/2025,12/02/2026,disposed,122
004839,01,Family Court,19/07/2025,11/11/2025,disposed,115
003736,07,Youth ,29/07/2025,02/04/2026,DISPOSED,247
002020,04,Crim,10/02/2026,25/03/2026,DISPOSED,43
004362,04,Criminal ,07/08/2024,18/12/2024,Disposed, 133
002369,04, Civil,06/08/2025,02/10/2025,DISPOSED,57
003358,11,civil,15/02/2025,30/10/2025,disposed,257
005185,09,Youth,14/11/2025,08/01/2026,disposed,55
004540,05,Family ,13/06/2025,04/04/2026,Disposed,295
004396,08,family,15/03/2026,,active,
002007,03,Criminal,04/10/2025,30/01/2026,Disposed,118
003187,03,Criminal ,25/06/2025,04/12/2025,disposed,162
001082,06,Family,10/07/2024,28/09/2024,DISPOSED,80
002135,01,youth,23/08/2025,21/10/2025,Disposed,59
002074,10,Crim,27/10/2025,30/12/2025,Disposed,64
001939,09,CIVIL,16/08/2024,14/01/2025,Disposed,151
001936,05,CRIMINAL,01/03/2025,22/06/2025,Disposed,N/A
001472,12, Civil,25/11/2024,10/11/2025,Disposed,350
003922,11,Family,04/04/2026,,active,
004675,03,YOUTH,27/10/2024,18/03/2025,DISPOSED,142
003237,01,criminal,17/10/2025,30/06/2026,disposed,256
003250,02,Family,20/09/2024,21/09/2025,DISPOSED,366
001461,06,Criminal,21/09/2024,31/12/2024,DISPOSED,101
003031,06,CRIMINAL,10/07/2025,,ACTIVE,
004638,04,youth,02/04/2026,24/06/2026,DISPOSED,83
001166,07,criminal,28/03/2025,12/06/2025,DISPOSED,76
004071,03,Civil,18/10/2025,24/04/2026,disposed,188
003444,03,Criminal,08/01/2026,,Active,
004320,07,YOUTH,24/06/2025,24/11/2025,DISPOSED,153
004623,08,Civil,15/12/2025,28/07/2026,DISPOSED,225
